sample_id,field_ID,water_factor,skeleton,fine_earth_kgdm3,fine_earth_g,bulkdensity_gcm3,soil_moisture,class,road_class,urbimpact,profile_info,P_HNO3total_40_gkg,P_HNO3total_105_gkg,P_total_HNO3_gm2,P_HNO3total_105_mgkg,p_total_multiacid_40_mgkg,p_total_multiacid_105_mgkg,p_total_multiacid_105_gkg,p_total_multiacid_gm2,P_total_HNO3_gm2_pred,P_total_HNO3_gm2_filled,exch_Ca_stocks_gm2,exch_ca_105_cmolkg,ECEC_105,pH,SOCf_gkg,SOC_kgm2,C_N,farms,p_available_40_gkg,p_SOM_40_gkg,p_Ca_40_gkg,p_OCC_40_gkg,pavail_status,psom_status,pca_status,pocc_status,pavail_ge_loq,psom_ge_loq,pca_ge_loq,pocc_ge_loq,p_available_40_gkg_q,p_SOM_40_gkg_q,p_Ca_40_gkg_q,p_OCC_40_gkg_q,n_fractions_ge_loq,all4_ge_loq,frac_ge_loq_list,p_available_105_gkg,p_available_105_mgkg,p_available_gm2,p_available_gm2_lod0,p_SOM_105_gkg,p_SOM_105_mgkg,p_SOM_gm2,p_SOM_gm2_lod0,p_Ca_105_gkg,p_Ca_105_mgkg,p_Ca_gm2,p_Ca_gm2_lod0,p_OCC_105_gkg,p_OCC105_mgkg,p_OCC_gm2,p_OCC_gm2_lod0,p_avail_pct_HNO3,p_SOM_pct_HNO3,p_Ca_pct_HNO3,p_OCC_pct_HNO3,p_sum_pct_HNO3,flag_over100,p_EXT_total_gkg,p_EXT_total_gm2,p_EXT_total_gm2_lod0,p_avail_PERCENT_sumtotalP,p_avail_PERCENT_sumtotalP_lod0,p_SOM_PERCENT_sumtotalP,p_SOM_PERCENT_sumtotalP_lod0,p_Ca_PERCENT_sumtotalP,p_Ca_PERCENT_sumtotalP_lod0,p_OCC_PERCENT_sumtotalP,p_OCC_PERCENT_sumtotalP_lod0
1,abira 1a,1.015,11.32,1.13,289.3931509,1.28,1.498601143,Short-duration,High-intensity,Mild,,0.218801315,0.222080274,25.09507096,222.080274,NA,NA,NA,NA,NA,25.09507096,114.001064,4.765145413,6.44,5.5,17.72,2.01,11.61,abira1,0.005421941,NA,0.01956439,0.077082543,LOD–LOQ,NA,>=LOQ,>=LOQ,FALSE,FALSE,TRUE,TRUE,NA,NA,0.01956439,0.077082543,2,FALSE,PCa+POCC,0.00550327,5.503270115,0.621869523,0.621869523,NA,NA,NA,NA,0.019857856,19.85785585,2.243937711,2.243937711,0.078238781,78.23878115,8.840982269,8.840982269,2.478054451,NA,8.941746825,35.22995525,46.64975652,FALSE,0.103599907,11.7067895,11.7067895,5.312041553,5.312041553,NA,NA,19.16783171,19.16783171,75.52012673,75.52012673
2,abira 1b,1.02,24.07,0.85,218.001346,1.12,1.967260325,Short-duration,High-intensity,Mild,,NA,NA,NA,NA,391,398.82,0.39882,33.8997,32.37105586,32.37105586,201.0585044,11.15626378,14.43,6.39,31.32,2.68,9.8,abira1,NA,NA,NA,NA,NA,NA,NA,NA,NA,NA,NA,NA,NA,NA,NA,NA,NA,NA,NA,NA,NA,NA,NA,NA,NA,NA,NA,NA,NA,NA,NA,NA,NA,NA,NA,NA,NA,NA,NA,0,FALSE,0,0,0,NA,NA,NA,NA,NA,NA,NA,NA
3,abira 1c,1.011,14.78,1.2,305.5182212,1.4,1.090533598,Short-duration,High-intensity,Mild,,NA,NA,NA,NA,NA,NA,NA,NA,NA,NA,79.52402647,3.148594599,4.84,4.99,14.67,1.76,12.65,abira1,NA,NA,NA,NA,NA,NA,NA,NA,NA,NA,NA,NA,NA,NA,NA,NA,NA,NA,NA,NA,NA,NA,NA,NA,NA,NA,NA,NA,NA,NA,NA,NA,NA,NA,NA,NA,NA,NA,NA,0,FALSE,0,0,0,NA,NA,NA,NA,NA,NA,NA,NA
4,abira 2a,1.007,13.02,1.29,328.7181305,1.48,0.736761771,Short-duration,High-intensity,Mild,,0.115711575,0.116564093,15.036768,116.564093,NA,NA,NA,NA,NA,15.036768,42.68108356,1.5706061,2.9,4.93,9.1,1.17,13.37,abira2,0.005265507,NA,0.007074961,0.074079187,LOD–LOQ,NA,LOD–LOQ,>=LOQ,FALSE,FALSE,FALSE,TRUE,NA,NA,NA,0.074079187,1,FALSE,POCC,0.005302366,5.302365549,0.684005156,0.684005156,NA,NA,NA,NA,0.007124486,7.124485727,0.919058659,0.919058659,0.074597741,74.59774131,9.623108629,9.623108629,4.548884148,NA,6.112075806,63.99718763,74.65814759,FALSE,0.087024593,11.22617244,11.22617244,6.09295073,6.09295073,NA,NA,8.186749878,8.186749878,85.72029939,85.72029939
5,abira 2b,1.009,9.71,1.39,353.7131931,1.53,0.937710816,Short-duration,High-intensity,Mild,,NA,NA,NA,NA,NA,NA,NA,NA,NA,NA,91.2361859,3.120120481,4.67,6.06,12.27,1.7,11.53,abira2,NA,NA,NA,NA,NA,NA,NA,NA,NA,NA,NA,NA,NA,NA,NA,NA,NA,NA,NA,NA,NA,NA,NA,NA,NA,NA,NA,NA,NA,NA,NA,NA,NA,NA,NA,NA,NA,NA,NA,0,FALSE,0,0,0,NA,NA,NA,NA,NA,NA,NA,NA
6,abira 2c,1.007,13.09,1.29,329.2775362,1.48,0.690136302,Short-duration,High-intensity,Mild,,NA,NA,NA,NA,NA,NA,NA,NA,NA,NA,76.0556012,2.793988421,3.76,5.29,13.05,1.68,13.77,abira2,NA,NA,NA,NA,NA,NA,NA,NA,NA,NA,NA,NA,NA,NA,NA,NA,NA,NA,NA,NA,NA,NA,NA,NA,NA,NA,NA,NA,NA,NA,NA,NA,NA,NA,NA,NA,NA,NA,NA,0,FALSE,0,0,0,NA,NA,NA,NA,NA,NA,NA,NA
7,abira 3a,1.011,27.7,1.01,257.0399874,1.39,1.08543914,Short-duration,High-intensity,Mild,,0.265611841,0.268494896,27.1179845,268.494896,NA,NA,NA,NA,NA,27.1179845,107.9098314,5.078270432,6.7,6.63,12.72,1.28,12.14,abira3,NA,NA,NA,NA,NA,NA,NA,NA,NA,NA,NA,NA,NA,NA,NA,NA,NA,NA,NA,NA,NA,NA,NA,NA,NA,NA,NA,NA,NA,NA,NA,NA,NA,NA,NA,NA,NA,NA,NA,0,FALSE,0,0,0,NA,NA,NA,NA,NA,NA,NA,NA
8,abira 3b,1.029,26.27,1.06,269.9677501,1.42,2.853025937,Short-duration,High-intensity,Mild,,0.281635615,0.289670752,30.70509971,289.670752,NA,NA,NA,NA,NA,30.70509971,110.4051042,4.946895845,6.95,5.79,17.99,1.9,11.2,abira3,0.009932805,NA,0.018418374,0.11326225,LOD–LOQ,NA,>=LOQ,>=LOQ,FALSE,FALSE,TRUE,TRUE,NA,NA,0.018418374,0.11326225,2,FALSE,PCa+POCC,0.010220856,10.22085635,1.083410773,1.083410773,NA,NA,NA,NA,0.018952507,18.95250685,2.008965726,2.008965726,0.116546855,116.5468553,12.35396666,12.35396666,3.528439193,NA,6.542775449,40.23425025,50.30546489,FALSE,0.145720218,15.44634315,15.44634315,7.014027603,7.014027603,NA,NA,13.0060928,13.0060928,79.97987959,79.97987959
9,abira 3c,1.019,30.19,1.06,270.8683763,1.51,1.864973594,Short-duration,High-intensity,Mild,,NA,NA,NA,NA,NA,NA,NA,NA,NA,NA,84.48269191,3.772810055,5.36,5.85,12.66,1.34,12.78,abira3,NA,NA,NA,NA,NA,NA,NA,NA,NA,NA,NA,NA,NA,NA,NA,NA,NA,NA,NA,NA,NA,NA,NA,NA,NA,NA,NA,NA,NA,NA,NA,NA,NA,NA,NA,NA,NA,NA,NA,0,FALSE,0,0,0,NA,NA,NA,NA,NA,NA,NA,NA
10,aduabeng 1a(OFF GRID),1.013,45.24,0.74,188.7684717,1.34,1.282803361,Short-duration,Low-intensity,Weak,,0.246315286,0.249475026,18.46115192,249.475026,NA,NA,NA,NA,NA,18.46115192,95.81368661,6.139791069,8.76,6.06,19,1.41,9.94,aduabeng1,0.007774569,0.007382053,0.038350974,0.173316144,LOD–LOQ,<LOD,>=LOQ,>=LOQ,FALSE,FALSE,TRUE,TRUE,NA,NA,0.038350974,0.173316144,2,FALSE,PCa+POCC,0.007875638,7.875638397,0.582797241,0.582797241,0.00747802,7.478019689,0.553373457,0,0.038849537,38.84953666,2.874865713,2.874865713,0.175569253,175.5692534,12.99212475,12.99212475,3.156884488,2.997502319,15.57251533,70.37548254,92.10238467,FALSE,0.229772448,17.00316116,16.4497877,3.427581706,3.542886096,3.2545328,0,16.90783076,17.47661286,76.41005473,78.98050105
11,aduabeng 1b(OFF GRID),1.017,41.33,0.73,187.0270107,1.24,1.717927945,Short-duration,Low-intensity,Weak,,NA,NA,NA,NA,NA,NA,NA,NA,NA,NA,174.9632283,11.31613064,15.05,6.75,26.99,1.98,9.11,aduabeng1,NA,NA,NA,NA,NA,NA,NA,NA,NA,NA,NA,NA,NA,NA,NA,NA,NA,NA,NA,NA,NA,NA,NA,NA,NA,NA,NA,NA,NA,NA,NA,NA,NA,NA,NA,NA,NA,NA,NA,0,FALSE,0,0,0,NA,NA,NA,NA,NA,NA,NA,NA
12,aduabeng 1c(OFF GRID),1.019,29.62,1.01,258.564865,1.43,1.862254192,Short-duration,Low-intensity,Weak,,0.309984449,0.315757147,31.89147185,315.757147,NA,NA,NA,NA,NA,31.89147185,183.9037922,8.60352997,11.71,6.56,23.82,2.41,10.09,aduabeng1,NA,NA,NA,NA,NA,NA,NA,NA,NA,NA,NA,NA,NA,NA,NA,NA,NA,NA,NA,NA,NA,NA,NA,NA,NA,NA,NA,NA,NA,NA,NA,NA,NA,NA,NA,NA,NA,NA,NA,0,FALSE,0,0,0,NA,NA,NA,NA,NA,NA,NA,NA
13,aduabeng 2a(OFF GRID),1.01,23.46,1.21,308.3705464,1.58,0.979164071,Short-duration,Low-intensity,Weak,,NA,NA,NA,NA,NA,NA,NA,NA,NA,NA,70.57249131,2.768331283,4.06,4.87,13.79,1.67,10.4,aduabeng2,NA,NA,NA,NA,NA,NA,NA,NA,NA,NA,NA,NA,NA,NA,NA,NA,NA,NA,NA,NA,NA,NA,NA,NA,NA,NA,NA,NA,NA,NA,NA,NA,NA,NA,NA,NA,NA,NA,NA,0,FALSE,0,0,0,NA,NA,NA,NA,NA,NA,NA,NA
14,aduabeng 2b(OFF GRID),1.014,0.49,1.34,341.2537948,1.34,1.43183907,Short-duration,Low-intensity,Weak,,0.257461755,0.261148193,34.99385786,261.148193,NA,NA,NA,NA,NA,34.99385786,131.7568322,4.670368589,6.21,5.51,15.57,2.08,9.92,aduabeng2,0.003820698,0.005943059,6.80E-05,0.191259004,LOD–LOQ,<LOD,<LOD,>=LOQ,FALSE,FALSE,FALSE,TRUE,NA,NA,NA,0.191259004,1,FALSE,POCC,0.003874188,3.874187772,0.519141161,0.519141161,0.006026262,6.026261826,0.807519085,0,6.89E-05,0.068933444,0.009237081,0,0.19393663,193.9366301,25.98750843,25.98750843,1.483520804,2.307602345,0.026396294,74.26305648,78.08057592,FALSE,0.203906013,27.32340576,26.50664959,1.899987015,1.958531801,2.955411532,0,0.033806479,0,95.11079497,98.0414682
15,aduabeng 2c(OFF GRID),1.021,2.08,1.32,337.7308421,1.35,2.051680526,Short-duration,Low-intensity,Weak,,NA,NA,NA,NA,NA,NA,NA,NA,NA,NA,87.78463185,3.144150101,4.43,4.97,14.9,1.97,10.11,aduabeng2,NA,NA,NA,NA,NA,NA,NA,NA,NA,NA,NA,NA,NA,NA,NA,NA,NA,NA,NA,NA,NA,NA,NA,NA,NA,NA,NA,NA,NA,NA,NA,NA,NA,NA,NA,NA,NA,NA,NA,0,FALSE,0,0,0,NA,NA,NA,NA,NA,NA,NA,NA
16,aduabeng 3a(OFF GRID),1.01,12.56,1.19,303.8351903,1.36,1.021872965,Short-duration,Low-intensity,Weak,,0.215914915,0.218121291,25.95643363,218.121291,NA,NA,NA,NA,NA,25.95643363,78.47719762,3.124358894,4.3,5.48,13.14,1.57,10.84,aduabeng3,NA,NA,NA,NA,NA,NA,NA,NA,NA,NA,NA,NA,NA,NA,NA,NA,NA,NA,NA,NA,NA,NA,NA,NA,NA,NA,NA,NA,NA,NA,NA,NA,NA,NA,NA,NA,NA,NA,NA,0,FALSE,0,0,0,NA,NA,NA,NA,NA,NA,NA,NA
17,aduabeng 3b(OFF GRID),1.017,5.4,1.28,326.2792054,1.35,1.667527235,Short-duration,Low-intensity,Weak,,NA,NA,NA,NA,NA,NA,NA,NA,NA,NA,143.3471509,5.314411405,6.99,5.87,15.78,2.02,9.9,aduabeng3,NA,NA,NA,NA,NA,NA,NA,NA,NA,NA,NA,NA,NA,NA,NA,NA,NA,NA,NA,NA,NA,NA,NA,NA,NA,NA,NA,NA,NA,NA,NA,NA,NA,NA,NA,NA,NA,NA,NA,0,FALSE,0,0,0,NA,NA,NA,NA,NA,NA,NA,NA
18,aduabeng 3c(OFF GRID),1.03,41.79,0.88,224.7166417,1.49,3.040877742,Short-duration,Low-intensity,Weak,,0.213184073,0.21966674,19.33067312,219.66674,NA,NA,NA,NA,NA,19.33067312,22.92156755,1.233856293,2.42,4.95,10.16,0.89,11.35,aduabeng3,0.004786466,0.003613061,NA,0.099441271,LOD–LOQ,<LOD,NA,>=LOQ,FALSE,FALSE,FALSE,TRUE,NA,NA,NA,0.099441271,1,FALSE,POCC,0.004930059,4.930059465,0.433845233,0.433845233,0.003721453,3.72145283,0.327487849,0,NA,NA,NA,NA,0.102424509,102.4245091,9.013356803,9.013356803,2.244335881,1.694135776,NA,46.62722683,50.56569849,FALSE,0.111076021,9.774689885,9.447202036,4.438455215,4.592314542,3.350365617,0,NA,NA,92.21117917,95.40768546
19,adumanafo 1a,1.009,4.65,1.38,351.2398226,1.44,0.925344232,Short-duration,Low-intensity,Weak,,NA,NA,NA,NA,NA,NA,NA,NA,NA,NA,140.0505779,4.823215405,6.12,6.85,10.52,1.45,11.62,adumanafo1,NA,NA,NA,NA,NA,NA,NA,NA,NA,NA,NA,NA,NA,NA,NA,NA,NA,NA,NA,NA,NA,NA,NA,NA,NA,NA,NA,NA,NA,NA,NA,NA,NA,NA,NA,NA,NA,NA,NA,0,FALSE,0,0,0,NA,NA,NA,NA,NA,NA,NA,NA
20,adumanafo 1b,1.011,6.73,1.21,309.5245999,1.3,1.148664807,Short-duration,Low-intensity,Weak,,NA,NA,NA,NA,NA,NA,NA,NA,NA,NA,189.795113,7.417291659,9.57,6.87,17.53,2.13,10.82,adumanafo1,NA,NA,NA,NA,NA,NA,NA,NA,NA,NA,NA,NA,NA,NA,NA,NA,NA,NA,NA,NA,NA,NA,NA,NA,NA,NA,NA,NA,NA,NA,NA,NA,NA,NA,NA,NA,NA,NA,NA,0,FALSE,0,0,0,NA,NA,NA,NA,NA,NA,NA,NA
21,adumanafo 1c,1.01,4.84,1.43,364.5632859,1.5,0.96189446,Short-duration,Low-intensity,Weak,,0.133907534,0.135195583,19.33296837,135.195583,NA,NA,NA,NA,NA,19.33296837,91.07972405,3.022068317,4.03,5.56,11.36,1.62,10.72,adumanafo1,0.004027197,NA,0.016842217,0.069916292,LOD–LOQ,NA,>=LOQ,>=LOQ,FALSE,FALSE,TRUE,TRUE,NA,NA,0.016842217,0.069916292,2,FALSE,PCa+POCC,0.004067469,4.06746897,0.581648063,0.581648063,NA,NA,NA,NA,0.017010639,17.01063917,2.432521401,2.432521401,0.070615455,70.61545492,10.09801005,10.09801005,3.008581257,NA,12.58224477,52.23207249,67.82289852,FALSE,0.091693563,13.11217952,13.11217952,4.435937305,4.435937305,NA,NA,18.55161759,18.55161759,77.01244511,77.01244511
22,adumanafo 2a,1.008,13.69,1.3,331.5344367,1.5,0.77686148,Short-duration,Low-intensity,Weak,,0.183127454,0.184550101,23.99151313,184.550101,199,200.592,0.200592,26.07696,24.90106782,23.99151313,113.3834024,4.136912559,5.63,6.59,11.72,1.52,10.39,adumanafo2,0.004866517,NA,0.019068849,0.107095133,LOD–LOQ,NA,>=LOQ,>=LOQ,FALSE,FALSE,TRUE,TRUE,NA,NA,0.019068849,0.107095133,2,FALSE,PCa+POCC,0.004905449,4.905449136,0.637708388,0.637708388,NA,NA,NA,NA,0.0192214,19.22139979,2.498781973,2.498781973,0.107951894,107.9518941,14.03374623,14.03374623,2.658058223,NA,10.4152746,58.49462746,71.56796029,FALSE,0.132078743,17.17023659,17.17023659,3.714033784,3.714033784,NA,NA,14.5529851,14.5529851,81.73298111,81.73298111
23,adumanafo 2b,1.007,4,1.34,342.0140359,1.4,0.735631832,Short-duration,Low-intensity,Weak,,NA,NA,NA,NA,NA,NA,NA,NA,NA,NA,117.8429557,4.16787993,5.56,7.01,11.2,1.5,10.66,adumanafo2,NA,NA,NA,NA,NA,NA,NA,NA,NA,NA,NA,NA,NA,NA,NA,NA,NA,NA,NA,NA,NA,NA,NA,NA,NA,NA,NA,NA,NA,NA,NA,NA,NA,NA,NA,NA,NA,NA,NA,0,FALSE,0,0,0,NA,NA,NA,NA,NA,NA,NA,NA
24,adumanafo 2c,1.015,14.24,0.96,243.7665773,1.11,1.50284042,Short-duration,Low-intensity,Weak,,NA,NA,NA,NA,NA,NA,NA,NA,NA,NA,193.1680927,9.585543314,12.02,6.41,24.94,2.38,10.37,adumanafo2,NA,NA,NA,NA,NA,NA,NA,NA,NA,NA,NA,NA,NA,NA,NA,NA,NA,NA,NA,NA,NA,NA,NA,NA,NA,NA,NA,NA,NA,NA,NA,NA,NA,NA,NA,NA,NA,NA,NA,0,FALSE,0,0,0,NA,NA,NA,NA,NA,NA,NA,NA
25,adumanafo 3a,1.012,10.75,1.09,279.2404155,1.22,1.235345721,Short-duration,Low-intensity,Weak,,NA,NA,NA,NA,NA,NA,NA,NA,NA,NA,160.8726052,6.968821186,8.92,6.22,17.25,1.89,10.58,adumanafo3,NA,NA,NA,NA,NA,NA,NA,NA,NA,NA,NA,NA,NA,NA,NA,NA,NA,NA,NA,NA,NA,NA,NA,NA,NA,NA,NA,NA,NA,NA,NA,NA,NA,NA,NA,NA,NA,NA,NA,0,FALSE,0,0,0,NA,NA,NA,NA,NA,NA,NA,NA
26,adumanafo 3b,1.019,4.98,1.19,303.492419,1.25,1.874043855,Short-duration,Low-intensity,Weak,,0.273166865,0.278286132,33.11604971,278.286132,273,278.187,0.278187,33.104253,31.61147807,33.11604971,124.6208093,4.967046456,6.96,6.78,15.34,1.82,10.8,adumanafo3,0.015825995,NA,0.066867767,0.080127664,>=LOQ,NA,>=LOQ,>=LOQ,TRUE,FALSE,TRUE,TRUE,0.015825995,NA,0.066867767,0.080127664,3,FALSE,PPa+PCa+POCC,0.016126689,16.12668891,1.91907598,1.91907598,NA,NA,NA,NA,0.068138255,68.13825457,8.108452294,8.108452294,0.08165009,81.65008962,9.716360664,9.716360664,5.795002715,NA,24.48496232,29.34033724,59.62030228,FALSE,0.165915033,19.74388894,19.74388894,9.719847927,9.719847927,NA,NA,41.068162,41.068162,49.21199007,49.21199007
27,adumanafo 3c,1.027,8.05,1.29,328.0609997,1.4,2.685171453,Short-duration,Low-intensity,Weak,,NA,NA,NA,NA,NA,NA,NA,NA,NA,NA,154.5557023,5.698833003,7.23,6.14,15.61,2.01,10.57,adumanafo3,NA,NA,NA,NA,NA,NA,NA,NA,NA,NA,NA,NA,NA,NA,NA,NA,NA,NA,NA,NA,NA,NA,NA,NA,NA,NA,NA,NA,NA,NA,NA,NA,NA,NA,NA,NA,NA,NA,NA,0,FALSE,0,0,0,NA,NA,NA,NA,NA,NA,NA,NA
28,agric_ref 1a,1.015,17.49,1.01,258.436389,1.22,1.452431304,Long-duration,Low-intensity,Moderate,,NA,NA,NA,NA,NA,NA,NA,NA,NA,NA,57.26840622,2.68050693,4.44,4.82,19.97,2.02,13.68,agric1,NA,NA,NA,NA,NA,NA,NA,NA,NA,NA,NA,NA,NA,NA,NA,NA,NA,NA,NA,NA,NA,NA,NA,NA,NA,NA,NA,NA,NA,NA,NA,NA,NA,NA,NA,NA,NA,NA,NA,0,FALSE,0,0,0,NA,NA,NA,NA,NA,NA,NA,NA
29,agric_ref 1b,1.009,30.71,1.01,257.2756562,1.45,0.915105561,Long-duration,Low-intensity,Moderate,,0.23576005,0.237917503,24.0296678,237.917503,NA,NA,NA,NA,NA,24.0296678,25.13096985,1.181587958,2.25,4.59,11.12,1.12,13.66,agric1,0.005532893,NA,0.008533921,0.132815572,LOD–LOQ,NA,LOD–LOQ,>=LOQ,FALSE,FALSE,FALSE,TRUE,NA,NA,NA,0.132815572,1,FALSE,POCC,0.005582689,5.582689037,0.563851593,0.563851593,NA,NA,NA,NA,0.008610726,8.610726289,0.869683355,0.869683355,0.134010912,134.0109121,13.53510213,13.53510213,2.346481014,NA,3.619206734,56.32663022,62.29231797,FALSE,0.148204327,14.96863707,14.96863707,3.766886657,3.766886657,NA,NA,5.810037018,5.810037018,90.42307632,90.42307632
30,agric_ref 1c,1.013,34.06,0.86,219.3853239,1.3,1.337681136,Long-duration,Low-intensity,Moderate,,NA,NA,NA,NA,NA,NA,NA,NA,NA,NA,28.49947355,1.571392833,3.09,5.21,13.52,1.16,13.46,agric1,NA,NA,NA,NA,NA,NA,NA,NA,NA,NA,NA,NA,NA,NA,NA,NA,NA,NA,NA,NA,NA,NA,NA,NA,NA,NA,NA,NA,NA,NA,NA,NA,NA,NA,NA,NA,NA,NA,NA,0,FALSE,0,0,0,NA,NA,NA,NA,NA,NA,NA,NA
31,agric_ref 2a,1.019,12.39,1.28,327.185655,1.46,1.896276596,Long-duration,Low-intensity,Moderate,,NA,NA,NA,NA,NA,NA,NA,NA,NA,NA,36.76825628,1.359359358,2.99,4.71,12.85,1.65,14.95,agric2,NA,NA,NA,NA,NA,NA,NA,NA,NA,NA,NA,NA,NA,NA,NA,NA,NA,NA,NA,NA,NA,NA,NA,NA,NA,NA,NA,NA,NA,NA,NA,NA,NA,NA,NA,NA,NA,NA,NA,0,FALSE,0,0,0,NA,NA,NA,NA,NA,NA,NA,NA
32,agric_ref 2b,1.016,7.87,1.22,312.282739,1.33,1.57141603,Long-duration,Low-intensity,Moderate,,0.190814575,0.193813065,23.64519393,193.813065,NA,NA,NA,NA,NA,23.64519393,43.45878687,1.683391465,3.12,5.03,11.8,1.44,15.22,agric2,0.007450315,NA,0.008775139,0.12370341,LOD–LOQ,NA,LOD–LOQ,>=LOQ,FALSE,FALSE,FALSE,TRUE,NA,NA,NA,0.12370341,1,FALSE,POCC,0.00756952,7.56952004,0.923481445,0.923481445,NA,NA,NA,NA,0.008915541,8.915541224,1.087696029,1.087696029,0.125682665,125.6826646,15.33328508,15.33328508,3.9055778,NA,4.600072355,64.84736442,73.35301458,FALSE,0.142167726,17.34446255,17.34446255,5.324358954,5.324358954,NA,NA,6.271142886,6.271142886,88.40449816,88.40449816
33,agric_ref 2c,1.01,4.81,1.21,309.06747,1.27,0.974715958,Long-duration,Low-intensity,Moderate,,NA,NA,NA,NA,191,192.91,0.19291,23.34211,22.28954081,22.28954081,31.55421163,1.234978903,3.1,4.81,12.24,1.48,15.64,agric2,NA,NA,NA,NA,NA,NA,NA,NA,NA,NA,NA,NA,NA,NA,NA,NA,NA,NA,NA,NA,NA,NA,NA,NA,NA,NA,NA,NA,NA,NA,NA,NA,NA,NA,NA,NA,NA,NA,NA,0,FALSE,0,0,0,NA,NA,NA,NA,NA,NA,NA,NA
34,agric_ref 3a,1.009,9.67,1.27,324.2792488,1.41,0.897606383,Long-duration,Low-intensity,Moderate,,NA,NA,NA,NA,NA,NA,NA,NA,NA,NA,21.55469563,0.80404108,2.28,4.44,10.25,1.3,17.28,agric3,NA,NA,NA,NA,NA,NA,NA,NA,NA,NA,NA,NA,NA,NA,NA,NA,NA,NA,NA,NA,NA,NA,NA,NA,NA,NA,NA,NA,NA,NA,NA,NA,NA,NA,NA,NA,NA,NA,NA,0,FALSE,0,0,0,NA,NA,NA,NA,NA,NA,NA,NA
35,agric_ref 3b,1.01,16.68,1.05,267.5939522,1.26,0.977618421,Long-duration,Low-intensity,Moderate,,0.214629492,0.216727749,22.75641365,216.727749,NA,NA,NA,NA,NA,22.75641365,31.11378684,1.406475204,2.85,4.69,10.94,1.15,14.63,agric3,0.006258928,NA,0.008982326,0.088052084,LOD–LOQ,NA,LOD–LOQ,>=LOQ,FALSE,FALSE,FALSE,TRUE,NA,NA,NA,0.088052084,1,FALSE,POCC,0.006321517,6.32151728,0.663759314,0.663759314,NA,NA,NA,NA,0.009072149,9.07214926,0.952575672,0.952575672,0.088932605,88.93260484,9.337923508,9.337923508,2.91680106,NA,4.185965711,41.03424931,48.13701608,FALSE,0.104326271,10.95425849,10.95425849,6.059372387,6.059372387,NA,NA,8.695939326,8.695939326,85.24468829,85.24468829
36,agric_ref 3c,1.007,10.99,1.39,355.7719053,1.57,0.721837404,Long-duration,Low-intensity,Moderate,,NA,NA,NA,NA,NA,NA,NA,NA,NA,NA,15.96097894,0.542679451,1.67,4.75,8.54,1.19,18.83,agric3,NA,NA,NA,NA,NA,NA,NA,NA,NA,NA,NA,NA,NA,NA,NA,NA,NA,NA,NA,NA,NA,NA,NA,NA,NA,NA,NA,NA,NA,NA,NA,NA,NA,NA,NA,NA,NA,NA,NA,0,FALSE,0,0,0,NA,NA,NA,NA,NA,NA,NA,NA
37,agric_ref 4a,1.008,1.22,1.29,328.5636182,1.3,0.848049402,Long-duration,Low-intensity,Moderate,,NA,NA,NA,NA,NA,NA,NA,NA,NA,NA,23.61033571,0.869236974,2.19,4.26,11.07,1.43,17.49,agric4,NA,NA,NA,NA,NA,NA,NA,NA,NA,NA,NA,NA,NA,NA,NA,NA,NA,NA,NA,NA,NA,NA,NA,NA,NA,NA,NA,NA,NA,NA,NA,NA,NA,NA,NA,NA,NA,NA,NA,0,FALSE,0,0,0,NA,NA,NA,NA,NA,NA,NA,NA
38,agric_ref 4b,1.007,2.21,1.33,340.5995576,1.36,0.67834567,Long-duration,Low-intensity,Moderate,,0.127576335,0.128441743,17.08275182,128.441743,NA,NA,NA,NA,NA,17.08275182,22.54611513,0.800724547,1.82,4.97,8.12,1.08,17.7,agric4,0.00835923,NA,0.006741441,0.084993171,LOD–LOQ,NA,LOD–LOQ,>=LOQ,FALSE,FALSE,FALSE,TRUE,NA,NA,NA,0.084993171,1,FALSE,POCC,0.008417745,8.41774461,1.119560033,1.119560033,NA,NA,NA,NA,0.006788631,6.788631087,0.902887935,0.902887935,0.085588123,85.5881232,11.38322039,11.38322039,6.553745234,NA,5.285377579,66.63575345,78.47487627,FALSE,0.100794499,13.40566835,13.40566835,8.351392886,8.351392886,NA,NA,6.735120628,6.735120628,84.91348649,84.91348649
39,agric_ref 4c,1.009,7.7,1.31,333.914034,1.42,0.852305012,Long-duration,Low-intensity,Moderate,,NA,NA,NA,NA,NA,NA,NA,NA,NA,NA,32.85102813,1.190062569,2.35,4.46,8.72,1.14,15.79,agric4,NA,NA,NA,NA,NA,NA,NA,NA,NA,NA,NA,NA,NA,NA,NA,NA,NA,NA,NA,NA,NA,NA,NA,NA,NA,NA,NA,NA,NA,NA,NA,NA,NA,NA,NA,NA,NA,NA,NA,0,FALSE,0,0,0,NA,NA,NA,NA,NA,NA,NA,NA
40,agric_ref 5a,1.01,6.51,1.21,308.2971178,1.29,0.95131679,Long-duration,Low-intensity,Moderate,,NA,NA,NA,NA,NA,NA,NA,NA,NA,NA,94.58671857,3.711215695,4.78,5.01,13.61,1.64,16.92,agric5,NA,NA,NA,NA,NA,NA,NA,NA,NA,NA,NA,NA,NA,NA,NA,NA,NA,NA,NA,NA,NA,NA,NA,NA,NA,NA,NA,NA,NA,NA,NA,NA,NA,NA,NA,NA,NA,NA,NA,0,FALSE,0,0,0,NA,NA,NA,NA,NA,NA,NA,NA
41,agric_ref 5b,1.009,9.02,1.33,339.2535978,1.46,0.948081969,Long-duration,Low-intensity,Moderate,,0.237872389,0.240127614,31.93697266,240.127614,NA,NA,NA,NA,NA,31.93697266,69.20876375,2.467698694,3.31,5.32,10.24,1.36,14.61,agric5,0.030367414,NA,0.008864736,0.103506079,>=LOQ,NA,LOD–LOQ,>=LOQ,TRUE,FALSE,FALSE,TRUE,0.030367414,NA,NA,0.103506079,2,FALSE,PPa+POCC,0.030640721,30.64072073,4.075215857,4.075215857,NA,NA,NA,NA,0.008944519,8.944518624,1.189620977,1.189620977,0.104437634,104.4376337,13.89020528,13.89020528,12.76018206,NA,3.724902136,43.49255463,59.97763883,FALSE,0.144022873,19.15504212,19.15504212,21.27489896,21.27489896,NA,NA,6.210484789,6.210484789,72.51461625,72.51461625
42,agric_ref 5c,1.008,1.03,1.43,364.1224954,1.44,0.779271972,Long-duration,Low-intensity,Moderate,,NA,NA,NA,NA,NA,NA,NA,NA,NA,NA,26.92424495,0.894440641,2.34,4.53,9.23,1.32,15.21,agric5,NA,NA,NA,NA,NA,NA,NA,NA,NA,NA,NA,NA,NA,NA,NA,NA,NA,NA,NA,NA,NA,NA,NA,NA,NA,NA,NA,NA,NA,NA,NA,NA,NA,NA,NA,NA,NA,NA,NA,0,FALSE,0,0,0,NA,NA,NA,NA,NA,NA,NA,NA
43,agric_ref 6a,1.007,1.14,1.34,342.683872,1.36,0.71965104,Long-duration,Low-intensity,Moderate,,0.160582489,0.161738122,21.67290835,161.738122,NA,NA,NA,NA,NA,21.67290835,29.89264097,1.055178959,2.5,4.79,9.15,1.23,17.74,agric6,0.023244982,NA,0.006531756,0.072707585,>=LOQ,NA,LOD–LOQ,>=LOQ,TRUE,FALSE,FALSE,TRUE,0.023244982,NA,NA,0.072707585,2,FALSE,PPa+POCC,0.023407697,23.40769687,3.136631381,3.136631381,NA,NA,NA,NA,0.006577478,6.577478292,0.881382091,0.881382091,0.073216538,73.2165381,9.811016105,9.811016105,14.47259099,NA,4.066745805,45.26857193,63.80790873,FALSE,0.103201713,13.82902958,13.82902958,22.68150027,22.68150027,NA,NA,6.373419669,6.373419669,70.94508006,70.94508006
44,agric_ref 6b,1.008,12.83,1.2,306.3311732,1.38,0.815727221,Long-duration,Low-intensity,Moderate,,NA,NA,NA,NA,NA,NA,NA,NA,NA,NA,16.67242276,0.658359371,1.9,4.44,7.28,0.87,16.17,agric6,NA,NA,NA,NA,NA,NA,NA,NA,NA,NA,NA,NA,NA,NA,NA,NA,NA,NA,NA,NA,NA,NA,NA,NA,NA,NA,NA,NA,NA,NA,NA,NA,NA,NA,NA,NA,NA,NA,NA,0,FALSE,0,0,0,NA,NA,NA,NA,NA,NA,NA,NA
45,agric_ref 6c,1.01,6.85,1.28,326.9341157,1.37,1.020353692,Long-duration,Low-intensity,Moderate,,NA,NA,NA,NA,NA,NA,NA,NA,NA,NA,95.8652495,3.546961438,4.71,5.49,12.53,1.6,16.3,agric6,NA,NA,NA,NA,NA,NA,NA,NA,NA,NA,NA,NA,NA,NA,NA,NA,NA,NA,NA,NA,NA,NA,NA,NA,NA,NA,NA,NA,NA,NA,NA,NA,NA,NA,NA,NA,NA,NA,NA,0,FALSE,0,0,0,NA,NA,NA,NA,NA,NA,NA,NA
46,agric_ref 7a (abira),1.007,11.75,1.05,268.310094,1.19,0.655922379,RURAL,Reference,RURAL,,0.13692818,0.137826322,14.47176381,137.826322,NA,NA,NA,NA,NA,14.47176381,64.43345033,2.904891248,4.09,5.05,11.57,1.22,11.13,agric7,0.005978519,0.006658712,0.000194227,0.049945539,LOD–LOQ,<LOD,<LOD,>=LOQ,FALSE,FALSE,FALSE,TRUE,NA,NA,NA,0.049945539,1,FALSE,POCC,0.006020369,6.020368633,0.632138706,0.632138706,0.006705323,6.705322984,0.704058913,0,0.000195587,0.195586589,0.020536592,0,0.050295158,50.29515777,5.280991566,5.280991566,4.368083357,4.865052543,0.141908009,36.49169262,45.86673653,FALSE,0.063216436,6.637725778,5.913130273,9.523423046,10.69042415,10.6069298,0,0.30939199,0,79.56025517,89.30957585
47,agric_ref 7b (abira),1.009,26.82,0.85,217.5244398,1.16,0.92659024,RURAL,Reference,RURAL,,0.196416106,0.198236078,16.85006663,198.236078,197,198.773,0.198773,16.895705,16.1338245,16.85006663,83.01641833,4.616485067,7.63,6.81,13.72,1.17,12.46,agric7,0.014035733,NA,0.029671896,0.070709522,>=LOQ,NA,>=LOQ,>=LOQ,TRUE,FALSE,TRUE,TRUE,0.014035733,NA,0.029671896,0.070709522,3,FALSE,PPa+PCa+POCC,0.014162055,14.1620546,1.203774641,1.203774641,NA,NA,NA,NA,0.029938943,29.93894306,2.54481016,2.54481016,0.071345908,71.3459077,6.064402154,6.064402154,7.1440349,NA,15.1026712,35.99037492,58.23708102,FALSE,0.115446905,9.812986956,9.812986956,12.26715827,12.26715827,NA,NA,25.93308411,25.93308411,61.79975763,61.79975763
48,agric_ref 7c (abira),1.01,8.75,1.16,295.6697425,1.27,0.997821933,RURAL,Reference,RURAL,,0.101593562,0.102607285,11.90244506,102.607285,NA,NA,NA,NA,NA,11.90244506,95.43900929,3.90458194,6,5.96,16.45,1.91,13.38,agric7,0.005703714,0.004914084,0.000200426,0.05499391,LOD–LOQ,<LOD,<LOD,>=LOQ,FALSE,FALSE,FALSE,TRUE,NA,NA,NA,0.05499391,1,FALSE,POCC,0.005760751,5.76075114,0.668247132,0.668247132,0.004963225,4.96322484,0.575734081,0,0.00020243,0.20243026,0.02348191,0,0.055543849,55.5438491,6.443086496,6.443086496,5.614368551,4.837107658,0.19728644,54.13246155,64.7812242,FALSE,0.066470255,7.710549619,7.111333628,8.666660163,9.396931254,7.466835827,0,0.304542624,0,83.56196139,90.60306875
49,agric_ref 8a (abira),1.011,11.74,1.24,315.3759154,1.4,1.06669041,RURAL,Reference,RURAL,,0.12829596,0.12966448,16.07839552,129.66448,NA,NA,NA,NA,NA,16.07839552,61.88931755,2.373792052,3.54,5.54,10.46,1.29,15.04,agric8,0.010114428,NA,0.013228128,0.049092176,LOD–LOQ,NA,>=LOQ,>=LOQ,FALSE,FALSE,TRUE,TRUE,NA,NA,0.013228128,0.049092176,2,FALSE,PCa+POCC,0.010225687,10.22568671,1.267985152,1.267985152,NA,NA,NA,NA,0.013373637,13.37363741,1.658331039,1.658331039,0.04963219,49.63218994,6.154391552,6.154391552,7.8862667,NA,10.31403312,38.27739866,56.47769848,FALSE,0.073231514,9.080707742,9.080707742,13.96350579,13.96350579,NA,NA,18.26213425,18.26213425,67.77435996,67.77435996
50,agric_ref 8b (abira),1.007,13.63,1.25,319.8948196,1.45,0.69872354,RURAL,Reference,RURAL,,0.107242058,0.107991383,13.49892288,107.991383,126,126.882,0.126882,15.86025,15.14506142,13.49892288,15.1786422,0.57395946,1.95,4.39,8.2,1.03,13.88,agric8,0.000112171,0.002163252,NA,0.036831217,<LOD,<LOD,NA,>=LOQ,FALSE,FALSE,FALSE,TRUE,NA,NA,NA,0.036831217,1,FALSE,POCC,0.000112956,0.112956197,0.014119525,0,0.002178395,2.178394764,0.272299346,0,NA,NA,NA,NA,0.037089036,37.08903552,4.63612944,4.63612944,0.104597417,2.017193135,NA,34.3444398,36.46623035,FALSE,0.039380386,4.92254831,4.63612944,0.286833643,0,5.531674416,0,NA,NA,94.18149194,100
51,agric_ref 8c (abira),1.039,12.99,1.12,286.0139135,1.28,3.938999442,RURAL,Reference,RURAL,,0.072156323,0.074998561,8.399838832,74.998561,NA,NA,NA,NA,NA,8.399838832,58.84146874,2.488581371,3.71,5.24,14.31,1.6,12.75,agric8,0.006237466,0.003576513,0.000198887,0.058617317,LOD–LOQ,<LOD,<LOD,>=LOQ,FALSE,FALSE,FALSE,TRUE,NA,NA,NA,0.058617317,1,FALSE,POCC,0.006480727,6.480727174,0.725841443,0.725841443,0.003715997,3.715997007,0.416191665,0,0.000206644,0.206643593,0.023144082,0,0.060903392,60.90339236,6.821179945,6.821179945,8.64113536,4.954757741,0.275530077,81.20608122,95.0775044,FALSE,0.07130676,7.986357135,7.547021388,9.08851722,9.617588266,5.211282913,0,0.289795235,0,85.41040463,90.38241173
52,agric_ref 9a (abira),1.01,9.21,1.28,327.8217521,1.41,1.033564095,RURAL,Reference,RURAL,,0.1104338,0.111575205,14.28162624,111.575205,NA,NA,NA,NA,NA,14.28162624,31.03656038,1.145226316,2.34,4.77,10.04,1.29,13.57,agric9,0.004394839,0.00209663,6.73E-05,0.05376584,LOD–LOQ,<LOD,<LOD,>=LOQ,FALSE,FALSE,FALSE,TRUE,NA,NA,NA,0.05376584,1,FALSE,POCC,0.004438787,4.43878739,0.568164786,0.568164786,0.002117596,2.1175963,0.271052326,0,6.79E-05,0.067936539,0.008695877,0,0.054303498,54.3034984,6.950847795,6.950847795,3.978291942,1.897909397,0.060888563,48.66986209,54.60695199,FALSE,0.060927819,7.798760785,7.519012581,7.285321369,7.556374987,3.475582004,0,0.111503317,0,89.12759331,92.44362501
53,agric_ref 9b (abira),1.009,11.3,1.22,311.1452654,1.37,0.907850747,RURAL,Reference,RURAL,,0.17539295,0.176985256,21.59220123,176.985256,NA,NA,NA,NA,NA,21.59220123,64.29032721,2.49941252,3.78,5.12,13.41,1.64,13.72,agric9,0.007507836,0.004052323,0.000201988,0.059456978,LOD–LOQ,<LOD,<LOD,>=LOQ,FALSE,FALSE,FALSE,TRUE,NA,NA,NA,0.059456978,1,FALSE,POCC,0.007575407,7.575406524,0.924199596,0.924199596,0.004088794,4.088793907,0.498832857,0,0.000203806,0.203805892,0.024864319,0,0.059992091,59.9920908,7.319035078,7.319035078,4.280247234,2.310245497,0.115154164,33.89666018,40.60230708,FALSE,0.071860097,8.766931849,8.243234674,10.54188183,11.21161331,5.689936516,0,0.28361483,0,83.48456682,88.78838669
54,agric_ref 9c (abira),1.006,11.95,1.28,326.9882995,1.45,0.590755231,RURAL,Reference,RURAL,,0.082552114,0.083039795,10.62909376,83.039795,98,98.588,0.098588,12.619264,12.05022168,10.62909376,48.61359118,1.798378051,2.73,5.06,10.19,1.31,16.26,agric9,0.003725157,NA,0.00966537,0.0558448,LOD–LOQ,NA,LOD–LOQ,>=LOQ,FALSE,FALSE,FALSE,TRUE,NA,NA,NA,0.0558448,1,FALSE,POCC,0.003747508,3.747507942,0.479681017,0.479681017,NA,NA,NA,NA,0.009723362,9.72336222,1.244590364,1.244590364,0.056179869,56.1798688,7.191023206,7.191023206,4.512906061,NA,11.70928013,67.6541516,83.8763378,FALSE,0.069650739,8.915294587,8.915294587,5.380428116,5.380428116,NA,NA,13.96017094,13.96017094,80.65940094,80.65940094
55,ahinsan 1a,1.006,19.21,1.21,308.5487386,1.5,0.56758016,Long-duration,Low-intensity,Moderate,,NA,NA,NA,NA,NA,NA,NA,NA,NA,NA,106.7151283,4.183672854,4.72,6.42,6.69,0.81,12.32,ahinsan1,NA,NA,NA,NA,NA,NA,NA,NA,NA,NA,NA,NA,NA,NA,NA,NA,NA,NA,NA,NA,NA,NA,NA,NA,NA,NA,NA,NA,NA,NA,NA,NA,NA,NA,NA,NA,NA,NA,NA,0,FALSE,0,0,0,NA,NA,NA,NA,NA,NA,NA,NA
56,ahinsan 1b,1.009,10.75,1.32,336.9603317,1.48,0.863504707,Long-duration,Low-intensity,Moderate,,NA,NA,NA,NA,225,227.025,0.227025,29.9673,28.61598015,28.61598015,141.3292587,5.073513329,6.11,6.24,12.05,1.59,13.84,ahinsan1,NA,NA,NA,NA,NA,NA,NA,NA,NA,NA,NA,NA,NA,NA,NA,NA,NA,NA,NA,NA,NA,NA,NA,NA,NA,NA,NA,NA,NA,NA,NA,NA,NA,NA,NA,NA,NA,NA,NA,0,FALSE,0,0,0,NA,NA,NA,NA,NA,NA,NA,NA
57,ahinsan 1c,1.017,14.53,1.04,265.6041091,1.21,1.666348789,Long-duration,Low-intensity,Moderate,,0.742447708,0.754819476,78.5012255,754.819476,NA,NA,NA,NA,NA,78.5012255,460.292803,20.96307058,23.42,6.73,26.76,2.79,18.48,ahinsan1,0.039863425,NA,0.525543102,0.055964998,>=LOQ,NA,>=LOQ,>=LOQ,TRUE,FALSE,TRUE,TRUE,0.039863425,NA,0.525543102,0.055964998,3,FALSE,PPa+PCa+POCC,0.040541103,40.54110323,4.216274735,4.216274735,NA,NA,NA,NA,0.534477335,534.4773347,55.58564281,55.58564281,0.056916403,56.91640297,5.919305908,5.919305908,5.370966769,NA,70.80863064,7.540399364,83.71999677,FALSE,0.631934841,65.72122346,65.72122346,6.415392949,6.415392949,NA,NA,84.5779185,84.5779185,9.006688551,9.006688551
58,ahinsan 2a,1.049,22.24,1.28,327.0707929,1.63,4.891664872,Long-duration,Low-intensity,Moderate,,NA,NA,NA,NA,NA,NA,NA,NA,NA,NA,115.2521669,4.262484742,4.77,8.02,7.74,0.99,12.74,ahinsan2,NA,NA,NA,NA,NA,NA,NA,NA,NA,NA,NA,NA,NA,NA,NA,NA,NA,NA,NA,NA,NA,NA,NA,NA,NA,NA,NA,NA,NA,NA,NA,NA,NA,NA,NA,NA,NA,NA,NA,0,FALSE,0,0,0,NA,NA,NA,NA,NA,NA,NA,NA
59,ahinsan 2b,1.024,15.68,1.32,336.293444,1.56,2.398665844,Long-duration,Low-intensity,Moderate,,NA,NA,NA,NA,NA,NA,NA,NA,NA,NA,71.53084166,2.572944605,3.83,5.93,8.78,1.16,10.37,ahinsan2,NA,NA,NA,NA,NA,NA,NA,NA,NA,NA,NA,NA,NA,NA,NA,NA,NA,NA,NA,NA,NA,NA,NA,NA,NA,NA,NA,NA,NA,NA,NA,NA,NA,NA,NA,NA,NA,NA,NA,0,FALSE,0,0,0,NA,NA,NA,NA,NA,NA,NA,NA
60,ahinsan 2c,1.027,36.61,1.1,280.0194046,1.71,2.714310256,Long-duration,Low-intensity,Moderate,,0.086698274,0.089051534,9.79566874,89.051534,NA,NA,NA,NA,NA,9.79566874,37.76643803,1.631448616,2.79,4.93,7.17,0.79,11.98,ahinsan2,0.003706527,NA,0.009319763,0.059818894,LOD–LOQ,NA,LOD–LOQ,>=LOQ,FALSE,FALSE,FALSE,TRUE,NA,NA,NA,0.059818894,1,FALSE,POCC,0.003806603,3.806603229,0.418726355,0.418726355,NA,NA,NA,NA,0.009571397,9.571396601,1.052853626,1.052853626,0.061434004,61.43400414,6.757740455,6.757740455,4.274607138,NA,10.74815466,68.98702513,84.00978693,FALSE,0.074812004,8.229320436,8.229320436,5.088225187,5.088225187,NA,NA,12.79393158,12.79393158,82.11784323,82.11784323
61,ahinsan 3a,1.01,10.55,1.2,306.5431993,1.34,0.958038108,Long-duration,Low-intensity,Moderate,,0.227307287,0.229484978,27.53819736,229.484978,NA,NA,NA,NA,NA,27.53819736,144.1026944,5.686380507,6.85,6.56,14.85,1.78,13.14,ahinsan3,0.007588467,NA,0.05010418,0.092250008,LOD–LOQ,NA,>=LOQ,>=LOQ,FALSE,FALSE,TRUE,TRUE,NA,NA,0.05010418,0.092250008,2,FALSE,PCa+POCC,0.007664352,7.66435167,0.9197222,0.9197222,NA,NA,NA,NA,0.050605222,50.6052218,6.072626616,6.072626616,0.093172508,93.17250808,11.18070097,11.18070097,3.339805392,NA,22.05164898,40.60070027,65.99215464,FALSE,0.151442082,18.17304979,18.17304979,5.060912787,5.060912787,NA,NA,33.41556144,33.41556144,61.52352578,61.52352578
62,ahinsan 3b,1.025,19.96,1.14,292.104716,1.42,2.483795558,Long-duration,Low-intensity,Moderate,,NA,NA,NA,NA,NA,NA,NA,NA,NA,NA,187.0480205,7.745867244,8.71,7.69,8.54,0.98,10.94,ahinsan3,NA,NA,NA,NA,NA,NA,NA,NA,NA,NA,NA,NA,NA,NA,NA,NA,NA,NA,NA,NA,NA,NA,NA,NA,NA,NA,NA,NA,NA,NA,NA,NA,NA,NA,NA,NA,NA,NA,NA,0,FALSE,0,0,0,NA,NA,NA,NA,NA,NA,NA,NA
63,ahinsan 3c,1.01,20.57,1.29,328.979892,1.62,0.96969697,Long-duration,Low-intensity,Moderate,,NA,NA,NA,NA,NA,NA,NA,NA,NA,NA,104.6149528,3.846625547,4.97,6.12,9.31,1.2,12.49,ahinsan3,NA,NA,NA,NA,NA,NA,NA,NA,NA,NA,NA,NA,NA,NA,NA,NA,NA,NA,NA,NA,NA,NA,NA,NA,NA,NA,NA,NA,NA,NA,NA,NA,NA,NA,NA,NA,NA,NA,NA,0,FALSE,0,0,0,NA,NA,NA,NA,NA,NA,NA,NA
64,ahinsan 4a,1.035,32.37,0.95,242.0426573,1.39,3.481759304,Long-duration,Low-intensity,Moderate,,0.335533446,0.347215913,32.98551174,347.215913,NA,NA,NA,NA,NA,32.98551174,121.5745106,6.075837074,7.82,6.4,18.85,1.79,13.88,ahinsan4,NA,NA,NA,NA,NA,NA,NA,NA,NA,NA,NA,NA,NA,NA,NA,NA,NA,NA,NA,NA,NA,NA,NA,NA,NA,NA,NA,NA,NA,NA,NA,NA,NA,NA,NA,NA,NA,NA,NA,0,FALSE,0,0,0,NA,NA,NA,NA,NA,NA,NA,NA
65,ahinsan 4b,1.011,18.56,1.1,281.4336486,1.35,1.061120936,Long-duration,Low-intensity,Moderate,,0.26741357,0.270251151,29.72762661,270.251151,NA,NA,NA,NA,NA,29.72762661,143.2309639,6.156252091,8.11,6.99,15.91,1.75,14.48,ahinsan4,0.01370097,NA,0.056022741,0.133765653,>=LOQ,NA,>=LOQ,>=LOQ,TRUE,FALSE,TRUE,TRUE,0.01370097,NA,0.056022741,0.133765653,3,FALSE,PPa+PCa+POCC,0.013851681,13.85168067,1.523684874,1.523684874,NA,NA,NA,NA,0.056638991,56.63899115,6.230289027,6.230289027,0.135237075,135.2370752,14.87607827,14.87607827,5.125484431,NA,20.95790932,50.0412578,76.12465155,FALSE,0.205727747,22.63005217,22.63005217,6.733015294,6.733015294,NA,NA,27.53104138,27.53104138,65.73594333,65.73594333
66,ahinsan 4c,1.049,12.79,1.31,333.3331489,1.49,4.901058029,Long-duration,Low-intensity,Moderate,,0.195432758,0.20501103,26.85644493,205.01103,NA,NA,NA,NA,NA,26.85644493,119.8791413,4.350314152,5.39,6.69,8.81,1.15,16.11,ahinsan4,0.007812987,NA,0.017710791,0.19708331,LOD–LOQ,NA,>=LOQ,>=LOQ,FALSE,FALSE,TRUE,TRUE,NA,NA,0.017710791,0.19708331,2,FALSE,PCa+POCC,0.008195823,8.195823363,1.073652861,1.073652861,NA,NA,NA,NA,0.01857862,18.57861976,2.433799188,2.433799188,0.206740392,206.7403922,27.08299138,27.08299138,3.997747518,NA,9.062253752,100.8435459,113.9035472,TRUE,0.233514835,30.59044343,30.59044343,3.509765601,3.509765601,NA,NA,7.956076852,7.956076852,88.53415755,88.53415755
67,ahinsan 5a,1.075,15.92,1.09,279.2666788,1.29,7.54952983,Long-duration,High-intensity,Strong,,NA,NA,NA,NA,NA,NA,NA,NA,NA,NA,183.5348935,7.949778453,10.29,6.56,18.94,2.07,12.26,ahinsan5,NA,NA,NA,NA,NA,NA,NA,NA,NA,NA,NA,NA,NA,NA,NA,NA,NA,NA,NA,NA,NA,NA,NA,NA,NA,NA,NA,NA,NA,NA,NA,NA,NA,NA,NA,NA,NA,NA,NA,0,FALSE,0,0,0,NA,NA,NA,NA,NA,NA,NA,NA
68,ahinsan 5b,1.029,25.08,1,255.8492186,1.33,2.923902373,Long-duration,High-intensity,Strong,,0.820674638,0.844670364,84.4670364,844.670364,NA,NA,NA,NA,NA,84.4670364,252.5529954,11.94053898,13.91,7.01,22.11,2.22,14.03,ahinsan5,0.040225282,0.040202092,0.164235287,0.252490648,>=LOQ,>=LOQ,>=LOQ,>=LOQ,TRUE,TRUE,TRUE,TRUE,0.040225282,0.040202092,0.164235287,0.252490648,4,TRUE,PPa+PSOM+PCa+POCC,0.041391815,41.39181518,4.139181518,4.139181518,0.041367953,41.36795267,4.136795267,4.136795267,0.16899811,168.9981103,16.89981103,16.89981103,0.259812877,259.8128768,25.98128768,25.98128768,4.900351302,4.897526234,20.00758136,30.75908518,60.56454408,FALSE,0.511570755,51.1570755,51.1570755,8.09112225,8.09112225,8.086457693,8.086457693,33.03513907,33.03513907,50.78728099,50.78728099
69,ahinsan 5c,1.018,31.15,0.96,244.3923251,1.38,1.807616065,Long-duration,Low-intensity,Moderate,,NA,NA,NA,NA,NA,NA,NA,NA,NA,NA,242.6109374,12.00821111,14.27,6.22,27.91,2.67,18.55,ahinsan5,NA,NA,NA,NA,NA,NA,NA,NA,NA,NA,NA,NA,NA,NA,NA,NA,NA,NA,NA,NA,NA,NA,NA,NA,NA,NA,NA,NA,NA,NA,NA,NA,NA,NA,NA,NA,NA,NA,NA,0,FALSE,0,0,0,NA,NA,NA,NA,NA,NA,NA,NA
70,ahinsan 6a,1.026,24.7,1.05,267.3112154,1.38,2.59951104,Long-duration,High-intensity,Strong,,NA,NA,NA,NA,NA,NA,NA,NA,NA,NA,618.5423913,27.99031526,30.19,8.05,25.34,2.65,16.07,ahinsan6,NA,NA,NA,NA,NA,NA,NA,NA,NA,NA,NA,NA,NA,NA,NA,NA,NA,NA,NA,NA,NA,NA,NA,NA,NA,NA,NA,NA,NA,NA,NA,NA,NA,NA,NA,NA,NA,NA,NA,0,FALSE,0,0,0,NA,NA,NA,NA,NA,NA,NA,NA
71,ahinsan 6b,1.02,13.61,1.04,264.8935656,1.2,2.048533873,Long-duration,High-intensity,Strong,,NA,NA,NA,NA,1177,1200.54,1.20054,124.85616,119.2260029,119.2260029,441.7164676,20.17101178,22.02,7.75,23.65,2.45,13.02,ahinsan6,NA,NA,NA,NA,NA,NA,NA,NA,NA,NA,NA,NA,NA,NA,NA,NA,NA,NA,NA,NA,NA,NA,NA,NA,NA,NA,NA,NA,NA,NA,NA,NA,NA,NA,NA,NA,NA,NA,NA,0,FALSE,0,0,0,NA,NA,NA,NA,NA,NA,NA,NA
72,ahinsan 6c,1.024,25.48,0.96,244.2612113,1.28,2.414951058,Long-duration,High-intensity,Strong,,2.448682369,2.50781685,240.7504176,2507.81685,NA,NA,NA,NA,NA,240.7504176,637.1412749,31.55271506,34.81,7.55,31.8,3.04,15.84,ahinsan6,0.159154053,NA,1.02784491,0.53711317,>=LOQ,NA,>=LOQ,>=LOQ,TRUE,FALSE,TRUE,TRUE,0.159154053,NA,1.02784491,0.53711317,3,FALSE,PPa+PCa+POCC,0.16297375,162.9737503,15.64548003,15.64548003,NA,NA,NA,NA,1.052513188,1052.513188,101.041266,101.041266,0.550003886,550.0038861,52.80037306,52.80037306,6.498630483,NA,41.96930042,21.93158109,70.399512,FALSE,1.765490824,169.4871191,169.4871191,9.231073197,9.231073197,NA,NA,59.6158968,59.6158968,31.15303,31.15303
73,airport 1a,1.05,46.91,0.94,240.1151497,1.73,5.003786858,Long-duration,High-intensity,Strong,,NA,NA,NA,NA,NA,NA,NA,NA,NA,NA,94.15574387,4.743323647,5.55,6.21,8.68,0.82,14.77,airport1,NA,NA,NA,NA,NA,NA,NA,NA,NA,NA,NA,NA,NA,NA,NA,NA,NA,NA,NA,NA,NA,NA,NA,NA,NA,NA,NA,NA,NA,NA,NA,NA,NA,NA,NA,NA,NA,NA,NA,0,FALSE,0,0,0,NA,NA,NA,NA,NA,NA,NA,NA
74,airport 1b,1.029,39.22,0.82,209.3096834,1.33,2.914493232,Long-duration,High-intensity,Strong,,NA,NA,NA,NA,NA,NA,NA,NA,NA,NA,238.2817583,13.77073043,15.32,7.62,23.08,1.89,12.28,airport1,NA,NA,NA,NA,NA,NA,NA,NA,NA,NA,NA,NA,NA,NA,NA,NA,NA,NA,NA,NA,NA,NA,NA,NA,NA,NA,NA,NA,NA,NA,NA,NA,NA,NA,NA,NA,NA,NA,NA,0,FALSE,0,0,0,NA,NA,NA,NA,NA,NA,NA,NA
75,airport 1c,1.064,39.07,0.95,241.8021053,1.52,6.409329911,Long-duration,High-intensity,Strong,,0.301854693,0.321201556,30.51414782,321.201556,NA,NA,NA,NA,NA,30.51414782,222.9568088,11.1536282,13.32,7.97,8.18,0.78,13,airport1,0.006844286,NA,0.050638878,0.208381823,LOD–LOQ,NA,>=LOQ,>=LOQ,FALSE,FALSE,TRUE,TRUE,NA,NA,0.050638878,0.208381823,2,FALSE,PCa+POCC,0.00728232,7.282320304,0.691820429,0.691820429,NA,NA,NA,NA,0.053879766,53.87976619,5.118577788,5.118577788,0.22171826,221.7182597,21.06323467,21.06323467,2.267212026,NA,16.77444121,69.02776638,88.06941962,FALSE,0.282880346,26.87363289,26.87363289,2.574346505,2.574346505,NA,NA,19.04683974,19.04683974,78.37881375,78.37881375
76,airport 2a,1.014,13.89,1.26,321.7766797,1.46,1.393301796,Long-duration,High-intensity,Strong,,0.381359092,0.386672575,48.72074445,386.672575,NA,NA,NA,NA,NA,48.72074445,344.5613772,12.95291544,14.5,7.92,11.22,1.41,14.55,airport2,0.046930829,NA,0.126119525,0.323381436,>=LOQ,NA,>=LOQ,>=LOQ,TRUE,FALSE,TRUE,TRUE,0.046930829,NA,0.126119525,0.323381436,3,FALSE,PPa+PCa+POCC,0.047587861,47.58786061,5.996070436,5.996070436,NA,NA,NA,NA,0.127885198,127.8851984,16.11353499,16.11353499,0.327908776,327.9087761,41.31650579,41.31650579,12.30701728,NA,33.07325283,84.80269802,130.1829681,TRUE,0.503381835,63.42611122,63.42611122,9.45363088,9.45363088,NA,NA,25.40520723,25.40520723,65.14116189,65.14116189
77,airport 2b,1.323,36.15,0.78,197.9225113,1.11,32.27398861,Long-duration,High-intensity,Strong,,NA,NA,NA,NA,NA,NA,NA,NA,NA,NA,152.8548327,9.34199183,11.54,6.8,20.82,1.61,12.57,airport2,NA,NA,NA,NA,NA,NA,NA,NA,NA,NA,NA,NA,NA,NA,NA,NA,NA,NA,NA,NA,NA,NA,NA,NA,NA,NA,NA,NA,NA,NA,NA,NA,NA,NA,NA,NA,NA,NA,NA,0,FALSE,0,0,0,NA,NA,NA,NA,NA,NA,NA,NA
78,airport 2c,1.048,32.22,1.13,288.2784186,1.64,4.770243095,Long-duration,High-intensity,Strong,,NA,NA,NA,NA,NA,NA,NA,NA,NA,NA,85.4721005,3.586474503,4.92,5.27,10.91,1.23,13.8,airport2,NA,NA,NA,NA,NA,NA,NA,NA,NA,NA,NA,NA,NA,NA,NA,NA,NA,NA,NA,NA,NA,NA,NA,NA,NA,NA,NA,NA,NA,NA,NA,NA,NA,NA,NA,NA,NA,NA,NA,0,FALSE,0,0,0,NA,NA,NA,NA,NA,NA,NA,NA
79,airport 3a,1.011,2.13,1.56,398.204445,1.59,1.051107064,Long-duration,Low-intensity,Moderate,,NA,NA,NA,NA,NA,NA,NA,NA,NA,NA,136.2220602,4.138060561,5.42,5.59,13.13,2.05,12.37,airport3,NA,NA,NA,NA,NA,NA,NA,NA,NA,NA,NA,NA,NA,NA,NA,NA,NA,NA,NA,NA,NA,NA,NA,NA,NA,NA,NA,NA,NA,NA,NA,NA,NA,NA,NA,NA,NA,NA,NA,0,FALSE,0,0,0,NA,NA,NA,NA,NA,NA,NA,NA
80,airport 3b,1.022,0.82,1.34,340.8765412,1.35,2.204158372,Long-duration,Low-intensity,Moderate,,NA,NA,NA,NA,NA,NA,NA,NA,NA,NA,142.1917095,5.045830561,6.6,5.21,18.07,2.41,13.49,airport3,NA,NA,NA,NA,NA,NA,NA,NA,NA,NA,NA,NA,NA,NA,NA,NA,NA,NA,NA,NA,NA,NA,NA,NA,NA,NA,NA,NA,NA,NA,NA,NA,NA,NA,NA,NA,NA,NA,NA,0,FALSE,0,0,0,NA,NA,NA,NA,NA,NA,NA,NA
81,airport 3c,1.014,1.92,1.54,392.4643551,1.57,1.372263438,Long-duration,Low-intensity,Moderate,,0.115274386,0.116856254,17.99586312,116.856254,NA,NA,NA,NA,NA,17.99586312,140.0072637,4.315248901,5.82,5.5,15.21,2.34,13.3,airport3,0.011510005,NA,0.027532239,0.106497091,LOD–LOQ,NA,>=LOQ,>=LOQ,FALSE,FALSE,TRUE,TRUE,NA,NA,0.027532239,0.106497091,2,FALSE,PCa+POCC,0.011671145,11.67114507,1.797356341,1.797356341,NA,NA,NA,NA,0.02791769,27.91769035,4.299324313,4.299324313,0.10798805,107.9880503,16.63015974,16.63015974,9.987608425,NA,23.89062578,92.41101488,126.2892491,TRUE,0.147576886,22.7268404,22.7268404,7.90851834,7.90851834,NA,NA,18.91738684,18.91738684,73.17409482,73.17409482
82,airport 4a,1.025,29.07,1.02,260.2754498,1.43,2.468365817,Long-duration,High-intensity,Strong,,NA,NA,NA,NA,NA,NA,NA,NA,NA,NA,221.0445621,10.27311457,12.82,6.39,27.73,2.83,12.08,airport4,NA,NA,NA,NA,NA,NA,NA,NA,NA,NA,NA,NA,NA,NA,NA,NA,NA,NA,NA,NA,NA,NA,NA,NA,NA,NA,NA,NA,NA,NA,NA,NA,NA,NA,NA,NA,NA,NA,NA,0,FALSE,0,0,0,NA,NA,NA,NA,NA,NA,NA,NA
83,airport 4b,1.026,33.22,0.92,235.2440062,1.37,2.625356507,Long-duration,High-intensity,Strong,,0.924845448,0.949125938,87.3195863,949.125938,NA,NA,NA,NA,NA,87.3195863,256.3462743,13.18147301,15.82,6.88,28.33,2.61,11.52,airport4,0.057133099,NA,0.192421799,0.347546269,>=LOQ,NA,>=LOQ,>=LOQ,TRUE,FALSE,TRUE,TRUE,0.057133099,NA,0.192421799,0.347546269,3,FALSE,PPa+PCa+POCC,0.05861856,58.61855957,5.392907481,5.392907481,NA,NA,NA,NA,0.197424766,197.4247658,18.16307845,18.16307845,0.356582472,356.582472,32.80558742,32.80558742,6.176057068,NA,20.80069229,37.5695635,64.54631286,FALSE,0.612625797,56.36157336,56.36157336,9.56841188,9.56841188,NA,NA,32.22599614,32.22599614,58.20559198,58.20559198
84,airport 4c,1.011,23.44,1.09,276.9389744,1.41,1.108917789,Long-duration,High-intensity,Strong,,NA,NA,NA,NA,NA,NA,NA,NA,NA,NA,216.5505358,9.458683307,10.81,7.49,12.28,1.33,10.88,airport4,NA,NA,NA,NA,NA,NA,NA,NA,NA,NA,NA,NA,NA,NA,NA,NA,NA,NA,NA,NA,NA,NA,NA,NA,NA,NA,NA,NA,NA,NA,NA,NA,NA,NA,NA,NA,NA,NA,NA,0,FALSE,0,0,0,NA,NA,NA,NA,NA,NA,NA,NA
85,airport 5a,1.017,36.19,0.94,238.7457797,1.46,1.698132744,Long-duration,High-intensity,Strong,,0.725706003,0.738029455,69.37476877,738.029455,NA,NA,NA,NA,NA,69.37476877,327.8876934,16.6128795,19.92,8.1,14.32,1.34,14.22,airport5,0.08715517,NA,0.438264835,0.31500372,>=LOQ,NA,>=LOQ,>=LOQ,TRUE,FALSE,TRUE,TRUE,0.08715517,NA,0.438264835,0.31500372,3,FALSE,PPa+PCa+POCC,0.088636808,88.63680789,8.331859942,8.331859942,NA,NA,NA,NA,0.445715337,445.7153372,41.8972417,41.8972417,0.320358783,320.3587832,30.11372562,30.11372562,12.00992823,NA,60.39262175,43.40731675,115.8098667,TRUE,0.854710928,80.34282726,80.34282726,10.3703843,10.3703843,NA,NA,52.14807983,52.14807983,37.48153588,37.48153588
86,airport 5b,1.034,11.45,1.17,298.6411695,1.32,3.411730032,Long-duration,High-intensity,Strong,,NA,NA,NA,NA,NA,NA,NA,NA,NA,NA,591.5472141,23.96046474,26.24,7.9,26.42,3.09,15.67,airport5,NA,NA,NA,NA,NA,NA,NA,NA,NA,NA,NA,NA,NA,NA,NA,NA,NA,NA,NA,NA,NA,NA,NA,NA,NA,NA,NA,NA,NA,NA,NA,NA,NA,NA,NA,NA,NA,NA,NA,0,FALSE,0,0,0,NA,NA,NA,NA,NA,NA,NA,NA
87,airport 5c,1.042,39.6,0.95,243.6178169,1.56,4.171362825,Long-duration,High-intensity,Strong,,NA,NA,NA,NA,NA,NA,NA,NA,NA,NA,406.632536,20.19057,21.97,8.35,21.22,2.03,17.13,airport5,NA,NA,NA,NA,NA,NA,NA,NA,NA,NA,NA,NA,NA,NA,NA,NA,NA,NA,NA,NA,NA,NA,NA,NA,NA,NA,NA,NA,NA,NA,NA,NA,NA,NA,NA,NA,NA,NA,NA,0,FALSE,0,0,0,NA,NA,NA,NA,NA,NA,NA,NA
88,airport 6a,1.005,2.54,1.52,388.4346275,1.56,0.464781553,Long-duration,High-intensity,Strong,,NA,NA,NA,NA,NA,NA,NA,NA,NA,NA,118.2902572,3.68371938,4.49,6.51,7.16,1.09,11.14,airport6,NA,NA,NA,NA,NA,NA,NA,NA,NA,NA,NA,NA,NA,NA,NA,NA,NA,NA,NA,NA,NA,NA,NA,NA,NA,NA,NA,NA,NA,NA,NA,NA,NA,NA,NA,NA,NA,NA,NA,0,FALSE,0,0,0,NA,NA,NA,NA,NA,NA,NA,NA
89,airport 6b,1.004,0.6,1.56,397.430247,1.57,0.427685867,Long-duration,High-intensity,Strong,,0.548993171,0.551341138,86.00921753,551.341138,NA,NA,NA,NA,NA,86.00921753,148.743693,4.527236111,5.6,6.89,7.05,1.1,11.73,airport6,0.13011095,NA,0.143897123,0.074652254,>=LOQ,NA,>=LOQ,>=LOQ,TRUE,FALSE,TRUE,TRUE,0.13011095,NA,0.143897123,0.074652254,3,FALSE,PPa+PCa+POCC,0.130631394,130.6313938,20.37849743,20.37849743,NA,NA,NA,NA,0.144472711,144.4727115,22.53774299,22.53774299,0.074950863,74.95086302,11.69233463,11.69233463,23.69338778,NA,26.20386935,13.5942809,63.49153803,FALSE,0.350054968,54.60857506,54.60857506,37.31739459,37.31739459,NA,NA,41.27143579,41.27143579,21.41116962,21.41116962
90,airport 6c,1.011,5.16,1.44,366.2124651,1.51,1.118895529,Long-duration,High-intensity,Strong,,NA,NA,NA,NA,NA,NA,NA,NA,NA,NA,188.2108835,6.216803097,7.8,6.86,11.27,1.62,11.49,airport6,NA,NA,NA,NA,NA,NA,NA,NA,NA,NA,NA,NA,NA,NA,NA,NA,NA,NA,NA,NA,NA,NA,NA,NA,NA,NA,NA,NA,NA,NA,NA,NA,NA,NA,NA,NA,NA,NA,NA,0,FALSE,0,0,0,NA,NA,NA,NA,NA,NA,NA,NA
91,appiadu 1a,1.019,20.25,1.02,259.9591738,1.27,1.889075926,Short-duration,Low-intensity,Weak,,0.485401414,0.494571015,50.44624353,494.571015,NA,NA,NA,NA,NA,50.44624353,229.0240593,10.65691401,14.04,7.22,24.7,2.52,11.33,appiadu1,0.022556981,0.021183445,0.037753773,0.186773924,>=LOQ,LOD–LOQ,>=LOQ,>=LOQ,TRUE,FALSE,TRUE,TRUE,0.022556981,NA,0.037753773,0.186773924,3,FALSE,PPa+PCa+POCC,0.022985564,22.98556364,2.344527491,2.344527491,0.02158593,21.58592995,2.201764854,2.201764854,0.038471095,38.47109469,3.924051658,3.924051658,0.190322629,190.3226286,19.41290811,19.41290811,4.647575968,4.364576429,7.778679607,38.48236609,55.27319809,FALSE,0.273365217,27.88325212,27.88325212,8.40837174,8.40837174,7.896370356,7.896370356,14.07314915,14.07314915,69.62210875,69.62210875
92,appiadu 1b,1.048,3.01,1.35,343.8560558,1.39,4.828748517,Short-duration,Low-intensity,Weak,,NA,NA,NA,NA,NA,NA,NA,NA,NA,NA,253.718597,8.925470636,11.19,6.69,20.24,2.73,10.87,appiadu1,NA,NA,NA,NA,NA,NA,NA,NA,NA,NA,NA,NA,NA,NA,NA,NA,NA,NA,NA,NA,NA,NA,NA,NA,NA,NA,NA,NA,NA,NA,NA,NA,NA,NA,NA,NA,NA,NA,NA,0,FALSE,0,0,0,NA,NA,NA,NA,NA,NA,NA,NA
93,appiadu 1c,1.013,14.47,1.11,283.5494957,1.3,1.305064673,Short-duration,Low-intensity,Weak,,NA,NA,NA,NA,NA,NA,NA,NA,NA,NA,170.7855233,7.285807245,9.39,6.98,16.78,1.86,10.9,appiadu1,NA,NA,NA,NA,NA,NA,NA,NA,NA,NA,NA,NA,NA,NA,NA,NA,NA,NA,NA,NA,NA,NA,NA,NA,NA,NA,NA,NA,NA,NA,NA,NA,NA,NA,NA,NA,NA,NA,NA,0,FALSE,0,0,0,NA,NA,NA,NA,NA,NA,NA,NA
94,appiadu 2a,1.015,2.59,1.39,353.7249575,1.42,1.54782478,Short-duration,Low-intensity,Weak,,NA,NA,NA,NA,NA,NA,NA,NA,NA,NA,157.4399254,5.383995324,6.92,6.29,13.02,1.8,11.94,appiadu2,NA,NA,NA,NA,NA,NA,NA,NA,NA,NA,NA,NA,NA,NA,NA,NA,NA,NA,NA,NA,NA,NA,NA,NA,NA,NA,NA,NA,NA,NA,NA,NA,NA,NA,NA,NA,NA,NA,NA,0,FALSE,0,0,0,NA,NA,NA,NA,NA,NA,NA,NA
95,appiadu 2b,1.044,1.23,1.38,352.8106829,1.4,4.393097458,Short-duration,Low-intensity,Weak,,0.149233582,0.155789558,21.498959,155.789558,263,274.572,0.274572,37.890936,36.18231447,21.498959,131.2286263,4.499273126,6.59,5.21,17.39,2.4,10.92,appiadu2,0.007875794,0.005235132,0.011818886,0.09744143,LOD–LOQ,<LOD,>=LOQ,>=LOQ,FALSE,FALSE,TRUE,TRUE,NA,NA,0.011818886,0.09744143,2,FALSE,PCa+POCC,0.008222329,8.222328936,1.134681393,1.134681393,0.005465477,5.465477286,0.754235865,0,0.012338917,12.33891698,1.702770544,1.702770544,0.101728853,101.7288529,14.0385817,14.0385817,5.27784342,3.508243656,7.92024648,65.29889052,82.00522408,FALSE,0.127755576,17.63026951,16.87603364,6.435984389,6.723626045,4.278073374,0,9.658221863,10.08987408,79.62772037,83.18649988
96,appiadu 2c,1.015,15.26,1.37,348.8015538,1.61,1.4531031,Short-duration,Low-intensity,Weak,,NA,NA,NA,NA,NA,NA,NA,NA,NA,NA,293.4212814,10.17580322,11.55,7.72,13.5,1.85,10.78,appiadu2,NA,NA,NA,NA,NA,NA,NA,NA,NA,NA,NA,NA,NA,NA,NA,NA,NA,NA,NA,NA,NA,NA,NA,NA,NA,NA,NA,NA,NA,NA,NA,NA,NA,NA,NA,NA,NA,NA,NA,0,FALSE,0,0,0,NA,NA,NA,NA,NA,NA,NA,NA
97,appiadu 3a,1.031,1.36,1.14,290.1137945,1.15,3.111263818,Short-duration,Low-intensity,Weak,,NA,NA,NA,NA,NA,NA,NA,NA,NA,NA,134.5497953,5.610094332,8.51,5.41,21.14,2.4,10.6,appiadu3,NA,NA,NA,NA,NA,NA,NA,NA,NA,NA,NA,NA,NA,NA,NA,NA,NA,NA,NA,NA,NA,NA,NA,NA,NA,NA,NA,NA,NA,NA,NA,NA,NA,NA,NA,NA,NA,NA,NA,0,FALSE,0,0,0,NA,NA,NA,NA,NA,NA,NA,NA
98,appiadu 3b,1.018,0.23,1.45,370.6983766,1.46,1.767373115,Short-duration,Low-intensity,Weak,,0.233785498,0.23791736,34.4980172,237.91736,NA,NA,NA,NA,NA,34.4980172,186.1960501,6.075825349,8.3,6.57,16.17,2.35,11.65,appiadu3,0.004655254,NA,0.024070471,0.131005854,LOD–LOQ,NA,>=LOQ,>=LOQ,FALSE,FALSE,TRUE,TRUE,NA,NA,0.024070471,0.131005854,2,FALSE,PCa+POCC,0.004739049,4.739048572,0.687162043,0.687162043,NA,NA,NA,NA,0.024503739,24.50373948,3.553042224,3.553042224,0.133363959,133.3639594,19.33777411,19.33777411,1.991888516,NA,10.29926504,56.05474076,68.34589431,FALSE,0.162606747,23.57797838,23.57797838,2.914423077,2.914423077,NA,NA,15.06932515,15.06932515,82.01625178,82.01625178
99,appiadu 3c,1.03,2.22,1.2,305.4707176,1.22,3.001689487,Short-duration,Low-intensity,Weak,,NA,NA,NA,NA,NA,NA,NA,NA,NA,NA,292.7803563,11.59385466,13.14,7.55,17.56,2.1,10.41,appiadu3,NA,NA,NA,NA,NA,NA,NA,NA,NA,NA,NA,NA,NA,NA,NA,NA,NA,NA,NA,NA,NA,NA,NA,NA,NA,NA,NA,NA,NA,NA,NA,NA,NA,NA,NA,NA,NA,NA,NA,0,FALSE,0,0,0,NA,NA,NA,NA,NA,NA,NA,NA
100,aputuogya 1a,1.016,4.65,1.33,338.601721,1.39,1.570659185,Short-duration,Low-intensity,Weak,,NA,NA,NA,NA,NA,NA,NA,NA,NA,NA,181.2193242,6.473972454,8.76,6.64,19.33,2.56,9.51,aputuogya1,NA,NA,NA,NA,NA,NA,NA,NA,NA,NA,NA,NA,NA,NA,NA,NA,NA,NA,NA,NA,NA,NA,NA,NA,NA,NA,NA,NA,NA,NA,NA,NA,NA,NA,NA,NA,NA,NA,NA,0,FALSE,0,0,0,NA,NA,NA,NA,NA,NA,NA,NA
101,aputuogya 1b,1.01,7.61,1.38,353.219956,1.5,0.97957207,Short-duration,Low-intensity,Weak,,0.1081625,0.109222029,15.07264,109.222029,150,151.5,0.1515,20.907,19.96423759,15.07264,108.9063338,3.729609892,4.99,5.94,10.94,1.51,11.44,aputuogya1,0.002888213,NA,0.009092417,0.130482689,<LOD,NA,LOD–LOQ,>=LOQ,FALSE,FALSE,FALSE,TRUE,NA,NA,NA,0.130482689,1,FALSE,POCC,0.002917095,2.91709513,0.402559128,0,NA,NA,NA,NA,0.009183341,9.18334117,1.267301081,1.267301081,0.131787516,131.7875159,18.18667719,18.18667719,2.670793755,NA,8.407956942,120.6601975,131.7389482,TRUE,0.143887952,19.8565374,19.45397827,2.027337998,0,NA,NA,6.382286376,6.514354358,91.59037563,93.48564564
102,aputuogya 1c,1.026,7.38,1.29,330.3738466,1.4,2.577732307,Short-duration,Low-intensity,Weak,,NA,NA,NA,NA,NA,NA,NA,NA,NA,NA,172.9204478,6.331348121,8.52,5.9,21.12,2.73,9.54,aputuogya1,NA,NA,NA,NA,NA,NA,NA,NA,NA,NA,NA,NA,NA,NA,NA,NA,NA,NA,NA,NA,NA,NA,NA,NA,NA,NA,NA,NA,NA,NA,NA,NA,NA,NA,NA,NA,NA,NA,NA,0,FALSE,0,0,0,NA,NA,NA,NA,NA,NA,NA,NA
103,aputuogya 2a,1.028,0.17,1.4,358.0024051,1.41,2.750706347,Short-duration,Low-intensity,Weak,,NA,NA,NA,NA,NA,NA,NA,NA,NA,NA,133.2536221,4.502446699,6.27,6.18,15.32,2.15,9.29,aputuogya2,NA,NA,NA,NA,NA,NA,NA,NA,NA,NA,NA,NA,NA,NA,NA,NA,NA,NA,NA,NA,NA,NA,NA,NA,NA,NA,NA,NA,NA,NA,NA,NA,NA,NA,NA,NA,NA,NA,NA,0,FALSE,0,0,0,NA,NA,NA,NA,NA,NA,NA,NA
104,aputuogya 2b,1.015,2.26,1.49,379.1699724,1.52,1.458456099,Short-duration,Low-intensity,Weak,,NA,NA,NA,NA,NA,NA,NA,NA,NA,NA,83.31496724,2.657936448,3.96,5.55,10.4,1.55,11.28,aputuogya2,NA,NA,NA,NA,NA,NA,NA,NA,NA,NA,NA,NA,NA,NA,NA,NA,NA,NA,NA,NA,NA,NA,NA,NA,NA,NA,NA,NA,NA,NA,NA,NA,NA,NA,NA,NA,NA,NA,NA,0,FALSE,0,0,0,NA,NA,NA,NA,NA,NA,NA,NA
105,aputuogya 2c,1.012,1.06,1.36,345.9308831,1.37,1.187843333,Short-duration,Low-intensity,Weak,,0.167154555,0.169140089,23.0030521,169.140089,NA,NA,NA,NA,NA,23.0030521,110.2382048,3.854768473,5.74,6.23,13.61,1.84,9.5,aputuogya2,0.004422755,NA,0.02545662,0.150584833,LOD–LOQ,NA,>=LOQ,>=LOQ,FALSE,FALSE,TRUE,TRUE,NA,NA,0.02545662,0.150584833,2,FALSE,PCa+POCC,0.004475828,4.47582806,0.608712616,0.608712616,NA,NA,NA,NA,0.025762099,25.76209944,3.503645524,3.503645524,0.152391851,152.391851,20.72529174,20.72529174,2.646225437,NA,15.23122022,90.09800805,107.9754537,TRUE,0.182629778,24.83764988,24.83764988,2.45076575,2.45076575,NA,NA,14.10618775,14.10618775,83.4430465,83.4430465
106,aputuogya 3a,1.015,0.49,1.59,406.1668679,1.6,1.477996494,Short-duration,Low-intensity,Weak,,NA,NA,NA,NA,NA,NA,NA,NA,NA,NA,106.9559758,3.185341958,4.5,6.19,11.91,1.9,9.89,aputuogya3,NA,NA,NA,NA,NA,NA,NA,NA,NA,NA,NA,NA,NA,NA,NA,NA,NA,NA,NA,NA,NA,NA,NA,NA,NA,NA,NA,NA,NA,NA,NA,NA,NA,NA,NA,NA,NA,NA,NA,0,FALSE,0,0,0,NA,NA,NA,NA,NA,NA,NA,NA
107,aputuogya 3b,1.031,2.02,1.51,386.522749,1.55,3.145287313,Short-duration,Low-intensity,Weak,,NA,NA,NA,NA,163,168.053,0.168053,25.376003,24.23171918,24.23171918,191.9685647,6.007732124,8.09,7.3,11.11,1.68,9.33,aputuogya3,NA,NA,NA,NA,NA,NA,NA,NA,NA,NA,NA,NA,NA,NA,NA,NA,NA,NA,NA,NA,NA,NA,NA,NA,NA,NA,NA,NA,NA,NA,NA,NA,NA,NA,NA,NA,NA,NA,NA,0,FALSE,0,0,0,NA,NA,NA,NA,NA,NA,NA,NA
108,aputuogya 3c,1.007,0.54,1.52,387.2115297,1.53,0.689150521,Short-duration,Low-intensity,Weak,,0.084700296,0.085284008,12.96316922,85.284008,NA,NA,NA,NA,NA,12.96316922,84.44178347,2.63793821,3.84,5.91,11.59,1.76,10.93,aputuogya3,0.003879103,NA,0.008144434,0.069269923,LOD–LOQ,NA,LOD–LOQ,>=LOQ,FALSE,FALSE,FALSE,TRUE,NA,NA,NA,0.069269923,1,FALSE,POCC,0.003906257,3.906256721,0.593751022,0.593751022,NA,NA,NA,NA,0.008201445,8.201445038,1.246619646,1.246619646,0.069754812,69.75481246,10.60273149,10.60273149,4.580292147,NA,9.616627115,81.79119872,95.98811798,FALSE,0.081862514,12.44310216,12.44310216,4.771728255,4.771728255,NA,NA,10.01855992,10.01855992,85.20971183,85.20971183
109,asawase 1a,1.011,17.93,1.14,291.0910134,1.39,1.105835113,Short-duration,High-intensity,Mild,,0.260753607,0.263637112,30.05463077,263.637112,NA,NA,NA,NA,NA,30.05463077,112.9325125,4.692947482,6.71,6.23,15.34,1.75,10.43,asawase1,0.009269255,NA,0.024497377,0.084487294,LOD–LOQ,NA,>=LOQ,>=LOQ,FALSE,FALSE,TRUE,TRUE,NA,NA,0.024497377,0.084487294,2,FALSE,PCa+POCC,0.009371217,9.371216805,1.068318716,1.068318716,NA,NA,NA,NA,0.024766848,24.76684815,2.823420689,2.823420689,0.085416654,85.41665423,9.737498583,9.737498583,3.554589388,NA,9.394295044,32.3993286,45.34821303,FALSE,0.119554719,13.62923799,13.62923799,7.838433203,7.838433203,NA,NA,20.7159101,20.7159101,71.4456567,71.4456567
110,asawase 1b,1.014,23.47,1.18,300.6582576,1.53,1.437426813,Short-duration,High-intensity,Mild,,NA,NA,NA,NA,NA,NA,NA,NA,NA,NA,120.6699537,4.854913668,6.8,6.13,14.47,1.7,11.59,asawase1,NA,NA,NA,NA,NA,NA,NA,NA,NA,NA,NA,NA,NA,NA,NA,NA,NA,NA,NA,NA,NA,NA,NA,NA,NA,NA,NA,NA,NA,NA,NA,NA,NA,NA,NA,NA,NA,NA,NA,0,FALSE,0,0,0,NA,NA,NA,NA,NA,NA,NA,NA
111,asawase 1c,1.012,19.16,1.05,267.1878686,1.29,1.183486145,Short-duration,High-intensity,Mild,,NA,NA,NA,NA,267,270.204,0.270204,28.37142,27.0920634,27.0920634,103.9980545,4.708298419,6.64,5.95,17.38,1.82,10.55,asawase1,NA,NA,NA,NA,NA,NA,NA,NA,NA,NA,NA,NA,NA,NA,NA,NA,NA,NA,NA,NA,NA,NA,NA,NA,NA,NA,NA,NA,NA,NA,NA,NA,NA,NA,NA,NA,NA,NA,NA,0,FALSE,0,0,0,NA,NA,NA,NA,NA,NA,NA,NA
112,asawase 2a,1.011,19.17,1.36,347.9841427,1.68,1.122423945,Short-duration,High-intensity,Mild,,NA,NA,NA,NA,NA,NA,NA,NA,NA,NA,147.0295259,5.110937905,6.69,6.25,16.07,2.19,10.8,asawase2,NA,NA,NA,NA,NA,NA,NA,NA,NA,NA,NA,NA,NA,NA,NA,NA,NA,NA,NA,NA,NA,NA,NA,NA,NA,NA,NA,NA,NA,NA,NA,NA,NA,NA,NA,NA,NA,NA,NA,0,FALSE,0,0,0,NA,NA,NA,NA,NA,NA,NA,NA
113,asawase 2b,1.014,4.4,1.23,312.8487739,1.28,1.368465045,Short-duration,High-intensity,Mild,,NA,NA,NA,NA,NA,NA,NA,NA,NA,NA,146.3392348,5.658245988,7.96,6.41,16.06,1.97,10.72,asawase2,NA,NA,NA,NA,NA,NA,NA,NA,NA,NA,NA,NA,NA,NA,NA,NA,NA,NA,NA,NA,NA,NA,NA,NA,NA,NA,NA,NA,NA,NA,NA,NA,NA,NA,NA,NA,NA,NA,NA,0,FALSE,0,0,0,NA,NA,NA,NA,NA,NA,NA,NA
114,asawase 2c,1.012,11.81,1.41,359.3215493,1.59,1.165655295,Short-duration,High-intensity,Mild,,0.196144815,0.198431188,27.97879751,198.431188,NA,NA,NA,NA,NA,27.97879751,130.2154509,4.383638749,5.69,6.21,9.77,1.38,10.47,asawase2,0.004304336,NA,0.029258245,0.078046204,LOD–LOQ,NA,>=LOQ,>=LOQ,FALSE,FALSE,TRUE,TRUE,NA,NA,0.029258245,0.078046204,2,FALSE,PCa+POCC,0.004355988,4.355988032,0.614194313,0.614194313,NA,NA,NA,NA,0.029609344,29.60934394,4.174917496,4.174917496,0.078982758,78.98275845,11.13656894,11.13656894,2.195213402,NA,14.92171883,39.80360106,56.92053329,FALSE,0.11294809,15.92568075,15.92568075,3.856628311,3.856628311,NA,NA,26.2150018,26.2150018,69.92836989,69.92836989
115,asawase 3a,1.016,0.04,1.42,362.6587406,1.42,1.629978462,Short-duration,High-intensity,Mild,,NA,NA,NA,NA,NA,NA,NA,NA,NA,NA,124.6715689,4.158385785,5.78,6.87,11.13,1.58,12.24,asawase3,NA,NA,NA,NA,NA,NA,NA,NA,NA,NA,NA,NA,NA,NA,NA,NA,NA,NA,NA,NA,NA,NA,NA,NA,NA,NA,NA,NA,NA,NA,NA,NA,NA,NA,NA,NA,NA,NA,NA,0,FALSE,0,0,0,NA,NA,NA,NA,NA,NA,NA,NA
116,asawase 3b,1.009,0.14,1.39,353.7754107,1.39,0.91430587,Short-duration,Low-intensity,Weak,,NA,NA,NA,NA,NA,NA,NA,NA,NA,NA,90.97823923,3.110751973,4.3,5.6,10.31,1.43,11.65,asawase3,NA,NA,NA,NA,NA,NA,NA,NA,NA,NA,NA,NA,NA,NA,NA,NA,NA,NA,NA,NA,NA,NA,NA,NA,NA,NA,NA,NA,NA,NA,NA,NA,NA,NA,NA,NA,NA,NA,NA,0,FALSE,0,0,0,NA,NA,NA,NA,NA,NA,NA,NA
117,asawase 3c,1.007,0.14,1.45,370.110171,1.45,0.748379604,Short-duration,Low-intensity,Weak,,0.129548341,0.130517854,18.92508883,130.517854,NA,NA,NA,NA,NA,18.92508883,91.66063534,2.995762257,4.3,5.84,10.13,1.47,12.13,asawase3,0.004025605,NA,0.018180366,0.052882097,LOD–LOQ,NA,>=LOQ,>=LOQ,FALSE,FALSE,TRUE,TRUE,NA,NA,0.018180366,0.052882097,2,FALSE,PCa+POCC,0.004053784,4.053784235,0.587798714,0.587798714,NA,NA,NA,NA,0.018307629,18.30762856,2.654606141,2.654606141,0.053252272,53.25227168,7.721579393,7.721579393,3.105923144,NA,14.02691509,40.80075641,57.93359465,FALSE,0.075613684,10.96398425,10.96398425,5.361178024,5.361178024,NA,NA,24.21205723,24.21205723,70.42676474,70.42676474
118,asokwa 1a,1.021,3.53,1.41,360.142809,1.46,2.101163985,Long-duration,High-intensity,Strong,,0.509045713,0.519741598,73.28356532,519.741598,NA,NA,NA,NA,NA,73.28356532,350.2016695,11.76248185,14.87,8.22,18.47,2.61,15.05,asokwa1,0.047493269,NA,0.251816538,0.097848447,>=LOQ,NA,>=LOQ,>=LOQ,TRUE,FALSE,TRUE,TRUE,0.047493269,NA,0.251816538,0.097848447,3,FALSE,PPa+PCa+POCC,0.048490628,48.49062765,6.837178499,6.837178499,NA,NA,NA,NA,0.257104685,257.1046853,36.25176063,36.25176063,0.099903264,99.90326439,14.08636028,14.08636028,9.329756909,NA,49.46779059,19.22171802,78.01926551,FALSE,0.405498577,57.1752994,57.1752994,11.95827319,11.95827319,NA,NA,63.40458381,63.40458381,24.63714301,24.63714301
119,asokwa 1b,1.011,19.72,1.14,290.3404886,1.41,1.13987251,Long-duration,High-intensity,Strong,,NA,NA,NA,NA,NA,NA,NA,NA,NA,NA,371.441519,15.47527392,17.59,7.53,18.51,2.11,14.12,asokwa1,NA,NA,NA,NA,NA,NA,NA,NA,NA,NA,NA,NA,NA,NA,NA,NA,NA,NA,NA,NA,NA,NA,NA,NA,NA,NA,NA,NA,NA,NA,NA,NA,NA,NA,NA,NA,NA,NA,NA,0,FALSE,0,0,0,NA,NA,NA,NA,NA,NA,NA,NA
120,asokwa 1c,1.057,5.42,1.17,299.702493,1.24,5.741529479,Long-duration,High-intensity,Strong,,NA,NA,NA,NA,NA,NA,NA,NA,NA,NA,846.0070303,34.14594356,38.41,8.02,42.08,4.94,14.8,asokwa1,NA,NA,NA,NA,NA,NA,NA,NA,NA,NA,NA,NA,NA,NA,NA,NA,NA,NA,NA,NA,NA,NA,NA,NA,NA,NA,NA,NA,NA,NA,NA,NA,NA,NA,NA,NA,NA,NA,NA,0,FALSE,0,0,0,NA,NA,NA,NA,NA,NA,NA,NA
121,asokwa 2a,1.036,34.75,0.8,204.7194791,1.21,3.570994285,Long-duration,High-intensity,Strong,,NA,NA,NA,NA,NA,NA,NA,NA,NA,NA,285.3688405,16.86175926,19.82,6.82,38.62,3.1,17.78,asokwa2,NA,NA,NA,NA,NA,NA,NA,NA,NA,NA,NA,NA,NA,NA,NA,NA,NA,NA,NA,NA,NA,NA,NA,NA,NA,NA,NA,NA,NA,NA,NA,NA,NA,NA,NA,NA,NA,NA,NA,0,FALSE,0,0,0,NA,NA,NA,NA,NA,NA,NA,NA
122,asokwa 2b,1.023,46.66,0.74,189.0013726,1.37,2.274389525,Long-duration,High-intensity,Strong,,0.450830226,0.461083862,34.12020579,461.083862,NA,NA,NA,NA,NA,34.12020579,247.8064337,15.85999774,18.13,7.2,27.76,2.06,16.13,asokwa2,0.021845549,NA,0.356449711,0.279110474,>=LOQ,NA,>=LOQ,>=LOQ,TRUE,FALSE,TRUE,TRUE,0.021845549,NA,0.356449711,0.279110474,3,FALSE,PPa+PCa+POCC,0.022347997,22.34799663,1.65375175,1.65375175,NA,NA,NA,NA,0.364648054,364.6480544,26.98395602,26.98395602,0.285530015,285.5300149,21.1292211,21.1292211,4.846839907,NA,79.08497443,61.92583138,145.8576457,TRUE,0.672526066,49.76692888,49.76692888,3.322993377,3.322993377,NA,NA,54.22065744,54.22065744,42.45634919,42.45634919
123,asokwa 2c,1.038,19.52,1.15,294.5859013,1.42,3.816916796,Long-duration,High-intensity,Strong,,NA,NA,NA,NA,NA,NA,NA,NA,NA,NA,247.4126259,10.15933784,12.36,7.04,21.54,2.49,14.02,asokwa2,NA,NA,NA,NA,NA,NA,NA,NA,NA,NA,NA,NA,NA,NA,NA,NA,NA,NA,NA,NA,NA,NA,NA,NA,NA,NA,NA,NA,NA,NA,NA,NA,NA,NA,NA,NA,NA,NA,NA,0,FALSE,0,0,0,NA,NA,NA,NA,NA,NA,NA,NA
124,asokwa 3a,1.087,21.71,1.07,272.1907083,1.34,8.651761778,Long-duration,Low-intensity,Moderate,,NA,NA,NA,NA,NA,NA,NA,NA,NA,NA,550.7760653,24.47694799,28.06,7.52,32.47,3.46,9.57,asokwa3,NA,NA,NA,NA,NA,NA,NA,NA,NA,NA,NA,NA,NA,NA,NA,NA,NA,NA,NA,NA,NA,NA,NA,NA,NA,NA,NA,NA,NA,NA,NA,NA,NA,NA,NA,NA,NA,NA,NA,0,FALSE,0,0,0,NA,NA,NA,NA,NA,NA,NA,NA
125,asokwa 3b,1.019,37.11,0.95,241.7342565,1.5,1.934249435,Long-duration,Low-intensity,Moderate,,NA,NA,NA,NA,NA,NA,NA,NA,NA,NA,193.1792413,9.666689264,12.08,6.97,18.06,1.71,9.75,asokwa3,NA,NA,NA,NA,NA,NA,NA,NA,NA,NA,NA,NA,NA,NA,NA,NA,NA,NA,NA,NA,NA,NA,NA,NA,NA,NA,NA,NA,NA,NA,NA,NA,NA,NA,NA,NA,NA,NA,NA,0,FALSE,0,0,0,NA,NA,NA,NA,NA,NA,NA,NA
126,asokwa 3c,1.05,32.04,1.05,267.8038675,1.52,5.028356256,Long-duration,Low-intensity,Moderate,,0.334276209,0.351084808,36.86390484,351.084808,NA,NA,NA,NA,NA,36.86390484,333.2670216,15.05327506,17.36,7.31,19.53,2.05,9.87,asokwa3,0.011629085,NA,0.05591031,0.208679051,LOD–LOQ,NA,>=LOQ,>=LOQ,FALSE,FALSE,TRUE,TRUE,NA,NA,0.05591031,0.208679051,2,FALSE,PCa+POCC,0.012210539,12.21053925,1.282106621,1.282106621,NA,NA,NA,NA,0.058705826,58.7058255,6.164111678,6.164111678,0.219113004,219.1130036,23.00686537,23.00686537,3.477945776,NA,16.72126625,62.41027768,82.6094897,FALSE,0.290029368,30.45308367,30.45308367,4.210104419,4.210104419,NA,NA,20.24133826,20.24133826,75.54855732,75.54855732
127,asokwa 4a,1.028,35.58,0.82,209.1684117,1.26,2.82623377,Long-duration,High-intensity,Strong,,NA,NA,NA,NA,799,821.372,0.821372,67.352504,64.31536767,64.31536767,315.7140577,18.25800506,22.49,7.36,37.13,3.04,14.61,asokwa4,NA,NA,NA,NA,NA,NA,NA,NA,NA,NA,NA,NA,NA,NA,NA,NA,NA,NA,NA,NA,NA,NA,NA,NA,NA,NA,NA,NA,NA,NA,NA,NA,NA,NA,NA,NA,NA,NA,NA,0,FALSE,0,0,0,NA,NA,NA,NA,NA,NA,NA,NA
128,asokwa 4b,1.043,37.93,0.92,233.7752895,1.45,4.348068828,Long-duration,High-intensity,Strong,,0.71681241,0.747979907,68.81415144,747.979907,NA,NA,NA,NA,NA,68.81415144,244.7279139,12.66311079,15.79,6.72,35.89,3.29,16.92,asokwa4,0.03640808,NA,0.145572795,0.128333514,>=LOQ,NA,>=LOQ,>=LOQ,TRUE,FALSE,TRUE,TRUE,0.03640808,NA,0.145572795,0.128333514,3,FALSE,PPa+PCa+POCC,0.037973627,37.97362744,3.493573724,3.493573724,NA,NA,NA,NA,0.151832425,151.8324252,13.96858312,13.96858312,0.133851855,133.8518551,12.31437067,12.31437067,5.076824536,NA,20.29899784,17.89511374,43.27093612,FALSE,0.323657908,29.77652751,29.77652751,11.73264318,11.73264318,NA,NA,46.91139056,46.91139056,41.35596626,41.35596626
129,asokwa 4c,1.028,9.55,1.19,304.2661744,1.31,2.831016487,Long-duration,High-intensity,Strong,,NA,NA,NA,NA,NA,NA,NA,NA,NA,NA,433.5704109,17.23699135,22.87,7.85,30.35,3.62,14.3,asokwa4,NA,NA,NA,NA,NA,NA,NA,NA,NA,NA,NA,NA,NA,NA,NA,NA,NA,NA,NA,NA,NA,NA,NA,NA,NA,NA,NA,NA,NA,NA,NA,NA,NA,NA,NA,NA,NA,NA,NA,0,FALSE,0,0,0,NA,NA,NA,NA,NA,NA,NA,NA
130,asokwa 5a,1.037,3.6,1.51,384.4880146,1.56,3.670331676,Long-duration,Low-intensity,Moderate,,NA,NA,NA,NA,NA,NA,NA,NA,NA,NA,116.0106596,3.649812812,4.34,6.98,7.11,1.07,12.79,asokwa5,NA,NA,NA,NA,NA,NA,NA,NA,NA,NA,NA,NA,NA,NA,NA,NA,NA,NA,NA,NA,NA,NA,NA,NA,NA,NA,NA,NA,NA,NA,NA,NA,NA,NA,NA,NA,NA,NA,NA,0,FALSE,0,0,0,NA,NA,NA,NA,NA,NA,NA,NA
131,asokwa 5b,1.006,2.69,1.54,392.9211802,1.58,0.646139716,Long-duration,Low-intensity,Moderate,,NA,NA,NA,NA,NA,NA,NA,NA,NA,NA,559.3228466,17.21918615,18.98,7.81,14.98,2.31,11.4,asokwa5,NA,NA,NA,NA,NA,NA,NA,NA,NA,NA,NA,NA,NA,NA,NA,NA,NA,NA,NA,NA,NA,NA,NA,NA,NA,NA,NA,NA,NA,NA,NA,NA,NA,NA,NA,NA,NA,NA,NA,0,FALSE,0,0,0,NA,NA,NA,NA,NA,NA,NA,NA
132,asokwa 5c,1.006,5.8,1.5,381.8537504,1.59,0.635387131,Long-duration,Low-intensity,Moderate,,0.109080172,0.109773253,16.46598795,109.773253,NA,NA,NA,NA,NA,16.46598795,114.7843074,3.63614304,4.33,7.18,6.12,0.92,11.97,asokwa5,0.007196817,NA,0.046923146,0.05004287,LOD–LOQ,NA,>=LOQ,>=LOQ,FALSE,FALSE,TRUE,TRUE,NA,NA,0.046923146,0.05004287,2,FALSE,PCa+POCC,0.007239998,7.239997902,1.085999685,1.085999685,NA,NA,NA,NA,0.047204685,47.20468488,7.080702731,7.080702731,0.050343127,50.34312722,7.551469083,7.551469083,6.595411636,NA,43.00199146,45.86101427,95.45841736,FALSE,0.10478781,15.7181715,15.7181715,6.909198601,6.909198601,NA,NA,45.04787807,45.04787807,48.04292333,48.04292333
133,asokwa 6a,1.108,24.17,0.93,238.5002516,1.2,10.83845748,Long-duration,Low-intensity,Moderate,,NA,NA,NA,NA,422,467.576,0.467576,43.484568,41.52371201,41.52371201,781.3133,39.62706227,44.62,7.84,40.91,3.82,9.94,asokwa6,NA,NA,NA,NA,NA,NA,NA,NA,NA,NA,NA,NA,NA,NA,NA,NA,NA,NA,NA,NA,NA,NA,NA,NA,NA,NA,NA,NA,NA,NA,NA,NA,NA,NA,NA,NA,NA,NA,NA,0,FALSE,0,0,0,NA,NA,NA,NA,NA,NA,NA,NA
134,asokwa 6b,1.09,31.48,0.74,189.0211948,1.05,8.95603542,Long-duration,Low-intensity,Moderate,,NA,NA,NA,NA,NA,NA,NA,NA,NA,NA,650.0087243,41.59720814,50.17,7.8,55.4,4.1,9.88,asokwa6,NA,NA,NA,NA,NA,NA,NA,NA,NA,NA,NA,NA,NA,NA,NA,NA,NA,NA,NA,NA,NA,NA,NA,NA,NA,NA,NA,NA,NA,NA,NA,NA,NA,NA,NA,NA,NA,NA,NA,0,FALSE,0,0,0,NA,NA,NA,NA,NA,NA,NA,NA
135,asokwa 6c,1.042,13.96,1,254.0050459,1.15,4.175095826,Long-duration,Low-intensity,Moderate,,0.73441933,0.765082041,76.5082041,765.082041,NA,NA,NA,NA,NA,76.5082041,731.213453,34.82229021,39.26,7.78,40.13,3.99,9.86,asokwa6,0.03751238,0.017924062,0.013862674,0.285735297,>=LOQ,LOD–LOQ,>=LOQ,>=LOQ,TRUE,FALSE,TRUE,TRUE,0.03751238,NA,0.013862674,0.285735297,3,FALSE,PPa+PCa+POCC,0.0390879,39.08789996,3.908789996,3.908789996,0.018676873,18.6768726,1.86768726,1.86768726,0.014444906,14.44490631,1.444490631,1.444490631,0.297736179,297.7361795,29.77361795,29.77361795,5.108981503,2.441159458,1.88802057,38.91558859,48.35375012,FALSE,0.369945858,36.99458583,36.99458583,10.56584337,10.56584337,5.048542154,5.048542154,3.904600087,3.904600087,80.48101439,80.48101439
136,atonsu 1a,1.025,29.08,0.96,246.2033367,1.35,2.545320203,Long-duration,Low-intensity,Moderate,,NA,NA,NA,NA,NA,NA,NA,NA,NA,NA,145.0413398,7.126123916,8.55,6.45,13.98,1.35,10.47,atonsu1,NA,NA,NA,NA,NA,NA,NA,NA,NA,NA,NA,NA,NA,NA,NA,NA,NA,NA,NA,NA,NA,NA,NA,NA,NA,NA,NA,NA,NA,NA,NA,NA,NA,NA,NA,NA,NA,NA,NA,0,FALSE,0,0,0,NA,NA,NA,NA,NA,NA,NA,NA
137,atonsu 1b,1.014,16.13,1.1,281.4740452,1.31,1.430311196,Long-duration,Low-intensity,Moderate,,0.406126077,0.411934944,45.31284384,411.934944,134,135.876,0.135876,14.94636,14.2723816,45.31284384,216.3753153,9.29875619,11.33,6.6,22.67,2.5,17.3,atonsu1,0.02653794,0.016562258,0.00271225,0.191543138,>=LOQ,LOD–LOQ,<LOD,>=LOQ,TRUE,FALSE,FALSE,TRUE,0.02653794,NA,NA,0.191543138,2,FALSE,PPa+POCC,0.026909471,26.90947116,2.960041828,2.960041828,0.01679413,16.79412961,1.847354257,1.847354257,0.002750222,2.7502215,0.302524365,0,0.194224742,194.2247419,21.36472161,21.36472161,6.532456533,4.076888804,0.667634912,47.14937268,58.42635293,FALSE,0.240678564,26.47464206,26.1721177,11.18066798,11.30990569,6.977825245,7.058482155,1.142694826,0,80.69881195,81.63161216
138,atonsu 1c,1.013,20.79,1.05,266.6696435,1.32,1.25261972,Long-duration,Low-intensity,Moderate,,NA,NA,NA,NA,NA,NA,NA,NA,NA,NA,159.7755491,7.247567023,8.49,7.58,9.21,0.96,12.08,atonsu1,NA,NA,NA,NA,NA,NA,NA,NA,NA,NA,NA,NA,NA,NA,NA,NA,NA,NA,NA,NA,NA,NA,NA,NA,NA,NA,NA,NA,NA,NA,NA,NA,NA,NA,NA,NA,NA,NA,NA,0,FALSE,0,0,0,NA,NA,NA,NA,NA,NA,NA,NA
139,atonsu 2a,1.09,32.45,0.81,207.5554008,1.17,9.002222607,Long-duration,Low-intensity,Moderate,,NA,NA,NA,NA,NA,NA,NA,NA,NA,NA,239.4493248,13.95516834,16.8,7.61,22.24,1.81,11.6,atonsu2,NA,NA,NA,NA,NA,NA,NA,NA,NA,NA,NA,NA,NA,NA,NA,NA,NA,NA,NA,NA,NA,NA,NA,NA,NA,NA,NA,NA,NA,NA,NA,NA,NA,NA,NA,NA,NA,NA,NA,0,FALSE,0,0,0,NA,NA,NA,NA,NA,NA,NA,NA
140,atonsu 2b,1.022,14.15,1.01,257.7415999,1.17,2.1798577,Long-duration,Low-intensity,Moderate,,NA,NA,NA,NA,NA,NA,NA,NA,NA,NA,154.1343389,7.23386477,9.29,7.13,11.18,1.13,9.5,atonsu2,NA,NA,NA,NA,NA,NA,NA,NA,NA,NA,NA,NA,NA,NA,NA,NA,NA,NA,NA,NA,NA,NA,NA,NA,NA,NA,NA,NA,NA,NA,NA,NA,NA,NA,NA,NA,NA,NA,NA,0,FALSE,0,0,0,NA,NA,NA,NA,NA,NA,NA,NA
141,atonsu 2c,1.01,11.36,1.31,335.1884261,1.48,0.964106649,Long-duration,Low-intensity,Moderate,,0.794061074,0.80171667,105.0248838,801.71667,NA,NA,NA,NA,NA,105.0248838,322.8229166,11.65013195,14.1,7.9,9,1.18,11.25,atonsu2,0.081824975,0.013900411,0.372015088,0.22472295,>=LOQ,LOD–LOQ,>=LOQ,>=LOQ,TRUE,FALSE,TRUE,TRUE,0.081824975,NA,0.372015088,0.22472295,3,FALSE,PPa+PCa+POCC,0.082643225,82.64322475,10.82626244,10.82626244,0.014039415,14.03941511,1.839163379,1.839163379,0.375735239,375.7352389,49.22131629,49.22131629,0.22697018,226.9701795,29.73309351,29.73309351,10.30828319,1.751169164,46.86633732,28.31052266,87.23631233,FALSE,0.699388058,91.61983563,91.61983563,11.81650498,11.81650498,2.007385592,2.007385592,53.72342785,53.72342785,32.45268157,32.45268157
142,atonsu 3a,1.013,15.53,1.23,312.7539814,1.45,1.268095328,Long-duration,Low-intensity,Moderate,,0.536174799,0.542974007,66.78580286,542.974007,NA,NA,NA,NA,NA,66.78580286,259.5972023,10.04043809,12.21,7.56,15.37,1.88,12.26,atonsu3,0.063999325,0.018653439,0.260600875,0.333069056,>=LOQ,LOD–LOQ,>=LOQ,>=LOQ,TRUE,FALSE,TRUE,TRUE,0.063999325,NA,0.260600875,0.333069056,3,FALSE,PPa+PCa+POCC,0.064831316,64.83131623,7.974251896,7.974251896,0.018895934,18.89593371,2.324199846,2.324199846,0.263988686,263.9886864,32.47060842,32.47060842,0.337398954,337.3989537,41.50007131,41.50007131,11.94004048,3.480080715,48.61902835,62.13906179,126.1782113,TRUE,0.68511489,84.26913147,84.26913147,9.462838594,9.462838594,2.758067878,2.758067878,38.53203167,38.53203167,49.24706186,49.24706186
143,atonsu 3b,1.016,14.18,1.02,261.2016794,1.19,1.599653026,Long-duration,Low-intensity,Moderate,,NA,NA,NA,NA,NA,NA,NA,NA,NA,NA,298.653925,13.83081472,17.91,6.86,26.06,2.67,9.95,atonsu3,NA,NA,NA,NA,NA,NA,NA,NA,NA,NA,NA,NA,NA,NA,NA,NA,NA,NA,NA,NA,NA,NA,NA,NA,NA,NA,NA,NA,NA,NA,NA,NA,NA,NA,NA,NA,NA,NA,NA,0,FALSE,0,0,0,NA,NA,NA,NA,NA,NA,NA,NA
144,atonsu 3c,1.025,8.69,1.1,281.6138064,1.21,2.459465198,Long-duration,Low-intensity,Moderate,,NA,NA,NA,NA,NA,NA,NA,NA,NA,NA,363.4516116,15.6116267,18.63,7.19,23.36,2.58,9.7,atonsu3,NA,NA,NA,NA,NA,NA,NA,NA,NA,NA,NA,NA,NA,NA,NA,NA,NA,NA,NA,NA,NA,NA,NA,NA,NA,NA,NA,NA,NA,NA,NA,NA,NA,NA,NA,NA,NA,NA,NA,0,FALSE,0,0,0,NA,NA,NA,NA,NA,NA,NA,NA
145,ayeduase 1a,1.013,20,1.07,273.5120108,1.34,1.267947671,Long-duration,Low-intensity,Moderate,,NA,NA,NA,NA,NA,NA,NA,NA,NA,NA,81.71334812,3.613866498,5.15,5.6,12.58,1.35,10.82,ayeduase1,NA,NA,NA,NA,NA,NA,NA,NA,NA,NA,NA,NA,NA,NA,NA,NA,NA,NA,NA,NA,NA,NA,NA,NA,NA,NA,NA,NA,NA,NA,NA,NA,NA,NA,NA,NA,NA,NA,NA,0,FALSE,0,0,0,NA,NA,NA,NA,NA,NA,NA,NA
146,ayeduase 1b,1.01,13.69,1.19,303.2508959,1.38,0.956008421,Long-duration,Low-intensity,Moderate,,0.201339856,0.203264682,24.18849716,203.264682,NA,NA,NA,NA,NA,24.18849716,142.8510037,5.698187102,7.36,6.22,16.8,2,11.68,ayeduase1,0.012268494,0.019762661,0.004496063,0.076514426,>=LOQ,LOD–LOQ,LOD–LOQ,>=LOQ,TRUE,FALSE,FALSE,TRUE,0.012268494,NA,NA,0.076514426,2,FALSE,PPa+POCC,0.012391179,12.39117894,1.474550294,1.474550294,0.019960288,19.96028761,2.375274226,2.375274226,0.004541024,4.54102363,0.540381812,0.540381812,0.07727957,77.27957026,9.196268861,9.196268861,6.096080646,9.819850361,2.234044589,38.01918243,56.16915802,FALSE,0.11417206,13.58647519,13.58647519,10.85307464,10.85307464,17.48263764,17.48263764,3.977351037,3.977351037,67.68693668,67.68693668
147,ayeduase 1c,1.011,28.22,1.05,267.8671861,1.46,1.083676549,Long-duration,Low-intensity,Moderate,,NA,NA,NA,NA,NA,NA,NA,NA,NA,NA,83.05285162,3.750511787,5.65,5.89,15.54,1.63,11.56,ayeduase1,NA,NA,NA,NA,NA,NA,NA,NA,NA,NA,NA,NA,NA,NA,NA,NA,NA,NA,NA,NA,NA,NA,NA,NA,NA,NA,NA,NA,NA,NA,NA,NA,NA,NA,NA,NA,NA,NA,NA,0,FALSE,0,0,0,NA,NA,NA,NA,NA,NA,NA,NA
148,ayeduase 2a,1.006,14.7,1.3,331.0720906,1.52,0.618569024,Long-duration,High-intensity,Strong,,NA,NA,NA,NA,NA,NA,NA,NA,NA,NA,102.060531,3.728986009,4.6,6.36,8.05,1.04,11.91,ayeduase2,NA,NA,NA,NA,NA,NA,NA,NA,NA,NA,NA,NA,NA,NA,NA,NA,NA,NA,NA,NA,NA,NA,NA,NA,NA,NA,NA,NA,NA,NA,NA,NA,NA,NA,NA,NA,NA,NA,NA,0,FALSE,0,0,0,NA,NA,NA,NA,NA,NA,NA,NA
149,ayeduase 2b,1.012,11.26,1.25,320.2273646,1.41,1.153129245,Long-duration,High-intensity,Strong,,0.263935272,0.266978787,33.37234838,266.978787,NA,NA,NA,NA,NA,33.37234838,221.5404294,8.368546886,9.92,7.07,15.34,1.92,11.92,ayeduase2,0.010941224,0.014233566,0.028439018,0.10737338,LOD–LOQ,LOD–LOQ,>=LOQ,>=LOQ,FALSE,FALSE,TRUE,TRUE,NA,NA,0.028439018,0.10737338,2,FALSE,PCa+POCC,0.011072519,11.07251869,1.384064836,1.384064836,0.014404369,14.40436879,1.800546099,1.800546099,0.028780286,28.78028622,3.597535777,3.597535777,0.108661861,108.6618606,13.58273257,13.58273257,4.147340248,5.395323334,10.77998988,40.70055969,61.02321315,FALSE,0.162919034,20.36487928,20.36487928,6.79633214,6.79633214,8.841427804,8.841427804,17.66539211,17.66539211,66.69684795,66.69684795
150,ayeduase 2c,1.017,13.25,1.21,309.2757403,1.39,1.679491469,Long-duration,High-intensity,Strong,,NA,NA,NA,NA,NA,NA,NA,NA,NA,NA,404.8504087,15.83449541,17.96,7.6,18.82,2.28,12.84,ayeduase2,NA,NA,NA,NA,NA,NA,NA,NA,NA,NA,NA,NA,NA,NA,NA,NA,NA,NA,NA,NA,NA,NA,NA,NA,NA,NA,NA,NA,NA,NA,NA,NA,NA,NA,NA,NA,NA,NA,NA,0,FALSE,0,0,0,NA,NA,NA,NA,NA,NA,NA,NA
151,ayeduase 3a,1.025,33.41,0.86,219.6626425,1.28,2.539056003,Long-duration,High-intensity,Strong,,0.41781222,0.428420706,36.84418072,428.420706,NA,NA,NA,NA,NA,36.84418072,130.0717055,7.162788584,9.96,6.11,23.19,2,12.23,ayeduase3,0.017747055,0.00977188,0.020100667,0.162733114,>=LOQ,LOD–LOQ,>=LOQ,>=LOQ,TRUE,FALSE,TRUE,TRUE,0.017747055,NA,0.020100667,0.162733114,3,FALSE,PPa+PCa+POCC,0.018190731,18.19073138,1.564402898,1.564402898,0.010016177,10.016177,0.861391222,0.861391222,0.020603184,20.60318368,1.771873796,1.771873796,0.166801442,166.8014419,14.344924,14.344924,4.245997245,2.337930184,4.809100818,38.93402898,50.32705723,FALSE,0.215611534,18.54259192,18.54259192,8.436808109,8.436808109,4.645473653,4.645473653,9.555696443,9.555696443,77.3620218,77.3620218
152,ayeduase 3b,1.025,29.44,0.97,246.459829,1.36,2.462945373,Long-duration,High-intensity,Strong,,NA,NA,NA,NA,NA,NA,NA,NA,NA,NA,177.9719196,8.73495845,11.09,6.9,15.67,1.51,10.52,ayeduase3,NA,NA,NA,NA,NA,NA,NA,NA,NA,NA,NA,NA,NA,NA,NA,NA,NA,NA,NA,NA,NA,NA,NA,NA,NA,NA,NA,NA,NA,NA,NA,NA,NA,NA,NA,NA,NA,NA,NA,0,FALSE,0,0,0,NA,NA,NA,NA,NA,NA,NA,NA
153,ayeduase 3c,1.019,45.92,0.72,182.9185308,1.31,1.892355657,Long-duration,High-intensity,Strong,,NA,NA,NA,NA,NA,NA,NA,NA,NA,NA,104.0615419,6.881578268,9.67,6.74,16.3,1.17,11.22,ayeduase3,NA,NA,NA,NA,NA,NA,NA,NA,NA,NA,NA,NA,NA,NA,NA,NA,NA,NA,NA,NA,NA,NA,NA,NA,NA,NA,NA,NA,NA,NA,NA,NA,NA,NA,NA,NA,NA,NA,NA,0,FALSE,0,0,0,NA,NA,NA,NA,NA,NA,NA,NA
154,baworo 1a,1.007,5.28,1.3,331.5919104,1.37,0.705110579,Short-duration,Low-intensity,Weak,,NA,NA,NA,NA,NA,NA,NA,NA,NA,NA,98.97111801,3.610439327,5.02,6.17,12.39,1.61,12.6,baworo1,NA,NA,NA,NA,NA,NA,NA,NA,NA,NA,NA,NA,NA,NA,NA,NA,NA,NA,NA,NA,NA,NA,NA,NA,NA,NA,NA,NA,NA,NA,NA,NA,NA,NA,NA,NA,NA,NA,NA,0,FALSE,0,0,0,NA,NA,NA,NA,NA,NA,NA,NA
155,baworo 1b,1.011,2.78,1.22,311.7100152,1.26,1.052255197,Short-duration,Low-intensity,Weak,,0.122902803,0.124196054,15.15191859,124.196054,NA,NA,NA,NA,NA,15.15191859,107.4107174,4.168236599,6.05,5.89,15.9,1.94,14.03,baworo1,0.00844389,0.005479479,0.00328325,0.057729254,LOD–LOQ,<LOD,LOD–LOQ,>=LOQ,FALSE,FALSE,FALSE,TRUE,NA,NA,NA,0.057729254,1,FALSE,POCC,0.008536773,8.53677279,1.04148628,1.04148628,0.005539753,5.539753269,0.675849899,0,0.003319366,3.31936575,0.404962622,0.404962622,0.058364276,58.36427579,7.120441647,7.120441647,6.873626428,4.460490564,2.672682137,46.99366358,61.00046271,FALSE,0.075760168,9.242740448,8.566890549,11.26815457,12.15710968,7.312224147,0,4.381412892,4.727066597,77.03820839,83.11582372
156,baworo 1c,1.028,1.47,1.25,319.6160529,1.27,2.832757299,Short-duration,Low-intensity,Weak,,NA,NA,NA,NA,NA,NA,NA,NA,NA,NA,179.1900873,6.7817363,9.54,6.11,21.97,2.75,10,baworo1,NA,NA,NA,NA,NA,NA,NA,NA,NA,NA,NA,NA,NA,NA,NA,NA,NA,NA,NA,NA,NA,NA,NA,NA,NA,NA,NA,NA,NA,NA,NA,NA,NA,NA,NA,NA,NA,NA,NA,0,FALSE,0,0,0,NA,NA,NA,NA,NA,NA,NA,NA
157,baworo 2a,1.007,8.52,1.25,317.7430449,1.36,0.694572262,Short-duration,Low-intensity,Weak,,NA,NA,NA,NA,NA,NA,NA,NA,NA,NA,73.87387211,2.812356111,4.25,5.68,13.61,1.7,12.37,baworo2,NA,NA,NA,NA,NA,NA,NA,NA,NA,NA,NA,NA,NA,NA,NA,NA,NA,NA,NA,NA,NA,NA,NA,NA,NA,NA,NA,NA,NA,NA,NA,NA,NA,NA,NA,NA,NA,NA,NA,0,FALSE,0,0,0,NA,NA,NA,NA,NA,NA,NA,NA
158,baworo 2b,1.007,7.69,1.36,348.1981367,1.48,0.732876777,Short-duration,Low-intensity,Weak,,NA,NA,NA,NA,NA,NA,NA,NA,NA,NA,106.7605448,3.708854877,5.08,6.52,10.64,1.45,12.38,baworo2,NA,NA,NA,NA,NA,NA,NA,NA,NA,NA,NA,NA,NA,NA,NA,NA,NA,NA,NA,NA,NA,NA,NA,NA,NA,NA,NA,NA,NA,NA,NA,NA,NA,NA,NA,NA,NA,NA,NA,0,FALSE,0,0,0,NA,NA,NA,NA,NA,NA,NA,NA
159,baworo 2c,1.01,6.58,1.27,324.2390701,1.36,0.977960456,Short-duration,Low-intensity,Weak,,0.136468633,0.137803243,17.50101186,137.803243,NA,NA,NA,NA,NA,17.50101186,90.75282889,3.385714457,5.16,6.06,16.04,2.04,10.88,baworo2,0.01238539,0.007141813,0.002210415,0.060193198,>=LOQ,<LOD,<LOD,>=LOQ,TRUE,FALSE,FALSE,TRUE,0.01238539,NA,NA,0.060193198,2,FALSE,PPa+POCC,0.012509244,12.5092439,1.588673975,1.588673975,0.007213231,7.21323113,0.916080354,0,0.002232519,2.23251915,0.283529932,0,0.06079513,60.79512998,7.720981507,7.720981507,9.077612128,5.234442218,1.620077366,44.11734344,60.04947515,FALSE,0.082750124,10.50926577,9.309655483,15.11688838,17.06479878,8.716882546,0,2.69790429,0,73.46832479,82.93520122
160,baworo 3a,1.011,2.5,1.3,332.1148491,1.33,1.088524318,Short-duration,Low-intensity,Weak,,0.148905579,0.150526452,19.56843876,150.526452,NA,NA,NA,NA,NA,19.56843876,116.9944958,4.261207064,6.06,6.34,12,1.56,11.2,baworo3,0.00997247,0.00737765,NA,0.060551675,LOD–LOQ,<LOD,NA,>=LOQ,FALSE,FALSE,FALSE,TRUE,NA,NA,NA,0.060551675,1,FALSE,POCC,0.010082167,10.08216717,1.310681732,1.310681732,0.007458804,7.45880415,0.96964454,0,NA,NA,NA,NA,0.061217743,61.21774343,7.958306645,7.958306645,6.697937164,4.955145126,NA,40.66909345,52.32217574,FALSE,0.078758715,10.23863292,9.268988377,12.80133532,14.14050465,9.470449301,0,NA,NA,77.72821538,85.85949535
161,baworo 3b,1.011,1.41,1.24,315.4020462,1.25,1.13441045,Short-duration,Low-intensity,Weak,,NA,NA,NA,NA,NA,NA,NA,NA,NA,NA,148.8518786,5.708806399,7.7,6.43,18.04,2.23,10.47,baworo3,NA,NA,NA,NA,NA,NA,NA,NA,NA,NA,NA,NA,NA,NA,NA,NA,NA,NA,NA,NA,NA,NA,NA,NA,NA,NA,NA,NA,NA,NA,NA,NA,NA,NA,NA,NA,NA,NA,NA,0,FALSE,0,0,0,NA,NA,NA,NA,NA,NA,NA,NA
162,baworo 3c,1.011,7.45,1.26,320.3724442,1.36,1.057380516,Short-duration,Low-intensity,Weak,,NA,NA,NA,NA,NA,NA,NA,NA,NA,NA,156.9383627,5.92556088,7.53,7.47,10.62,1.33,11.65,baworo3,NA,NA,NA,NA,NA,NA,NA,NA,NA,NA,NA,NA,NA,NA,NA,NA,NA,NA,NA,NA,NA,NA,NA,NA,NA,NA,NA,NA,NA,NA,NA,NA,NA,NA,NA,NA,NA,NA,NA,0,FALSE,0,0,0,NA,NA,NA,NA,NA,NA,NA,NA
163,boadi 1a,1.011,25.38,0.96,244.2360241,1.28,1.119399125,Long-duration,High-intensity,Strong,,NA,NA,NA,NA,NA,NA,NA,NA,NA,NA,65.46387589,3.242257437,5.12,5.82,15.42,1.48,14.15,boadi1,NA,NA,NA,NA,NA,NA,NA,NA,NA,NA,NA,NA,NA,NA,NA,NA,NA,NA,NA,NA,NA,NA,NA,NA,NA,NA,NA,NA,NA,NA,NA,NA,NA,NA,NA,NA,NA,NA,NA,0,FALSE,0,0,0,NA,NA,NA,NA,NA,NA,NA,NA
164,boadi 1b,1.007,21.32,0.97,247.3558848,1.23,0.684889809,Long-duration,High-intensity,Strong,,NA,NA,NA,NA,NA,NA,NA,NA,NA,NA,43.4753154,2.126062347,3.76,5.97,12.59,1.22,12.84,boadi1,NA,NA,NA,NA,NA,NA,NA,NA,NA,NA,NA,NA,NA,NA,NA,NA,NA,NA,NA,NA,NA,NA,NA,NA,NA,NA,NA,NA,NA,NA,NA,NA,NA,NA,NA,NA,NA,NA,NA,0,FALSE,0,0,0,NA,NA,NA,NA,NA,NA,NA,NA
165,boadi 1c,1.008,22.47,1.11,283.4377961,1.43,0.801658757,Long-duration,High-intensity,Strong,,0.174185468,0.175581841,19.48958435,175.581841,NA,NA,NA,NA,NA,19.48958435,71.60945905,3.056104021,4.55,6.48,11.55,1.28,13.42,boadi1,0.00650889,0.006821379,0.000282953,0.088122257,LOD–LOQ,<LOD,<LOD,>=LOQ,FALSE,FALSE,FALSE,TRUE,NA,NA,NA,0.088122257,1,FALSE,POCC,0.006560961,6.56096112,0.728266684,0.728266684,0.00687595,6.875950032,0.763230454,0,0.000285217,0.285216624,0.031659045,0,0.088827235,88.82723506,9.859823091,9.859823091,3.736696849,3.916094052,0.162440844,50.59021739,58.40544913,FALSE,0.102549363,11.38297927,10.58808978,6.397856543,6.87816877,6.705014875,0,0.278126179,0,86.6190024,93.12183123
166,boadi 2a,1.01,13.84,1.22,310.7861517,1.41,0.9729675,Long-duration,High-intensity,Strong,,NA,NA,NA,NA,NA,NA,NA,NA,NA,NA,90.20297998,3.510869833,5.04,5.65,15.66,1.91,10.9,boadi2,NA,NA,NA,NA,NA,NA,NA,NA,NA,NA,NA,NA,NA,NA,NA,NA,NA,NA,NA,NA,NA,NA,NA,NA,NA,NA,NA,NA,NA,NA,NA,NA,NA,NA,NA,NA,NA,NA,NA,0,FALSE,0,0,0,NA,NA,NA,NA,NA,NA,NA,NA
167,boadi 2b,1.014,10.34,1.19,303.35956,1.32,1.440679817,Long-duration,High-intensity,Strong,,0.277772265,0.281774074,33.53111481,281.774074,NA,NA,NA,NA,NA,33.53111481,124.5873821,4.967888915,7.01,6.02,17.6,2.09,10.32,boadi2,0.013309831,0.014765795,0.000425273,0.115292475,>=LOQ,LOD–LOQ,<LOD,>=LOQ,TRUE,FALSE,FALSE,TRUE,0.013309831,NA,NA,0.115292475,2,FALSE,PPa+POCC,0.013496169,13.49616863,1.606044067,1.606044067,0.014972516,14.97251613,1.781729419,1.781729419,0.000431227,0.431226822,0.051315992,0,0.11690657,116.9065697,13.91188179,13.91188179,4.789712709,5.313659954,0.153039922,41.48946991,51.7458825,FALSE,0.145806481,17.35097127,17.29965528,9.25621997,9.283676709,10.26875898,10.29921921,0.295752849,0,80.1792682,80.41710408
168,boadi 2c,1.02,14.49,0.93,237.2239384,1.08,2.004882667,Long-duration,High-intensity,Strong,,NA,NA,NA,NA,NA,NA,NA,NA,NA,NA,152.5121665,7.776809853,10.27,6.49,24.91,2.32,10.81,boadi2,NA,NA,NA,NA,NA,NA,NA,NA,NA,NA,NA,NA,NA,NA,NA,NA,NA,NA,NA,NA,NA,NA,NA,NA,NA,NA,NA,NA,NA,NA,NA,NA,NA,NA,NA,NA,NA,NA,NA,0,FALSE,0,0,0,NA,NA,NA,NA,NA,NA,NA,NA
169,boadi 3a,1.009,14.42,1.3,332.074124,1.52,0.887113983,Long-duration,Low-intensity,Moderate,,NA,NA,NA,NA,NA,NA,NA,NA,NA,NA,388.8621309,14.16498496,15.14,7.82,9.92,1.29,10.14,boadi3,NA,NA,NA,NA,NA,NA,NA,NA,NA,NA,NA,NA,NA,NA,NA,NA,NA,NA,NA,NA,NA,NA,NA,NA,NA,NA,NA,NA,NA,NA,NA,NA,NA,NA,NA,NA,NA,NA,NA,0,FALSE,0,0,0,NA,NA,NA,NA,NA,NA,NA,NA
170,boadi 3b,1.006,1.43,1.51,385.9187805,1.53,0.560019254,Long-duration,Low-intensity,Moderate,,0.153993336,0.154855728,23.38321493,154.855728,NA,NA,NA,NA,NA,23.38321493,57.49475938,1.802137188,2.46,5.56,9.46,1.43,12.9,boadi3,0.014815169,0.019148557,0.001477187,0.041166728,>=LOQ,LOD–LOQ,<LOD,>=LOQ,TRUE,FALSE,FALSE,TRUE,0.014815169,NA,NA,0.041166728,2,FALSE,PPa+POCC,0.01490406,14.90406001,2.250513062,2.250513062,0.019263448,19.26344834,2.9087807,2.9087807,0.00148605,1.486050122,0.224393568,0,0.041413728,41.41372837,6.253472984,6.253472984,9.624480932,12.43960982,0.95963523,26.74342687,49.76715285,FALSE,0.077067287,11.63716031,11.41276675,19.33902259,19.71925925,24.99562283,25.48707745,1.928250212,0,53.73710437,54.7936633
171,boadi 3c,1.006,8.34,1.48,376.5497678,1.61,0.600247928,Long-duration,Low-intensity,Moderate,,NA,NA,NA,NA,1036,1042.216,1.042216,154.247968,147.2924418,147.2924418,129.1876395,4.150057179,4.58,7.08,7.2,1.06,14.21,boadi3,NA,NA,NA,NA,NA,NA,NA,NA,NA,NA,NA,NA,NA,NA,NA,NA,NA,NA,NA,NA,NA,NA,NA,NA,NA,NA,NA,NA,NA,NA,NA,NA,NA,NA,NA,NA,NA,NA,NA,0,FALSE,0,0,0,NA,NA,NA,NA,NA,NA,NA,NA
172,bokro 1a,1.02,2.58,1.29,329.8079177,1.33,2.041213064,Long-duration,Low-intensity,Moderate,,NA,NA,NA,NA,NA,NA,NA,NA,NA,NA,271.9724762,9.975148726,13.97,7.12,20.73,2.68,13.35,bokro1,NA,NA,NA,NA,NA,NA,NA,NA,NA,NA,NA,NA,NA,NA,NA,NA,NA,NA,NA,NA,NA,NA,NA,NA,NA,NA,NA,NA,NA,NA,NA,NA,NA,NA,NA,NA,NA,NA,NA,0,FALSE,0,0,0,NA,NA,NA,NA,NA,NA,NA,NA
173,bokro 1b,1.032,1.42,1.53,389.9872068,1.55,3.180307718,Long-duration,Low-intensity,Moderate,,0.536829103,0.55390192,84.74699376,553.90192,NA,NA,NA,NA,NA,84.74699376,139.9163281,4.339838222,5.85,5.63,12.02,1.84,12.25,bokro1,0.069987193,0.035752467,0.019262144,0.101754516,>=LOQ,>=LOQ,>=LOQ,>=LOQ,TRUE,TRUE,TRUE,TRUE,0.069987193,0.035752467,0.019262144,0.101754516,4,TRUE,PPa+PSOM+PCa+POCC,0.072226783,72.22678318,11.05069783,11.05069783,0.036896546,36.89654594,5.645171529,5.645171529,0.019878533,19.87853261,3.041415489,3.041415489,0.105010661,105.0106605,16.06663106,16.06663106,13.03963402,6.661205642,3.588818145,18.95834925,42.24800706,FALSE,0.234012522,35.8039159,35.8039159,30.86449498,30.86449498,15.76691093,15.76691093,8.494644824,8.494644824,44.87394927,44.87394927
174,bokro 1c,1.033,1.22,1.5,382.3844256,1.52,3.327953107,Long-duration,Low-intensity,Moderate,,NA,NA,NA,NA,NA,NA,NA,NA,NA,NA,274.6483171,8.688248792,10.15,5.94,18.19,2.73,15.99,bokro1,NA,NA,NA,NA,NA,NA,NA,NA,NA,NA,NA,NA,NA,NA,NA,NA,NA,NA,NA,NA,NA,NA,NA,NA,NA,NA,NA,NA,NA,NA,NA,NA,NA,NA,NA,NA,NA,NA,NA,0,FALSE,0,0,0,NA,NA,NA,NA,NA,NA,NA,NA
175,bokro 2a,1.036,13.2,1.14,291.9473762,1.31,3.638540593,Long-duration,Low-intensity,Moderate,,NA,NA,NA,NA,NA,NA,NA,NA,NA,NA,713.2204125,29.55117062,32.08,8.11,14.6,1.67,11.22,bokro2,NA,NA,NA,NA,NA,NA,NA,NA,NA,NA,NA,NA,NA,NA,NA,NA,NA,NA,NA,NA,NA,NA,NA,NA,NA,NA,NA,NA,NA,NA,NA,NA,NA,NA,NA,NA,NA,NA,NA,0,FALSE,0,0,0,NA,NA,NA,NA,NA,NA,NA,NA
176,bokro 2b,1.014,3.8,1.21,309.4602003,1.26,1.370063,Long-duration,Low-intensity,Moderate,,NA,NA,NA,NA,NA,NA,NA,NA,NA,NA,267.6114231,10.46056993,12.68,7.52,15.56,1.89,10.48,bokro2,NA,NA,NA,NA,NA,NA,NA,NA,NA,NA,NA,NA,NA,NA,NA,NA,NA,NA,NA,NA,NA,NA,NA,NA,NA,NA,NA,NA,NA,NA,NA,NA,NA,NA,NA,NA,NA,NA,NA,0,FALSE,0,0,0,NA,NA,NA,NA,NA,NA,NA,NA
177,bokro 2c,1.035,10.88,1.26,322.1534607,1.41,3.512779066,Long-duration,Low-intensity,Moderate,,0.507392502,0.525216079,66.17722595,525.216079,NA,NA,NA,NA,NA,66.17722595,413.0653714,15.50998897,17.26,7.86,16.44,2.08,11.4,bokro2,0.030899527,0.023146287,0.103451601,0.142671958,>=LOQ,LOD–LOQ,>=LOQ,>=LOQ,TRUE,FALSE,TRUE,TRUE,0.030899527,NA,0.103451601,0.142671958,3,FALSE,PPa+PCa+POCC,0.03198101,31.98101045,4.029607316,4.029607316,0.023956407,23.95640705,3.018507288,3.018507288,0.107072407,107.072407,13.49112329,13.49112329,0.147665477,147.6654765,18.60585004,18.60585004,6.089114885,4.561247837,20.3863536,28.11518581,59.15190214,FALSE,0.310675301,39.14508793,39.14508793,10.29403056,10.29403056,7.711075507,7.711075507,34.4644092,34.4644092,47.53048473,47.53048473
178,bokro 3a,1.024,0.77,1.63,415.0485039,1.64,2.419354839,Long-duration,Low-intensity,Moderate,,NA,NA,NA,NA,NA,NA,NA,NA,NA,NA,163.0038152,4.750665129,5.55,6.88,7.59,1.24,14.29,bokro3,NA,NA,NA,NA,NA,NA,NA,NA,NA,NA,NA,NA,NA,NA,NA,NA,NA,NA,NA,NA,NA,NA,NA,NA,NA,NA,NA,NA,NA,NA,NA,NA,NA,NA,NA,NA,NA,NA,NA,0,FALSE,0,0,0,NA,NA,NA,NA,NA,NA,NA,NA
179,bokro 3b,1.012,3.48,1.43,365.6564327,1.48,1.204290955,Long-duration,Low-intensity,Moderate,,NA,NA,NA,NA,NA,NA,NA,NA,NA,NA,204.472199,6.764201734,8.36,7.89,7.33,1.05,10.62,bokro3,NA,NA,NA,NA,NA,NA,NA,NA,NA,NA,NA,NA,NA,NA,NA,NA,NA,NA,NA,NA,NA,NA,NA,NA,NA,NA,NA,NA,NA,NA,NA,NA,NA,NA,NA,NA,NA,NA,NA,0,FALSE,0,0,0,NA,NA,NA,NA,NA,NA,NA,NA
180,bokro 3c,1.016,4.71,1.45,370.401657,1.52,1.624815362,Long-duration,Low-intensity,Moderate,,0.337829552,0.343318658,49.78120541,343.318658,NA,NA,NA,NA,NA,49.78120541,180.5948823,5.897772554,7.07,7.02,9.75,1.42,12.66,bokro3,0.026913117,0.007050086,0.012834665,0.129042447,>=LOQ,<LOD,>=LOQ,>=LOQ,TRUE,FALSE,TRUE,TRUE,0.026913117,NA,0.012834665,0.129042447,3,FALSE,PPa+PCa+POCC,0.027343727,27.34372687,3.964840396,3.964840396,0.007162887,7.162887376,1.03861867,0,0.01304002,13.04001964,1.890802848,1.890802848,0.131107126,131.1071262,19.01053329,19.01053329,7.964532726,2.086367056,3.798226323,38.1881739,52.03730001,FALSE,0.17865376,25.90479521,24.86617654,15.30543038,15.94471265,4.009368386,0,7.299045728,7.603914679,73.3861555,76.45137267
181,bosore 1a,1.034,1.55,1.55,396.0704515,1.58,3.362924045,Short-duration,Low-intensity,Weak,,NA,NA,NA,NA,NA,NA,NA,NA,NA,NA,115.8627145,3.538561577,5.25,5.42,11.9,1.85,11.69,bosore1,NA,NA,NA,NA,NA,NA,NA,NA,NA,NA,NA,NA,NA,NA,NA,NA,NA,NA,NA,NA,NA,NA,NA,NA,NA,NA,NA,NA,NA,NA,NA,NA,NA,NA,NA,NA,NA,NA,NA,0,FALSE,0,0,0,NA,NA,NA,NA,NA,NA,NA,NA
182,bosore 1b,1.006,4.13,1.44,366.8004242,1.5,0.602391821,Short-duration,Low-intensity,Weak,,0.135565823,0.136382461,19.63907438,136.382461,NA,NA,NA,NA,NA,19.63907438,107.213379,3.535693876,4.38,6.7,8.31,1.19,12.38,bosore1,0.021250283,0.008942133,0.000212848,0.036884567,>=LOQ,<LOD,<LOD,>=LOQ,TRUE,FALSE,FALSE,TRUE,0.021250283,NA,NA,0.036884567,2,FALSE,PPa+POCC,0.021377785,21.3777847,3.078400997,3.078400997,0.008995786,8.995785798,1.295393155,0,0.000214125,0.214125088,0.030834013,0,0.037105874,37.1058744,5.343245914,5.343245914,15.67487824,6.595999025,0.157003391,27.20721868,49.63509933,FALSE,0.06769357,9.747874078,8.42164691,31.58022941,36.55343224,13.28898121,0,0.316315254,0,54.81447412,63.44656776
183,bosore 1c,1.008,11.09,1.37,348.862302,1.54,0.764685075,Short-duration,Low-intensity,Weak,,NA,NA,NA,NA,NA,NA,NA,NA,NA,NA,420.5019054,14.58039963,15.75,8,7.93,1.08,11.31,bosore1,NA,NA,NA,NA,NA,NA,NA,NA,NA,NA,NA,NA,NA,NA,NA,NA,NA,NA,NA,NA,NA,NA,NA,NA,NA,NA,NA,NA,NA,NA,NA,NA,NA,NA,NA,NA,NA,NA,NA,0,FALSE,0,0,0,NA,NA,NA,NA,NA,NA,NA,NA
184,bosore 2a,1.01,3.28,1.39,355.8521728,1.44,1.047577477,Short-duration,Low-intensity,Weak,,0.151889023,0.153480178,21.33374474,153.480178,150,151.5,0.1515,21.0585,20.10890597,21.33374474,85.34747241,2.901192484,4.25,6.02,12.78,1.78,12.18,bosore2,0.006315898,0.004600164,0.000920511,0.048807406,LOD–LOQ,<LOD,<LOD,>=LOQ,FALSE,FALSE,FALSE,TRUE,NA,NA,NA,0.048807406,1,FALSE,POCC,0.006379057,6.37905698,0.88668892,0.88668892,0.004646166,4.64616564,0.645817024,0,0.000929716,0.92971611,0.129230539,0,0.04929548,49.29548006,6.852071728,6.852071728,4.156274161,3.027208921,0.605756471,32.11846683,39.90770638,FALSE,0.061250419,8.513808212,7.738760649,10.4147157,11.45776385,7.58552469,0,1.517893475,0,80.48186614,88.54223615
185,bosore 2b,1.011,3.67,1.04,264.9006101,1.08,1.079419907,Short-duration,Low-intensity,Weak,,NA,NA,NA,NA,NA,NA,NA,NA,NA,NA,116.8569147,5.336136852,7.94,6.93,17.67,1.83,12.09,bosore2,NA,NA,NA,NA,NA,NA,NA,NA,NA,NA,NA,NA,NA,NA,NA,NA,NA,NA,NA,NA,NA,NA,NA,NA,NA,NA,NA,NA,NA,NA,NA,NA,NA,NA,NA,NA,NA,NA,NA,0,FALSE,0,0,0,NA,NA,NA,NA,NA,NA,NA,NA
186,bosore 2c,1.011,3.11,1.42,363.4141142,1.47,1.116050707,Short-duration,Low-intensity,Weak,,NA,NA,NA,NA,NA,NA,NA,NA,NA,NA,97.68678307,3.251543133,4.66,5.68,12.08,1.72,11.36,bosore2,NA,NA,NA,NA,NA,NA,NA,NA,NA,NA,NA,NA,NA,NA,NA,NA,NA,NA,NA,NA,NA,NA,NA,NA,NA,NA,NA,NA,NA,NA,NA,NA,NA,NA,NA,NA,NA,NA,NA,0,FALSE,0,0,0,NA,NA,NA,NA,NA,NA,NA,NA
187,bosore 3a,1.009,1.97,1.33,339.3339302,1.36,0.933024813,Short-duration,High-intensity,Mild,,NA,NA,NA,NA,NA,NA,NA,NA,NA,NA,167.2912175,5.963501822,6.92,6.82,12.88,1.71,11.49,bosore3,NA,NA,NA,NA,NA,NA,NA,NA,NA,NA,NA,NA,NA,NA,NA,NA,NA,NA,NA,NA,NA,NA,NA,NA,NA,NA,NA,NA,NA,NA,NA,NA,NA,NA,NA,NA,NA,NA,NA,0,FALSE,0,0,0,NA,NA,NA,NA,NA,NA,NA,NA
188,bosore 3b,1.044,1.56,1.37,348.8013142,1.39,4.394675466,Short-duration,High-intensity,Mild,,0.441850992,0.461268909,63.19384053,461.268909,NA,NA,NA,NA,NA,63.19384053,410.9687873,14.25234176,15.86,7.71,18.73,2.56,11.66,bosore3,0.039515077,0.024380193,0.056798897,0.104372993,>=LOQ,LOD–LOQ,>=LOQ,>=LOQ,TRUE,FALSE,TRUE,TRUE,0.039515077,NA,0.056798897,0.104372993,3,FALSE,PPa+PCa+POCC,0.04125374,41.25374039,5.651762433,5.651762433,0.025452921,25.45292149,3.487050244,3.487050244,0.059298048,59.29804847,8.12383264,8.12383264,0.108965405,108.9654047,14.92826044,14.92826044,8.943533714,5.51802235,12.85541846,23.62296755,50.93994207,FALSE,0.234970115,32.19090576,32.19090576,17.55701587,17.55701587,10.83240798,10.83240798,25.23642143,25.23642143,46.37415472,46.37415472
189,bosore 3c,1.017,3.09,1.42,363.4025057,1.47,1.716414786,Short-duration,High-intensity,Mild,,NA,NA,NA,NA,NA,NA,NA,NA,NA,NA,158.4253461,5.273418625,6.59,6.41,12.41,1.77,11.67,bosore3,NA,NA,NA,NA,NA,NA,NA,NA,NA,NA,NA,NA,NA,NA,NA,NA,NA,NA,NA,NA,NA,NA,NA,NA,NA,NA,NA,NA,NA,NA,NA,NA,NA,NA,NA,NA,NA,NA,NA,0,FALSE,0,0,0,NA,NA,NA,NA,NA,NA,NA,NA
190,bronikrom 1a,1.013,26.34,0.95,241.9087168,1.28,1.269604182,Short-duration,High-intensity,Mild,,0.237796845,0.240815924,22.87751278,240.815924,NA,NA,NA,NA,NA,22.87751278,135.2582789,6.763443101,9.28,6.4,25.3,2.4,12.17,bronikrom1,0.008455164,0.01013664,0.007004089,0.056596967,LOD–LOQ,LOD–LOQ,LOD–LOQ,>=LOQ,FALSE,FALSE,FALSE,TRUE,NA,NA,NA,0.056596967,1,FALSE,POCC,0.008565081,8.565081132,0.813682708,0.813682708,0.010268416,10.26841632,0.97549955,0.97549955,0.007095142,7.095142157,0.674038505,0.674038505,0.057332728,57.33272757,5.446609119,5.446609119,3.556692178,4.264010515,2.94629277,23.80769785,34.57469332,FALSE,0.083261367,7.909829882,7.909829882,10.28698113,10.28698113,12.33275007,12.33275007,8.521529729,8.521529729,68.85873907,68.85873907
191,bronikrom 1b,1.009,30.75,0.93,238.0160364,1.34,0.888160142,Short-duration,High-intensity,Mild,,NA,NA,NA,NA,NA,NA,NA,NA,NA,NA,66.95757911,3.40289874,5.01,6.16,14.91,1.39,12.14,bronikrom1,NA,NA,NA,NA,NA,NA,NA,NA,NA,NA,NA,NA,NA,NA,NA,NA,NA,NA,NA,NA,NA,NA,NA,NA,NA,NA,NA,NA,NA,NA,NA,NA,NA,NA,NA,NA,NA,NA,NA,0,FALSE,0,0,0,NA,NA,NA,NA,NA,NA,NA,NA
192,bronikrom 1c,1.009,19.04,1.02,259.1679666,1.25,0.930683471,Short-duration,High-intensity,Mild,,NA,NA,NA,NA,159,160.431,0.160431,16.363962,15.62605946,15.62605946,53.49449383,2.496797168,3.58,5.41,15.42,1.57,12.32,bronikrom1,NA,NA,NA,NA,NA,NA,NA,NA,NA,NA,NA,NA,NA,NA,NA,NA,NA,NA,NA,NA,NA,NA,NA,NA,NA,NA,NA,NA,NA,NA,NA,NA,NA,NA,NA,NA,NA,NA,NA,0,FALSE,0,0,0,NA,NA,NA,NA,NA,NA,NA,NA
193,bronikrom 2a,1.011,28.93,1.1,280.112566,1.54,1.109351889,Short-duration,High-intensity,Mild,,NA,NA,NA,NA,NA,NA,NA,NA,NA,NA,138.5193992,5.981822321,6.9,6.89,13.3,1.46,12.18,bronikrom2,NA,NA,NA,NA,NA,NA,NA,NA,NA,NA,NA,NA,NA,NA,NA,NA,NA,NA,NA,NA,NA,NA,NA,NA,NA,NA,NA,NA,NA,NA,NA,NA,NA,NA,NA,NA,NA,NA,NA,0,FALSE,0,0,0,NA,NA,NA,NA,NA,NA,NA,NA
194,bronikrom 2b,1.012,17.78,1.19,303.291774,1.44,1.160013647,Short-duration,High-intensity,Mild,,0.178215456,0.180282779,21.4536507,180.282779,NA,NA,NA,NA,NA,21.4536507,95.95241966,3.826932492,5.15,6.17,13.73,1.63,11.23,bronikrom2,0.006616339,0.005003117,6.98E-05,0.049406675,LOD–LOQ,<LOD,<LOD,>=LOQ,FALSE,FALSE,FALSE,TRUE,NA,NA,NA,0.049406675,1,FALSE,POCC,0.006695735,6.695735068,0.796792473,0.796792473,0.005063154,5.063154404,0.602515374,0,7.06E-05,0.070607544,0.008402298,0,0.049999555,49.9995551,5.949947057,5.949947057,3.714018114,2.808451496,0.039164885,27.73396071,34.29559521,FALSE,0.061829052,7.357657202,6.74673953,10.82943186,11.81003757,8.188956859,0,0.114198004,0,80.86741328,88.18996243
195,bronikrom 2c,1.013,8.65,1.23,314.4528551,1.35,1.318844724,Short-duration,High-intensity,Mild,,NA,NA,NA,NA,NA,NA,NA,NA,NA,NA,197.1136889,7.582575531,9.15,6.35,22.48,2.77,11.55,bronikrom2,NA,NA,NA,NA,NA,NA,NA,NA,NA,NA,NA,NA,NA,NA,NA,NA,NA,NA,NA,NA,NA,NA,NA,NA,NA,NA,NA,NA,NA,NA,NA,NA,NA,NA,NA,NA,NA,NA,NA,0,FALSE,0,0,0,NA,NA,NA,NA,NA,NA,NA,NA
196,bronikrom 3a,1.013,15.6,1.02,261.0604042,1.21,1.298395218,Short-duration,High-intensity,Mild,,NA,NA,NA,NA,NA,NA,NA,NA,NA,NA,131.4870689,6.092528086,8.81,6.9,22.61,2.31,11.26,bronikrom3,NA,NA,NA,NA,NA,NA,NA,NA,NA,NA,NA,NA,NA,NA,NA,NA,NA,NA,NA,NA,NA,NA,NA,NA,NA,NA,NA,NA,NA,NA,NA,NA,NA,NA,NA,NA,NA,NA,NA,0,FALSE,0,0,0,NA,NA,NA,NA,NA,NA,NA,NA
197,bronikrom 3b,1.007,8.93,1.36,346.9513839,1.49,0.748985645,Short-duration,High-intensity,Mild,,0.124814643,0.125749487,17.10193023,125.749487,NA,NA,NA,NA,NA,17.10193023,76.94259361,2.68258628,3.66,6.25,11.5,1.56,11.67,bronikrom3,0.005187864,0.005276153,6.50E-05,0.033015309,LOD–LOQ,<LOD,<LOD,LOD–LOQ,FALSE,FALSE,FALSE,FALSE,NA,NA,NA,NA,0,FALSE,NA,0.005224179,5.224179048,0.710488351,0.710488351,0.005313086,5.313086071,0.722579706,0,6.55E-05,0.065459632,0.00890251,0,0.033246416,33.24641616,4.521512598,4.521512598,4.154433686,4.225135384,0.052055586,26.43860978,34.87023443,FALSE,0.043849141,5.963483164,5.232000949,11.91398267,13.57966785,12.11673926,0,0.149283728,0,75.81999435,86.42033215
198,bronikrom 3c,1.01,7.48,1.21,307.4906374,1.3,1.043726947,Short-duration,Low-intensity,Weak,,NA,NA,NA,NA,NA,NA,NA,NA,NA,NA,115.2773533,4.534898822,6.13,6.08,17.02,2.05,11.55,bronikrom3,NA,NA,NA,NA,NA,NA,NA,NA,NA,NA,NA,NA,NA,NA,NA,NA,NA,NA,NA,NA,NA,NA,NA,NA,NA,NA,NA,NA,NA,NA,NA,NA,NA,NA,NA,NA,NA,NA,NA,0,FALSE,0,0,0,NA,NA,NA,NA,NA,NA,NA,NA
199,buokrom 1a,1.012,6.28,1.3,332.1654774,1.39,1.238696641,Long-duration,Low-intensity,Moderate,,NA,NA,NA,NA,NA,NA,NA,NA,NA,NA,297.603955,10.83776443,11.9,7.94,9.61,1.25,14.14,buokrom1,NA,NA,NA,NA,NA,NA,NA,NA,NA,NA,NA,NA,NA,NA,NA,NA,NA,NA,NA,NA,NA,NA,NA,NA,NA,NA,NA,NA,NA,NA,NA,NA,NA,NA,NA,NA,NA,NA,NA,0,FALSE,0,0,0,NA,NA,NA,NA,NA,NA,NA,NA
200,buokrom 1b,1.01,11.01,1.22,311.5893457,1.37,0.953387635,Long-duration,Low-intensity,Moderate,,0.326104388,0.329213427,40.16403809,329.213427,NA,NA,NA,NA,NA,40.16403809,560.7763877,21.77021014,22.7,8.16,11.45,1.4,12.8,buokrom1,NA,NA,NA,NA,NA,NA,NA,NA,NA,NA,NA,NA,NA,NA,NA,NA,NA,NA,NA,NA,NA,NA,NA,NA,NA,NA,NA,NA,NA,NA,NA,NA,NA,NA,NA,NA,NA,NA,NA,0,FALSE,0,0,0,NA,NA,NA,NA,NA,NA,NA,NA
201,buokrom 1c,1.013,7.97,1.14,291.8367754,1.24,1.340894948,Long-duration,Low-intensity,Moderate,,0.61712756,0.625402592,71.29589549,625.402592,610,617.93,0.61793,70.44402,67.26747749,71.29589549,336.0089846,13.92728215,16.21,7.39,18.11,2.07,13.16,buokrom1,0.042382725,0.010110015,0.022514651,0.323209357,>=LOQ,LOD–LOQ,>=LOQ,>=LOQ,TRUE,FALSE,TRUE,TRUE,0.042382725,NA,0.022514651,0.323209357,3,FALSE,PPa+PCa+POCC,0.0429337,42.93370043,4.894441848,4.894441848,0.010241445,10.2414452,1.167524752,1.167524752,0.022807341,22.80734146,2.600036927,2.600036927,0.327411079,327.4110786,37.32486297,37.32486297,6.864970017,1.637576391,3.646825542,52.35205016,64.50142211,FALSE,0.403393566,45.98686649,45.98686649,10.64312971,10.64312971,2.538822149,2.538822149,5.65386843,5.65386843,81.16417971,81.16417971
202,buokrom 2a,1.014,2.7,1.3,331.6372233,1.34,1.399956455,Long-duration,Low-intensity,Moderate,,NA,NA,NA,NA,NA,NA,NA,NA,NA,NA,428.5396823,15.63087445,21.3,7.87,11.83,1.54,10.52,buokrom2,NA,NA,NA,NA,NA,NA,NA,NA,NA,NA,NA,NA,NA,NA,NA,NA,NA,NA,NA,NA,NA,NA,NA,NA,NA,NA,NA,NA,NA,NA,NA,NA,NA,NA,NA,NA,NA,NA,NA,0,FALSE,0,0,0,NA,NA,NA,NA,NA,NA,NA,NA
203,buokrom 2b,1.01,7.93,1.19,304.7781526,1.3,1.017739435,Long-duration,Low-intensity,Moderate,,NA,NA,NA,NA,NA,NA,NA,NA,NA,NA,467.3152722,18.54734045,23.3,8.42,11.15,1.33,11.22,buokrom2,NA,NA,NA,NA,NA,NA,NA,NA,NA,NA,NA,NA,NA,NA,NA,NA,NA,NA,NA,NA,NA,NA,NA,NA,NA,NA,NA,NA,NA,NA,NA,NA,NA,NA,NA,NA,NA,NA,NA,0,FALSE,0,0,0,NA,NA,NA,NA,NA,NA,NA,NA
204,buokrom 2c,1.011,5.86,1.28,327.6244967,1.36,1.085237309,Long-duration,Low-intensity,Moderate,,0.468474378,0.473558437,60.61547994,473.558437,NA,NA,NA,NA,NA,60.61547994,345.393641,12.75244539,14.28,7.62,14,1.8,10.12,buokrom2,0.057950946,0.011530685,0.016260694,0.192090169,>=LOQ,LOD–LOQ,>=LOQ,>=LOQ,TRUE,FALSE,TRUE,TRUE,0.057950946,NA,0.016260694,0.192090169,3,FALSE,PPa+PCa+POCC,0.058588406,58.58840641,7.49931602,7.49931602,0.011657523,11.65752254,1.492162884,1.492162884,0.016439562,16.43956163,2.104263889,2.104263889,0.194203161,194.2031609,24.85800459,24.85800459,12.3719486,2.461686167,3.471495881,41.00933395,59.31446459,FALSE,0.280888651,35.95374738,35.95374738,20.85823194,20.85823194,4.150229095,4.150229095,5.852696985,5.852696985,69.13884198,69.13884198
205,buokrom 3a,1.023,0.43,1.19,304.2126028,1.2,2.303453937,Long-duration,Low-intensity,Moderate,,NA,NA,NA,NA,NA,NA,NA,NA,NA,NA,228.0695778,9.06871301,10.59,6.36,21.82,2.6,10.35,buokrom3,NA,NA,NA,NA,NA,NA,NA,NA,NA,NA,NA,NA,NA,NA,NA,NA,NA,NA,NA,NA,NA,NA,NA,NA,NA,NA,NA,NA,NA,NA,NA,NA,NA,NA,NA,NA,NA,NA,NA,0,FALSE,0,0,0,NA,NA,NA,NA,NA,NA,NA,NA
206,buokrom 3b,1.012,6.49,1.15,293.2218143,1.23,1.169144139,Long-duration,Low-intensity,Moderate,,0.286709592,0.29006164,33.3570886,290.06164,NA,NA,NA,NA,NA,33.3570886,234.6353151,9.679492858,10.76,7.36,17.29,1.99,10.23,buokrom3,0.012221097,0.003612833,0.000842741,0.137904686,>=LOQ,<LOD,<LOD,>=LOQ,TRUE,FALSE,FALSE,TRUE,0.012221097,NA,NA,0.137904686,2,FALSE,PPa+POCC,0.01236775,12.36775016,1.422291269,1.422291269,0.003656187,3.656186996,0.420461505,0,0.000852854,0.852853892,0.098078198,0,0.139559542,139.5595422,16.04934736,16.04934736,4.26383515,1.260486218,0.294025053,48.11375342,53.93209984,FALSE,0.156436333,17.99017833,17.47163863,7.90593202,8.140571696,2.337172522,0,0.54517635,0,89.21171911,91.8594283
207,buokrom 3c,1.043,0.2,1.31,334.5026824,1.31,4.280180192,Long-duration,Low-intensity,Moderate,,NA,NA,NA,NA,NA,NA,NA,NA,NA,NA,300.8331822,10.87881608,12.42,6.5,23.51,3.08,10.02,buokrom3,NA,NA,NA,NA,NA,NA,NA,NA,NA,NA,NA,NA,NA,NA,NA,NA,NA,NA,NA,NA,NA,NA,NA,NA,NA,NA,NA,NA,NA,NA,NA,NA,NA,NA,NA,NA,NA,NA,NA,0,FALSE,0,0,0,NA,NA,NA,NA,NA,NA,NA,NA
208,buokrom 4a,1.01,12.81,1.24,315.279494,1.42,1.037335459,Long-duration,High-intensity,Strong,,1.186188283,1.198493035,148.6131363,1198.493035,NA,NA,NA,NA,NA,148.6131363,336.5739641,12.91339081,14.31,7.37,15.68,1.94,13.76,buokrom4,NA,NA,NA,NA,NA,NA,NA,NA,NA,NA,NA,NA,NA,NA,NA,NA,NA,NA,NA,NA,NA,NA,NA,NA,NA,NA,NA,NA,NA,NA,NA,NA,NA,NA,NA,NA,NA,NA,NA,0,FALSE,0,0,0,NA,NA,NA,NA,NA,NA,NA,NA
209,buokrom 4b,1.008,7.52,1.29,328.9838668,1.39,0.758740294,Long-duration,High-intensity,Strong,,NA,NA,NA,NA,499,502.992,0.502992,64.885968,61.96005554,61.96005554,214.0898109,7.87185162,9.13,7.45,10.15,1.31,12.35,buokrom4,NA,NA,NA,NA,NA,NA,NA,NA,NA,NA,NA,NA,NA,NA,NA,NA,NA,NA,NA,NA,NA,NA,NA,NA,NA,NA,NA,NA,NA,NA,NA,NA,NA,NA,NA,NA,NA,NA,NA,0,FALSE,0,0,0,NA,NA,NA,NA,NA,NA,NA,NA
210,buokrom 4c,1.007,8.9,1.2,307.2480613,1.32,0.749211778,Long-duration,High-intensity,Strong,,0.660680176,0.665630069,79.87560828,665.630069,NA,NA,NA,NA,NA,79.87560828,214.627654,8.449908941,10.19,7.46,11.37,1.37,11.47,buokrom4,0.051390802,0.015782631,0.253656356,0.198344269,>=LOQ,LOD–LOQ,>=LOQ,>=LOQ,TRUE,FALSE,TRUE,TRUE,0.051390802,NA,0.253656356,0.198344269,3,FALSE,PPa+PCa+POCC,0.051750538,51.75053761,6.210064514,6.210064514,0.015893109,15.89310942,1.90717313,1.90717313,0.25543195,255.4319505,30.65183406,30.65183406,0.199732679,199.7326789,23.96792147,23.96792147,7.774669448,2.387679006,38.37446089,30.00655893,78.54336827,FALSE,0.522808276,62.73699317,62.73699317,9.89856893,9.89856893,3.03994985,3.03994985,48.85767154,48.85767154,38.20380967,38.20380967
211,buokrom 5a,1.026,20.4,0.87,221.9202058,1.09,2.640496042,Long-duration,High-intensity,Strong,,NA,NA,NA,NA,NA,NA,NA,NA,NA,NA,451.5566557,24.61335997,29.08,7.09,52.9,4.6,13.27,buokrom5,NA,NA,NA,NA,NA,NA,NA,NA,NA,NA,NA,NA,NA,NA,NA,NA,NA,NA,NA,NA,NA,NA,NA,NA,NA,NA,NA,NA,NA,NA,NA,NA,NA,NA,NA,NA,NA,NA,NA,0,FALSE,0,0,0,NA,NA,NA,NA,NA,NA,NA,NA
212,buokrom 5b,1.023,30.08,0.86,219.1441752,1.22,2.334456226,Long-duration,High-intensity,Strong,,1.286090121,1.316113331,113.1857465,1316.113331,NA,NA,NA,NA,NA,113.1857465,321.37777,17.73950115,21.29,6.7,52.52,4.51,17.22,buokrom5,NA,NA,NA,NA,NA,NA,NA,NA,NA,NA,NA,NA,NA,NA,NA,NA,NA,NA,NA,NA,NA,NA,NA,NA,NA,NA,NA,NA,NA,NA,NA,NA,NA,NA,NA,NA,NA,NA,NA,0,FALSE,0,0,0,NA,NA,NA,NA,NA,NA,NA,NA
213,buokrom 5c,1.009,36.89,0.91,231.7272292,1.43,0.929010699,Long-duration,High-intensity,Strong,,0.787292022,0.794606049,72.30915046,794.606049,NA,NA,NA,NA,NA,72.30915046,189.4331216,9.888589506,10.94,7.08,15.52,1.41,14.25,buokrom5,0.128655401,0.040713517,0.002940832,0.386292617,>=LOQ,>=LOQ,<LOD,>=LOQ,TRUE,TRUE,FALSE,TRUE,0.128655401,0.040713517,NA,0.386292617,3,FALSE,PPa+PSOM+POCC,0.1298133,129.8132996,11.81301026,11.81301026,0.041079939,41.07993865,3.738274417,3.738274417,0.002967299,2.967299488,0.270024253,0,0.389769251,389.7692506,35.4690018,35.4690018,16.33681241,5.169849727,0.373430267,49.05188565,70.93197806,FALSE,0.563629788,51.29031074,51.02028648,23.03166055,23.15355534,7.288461239,7.327035333,0.526462502,0,69.15341571,69.51940933
214,buokrom 6a,1.009,19.92,1.22,310.1523365,1.52,0.863338174,Long-duration,High-intensity,Strong,,NA,NA,NA,NA,NA,NA,NA,NA,NA,NA,140.5095761,5.480073308,6.4,6.42,10.74,1.31,11.12,buokrom6,NA,NA,NA,NA,NA,NA,NA,NA,NA,NA,NA,NA,NA,NA,NA,NA,NA,NA,NA,NA,NA,NA,NA,NA,NA,NA,NA,NA,NA,NA,NA,NA,NA,NA,NA,NA,NA,NA,NA,0,FALSE,0,0,0,NA,NA,NA,NA,NA,NA,NA,NA
215,buokrom 6b1 - Top sample ,1.023,21.96,0.71,180.9399483,0.9,2.321240667,Long-duration,High-intensity,Strong,,NA,NA,NA,NA,NA,NA,NA,NA,NA,NA,368.6976124,24.64854937,28.6,7.3,39.71,2.82,13.11,buokrom6,NA,NA,NA,NA,NA,NA,NA,NA,NA,NA,NA,NA,NA,NA,NA,NA,NA,NA,NA,NA,NA,NA,NA,NA,NA,NA,NA,NA,NA,NA,NA,NA,NA,NA,NA,NA,NA,NA,NA,0,FALSE,0,0,0,NA,NA,NA,NA,NA,NA,NA,NA
216,buokrom 6b2,1.035,22.1,0.95,242.026633,1.21,3.501006036,Long-duration,High-intensity,Strong,,1.699293527,1.758785896,167.0846601,1758.785896,NA,NA,NA,NA,NA,167.0846601,519.1252107,25.94564449,30.14,7.15,50.95,4.83,16.53,buokrom6,0.276049356,0.068944114,0.109583353,0.47959717,>=LOQ,>=LOQ,>=LOQ,>=LOQ,TRUE,TRUE,TRUE,TRUE,0.276049356,0.068944114,0.109583353,0.47959717,4,TRUE,PPa+PSOM+PCa+POCC,0.285711083,285.7110835,27.14255293,27.14255293,0.071357158,71.35715799,6.778930009,6.778930009,0.11341877,113.4187704,10.77478318,10.77478318,0.496383071,496.383071,47.15639174,47.15639174,16.24479046,4.05718275,6.448696832,28.22305274,54.97372278,FALSE,0.966870083,91.85265786,91.85265786,29.55010074,29.55010074,7.380221941,7.380221941,11.73050779,11.73050779,51.33916953,51.33916953
217,buokrom 6c,1.014,5.58,1.29,330.1596094,1.37,1.37521081,Long-duration,High-intensity,Strong,,NA,NA,NA,NA,NA,NA,NA,NA,NA,NA,198.0379682,7.25571176,10.03,7.5,23.61,3.06,13.72,buokrom6,NA,NA,NA,NA,NA,NA,NA,NA,NA,NA,NA,NA,NA,NA,NA,NA,NA,NA,NA,NA,NA,NA,NA,NA,NA,NA,NA,NA,NA,NA,NA,NA,NA,NA,NA,NA,NA,NA,NA,0,FALSE,0,0,0,NA,NA,NA,NA,NA,NA,NA,NA
218,domeabra 1a,1.014,7.03,1.34,342.057895,1.44,1.430197951,Short-duration,High-intensity,Mild,,NA,NA,NA,NA,NA,NA,NA,NA,NA,NA,132.3817711,4.681489675,7.17,5.93,14.34,1.92,9.7,domeabra1,NA,NA,NA,NA,NA,NA,NA,NA,NA,NA,NA,NA,NA,NA,NA,NA,NA,NA,NA,NA,NA,NA,NA,NA,NA,NA,NA,NA,NA,NA,NA,NA,NA,NA,NA,NA,NA,NA,NA,0,FALSE,0,0,0,NA,NA,NA,NA,NA,NA,NA,NA
219,domeabra 1b,1.055,1.34,1.41,359.920248,1.43,5.462252306,Short-duration,High-intensity,Mild,,0.245315514,0.258715266,36.47885251,258.715266,NA,NA,NA,NA,NA,36.47885251,144.3718845,4.852123515,7.2,5.8,14.27,2.01,9.4,domeabra1,0.010765519,NA,NA,0.098660144,LOD–LOQ,NA,NA,>=LOQ,FALSE,FALSE,FALSE,TRUE,NA,NA,NA,0.098660144,1,FALSE,POCC,0.011357623,11.35762255,1.601424779,1.601424779,NA,NA,NA,NA,NA,NA,NA,NA,0.104086452,104.0864519,14.67618972,14.67618972,4.390008646,NA,NA,40.23204874,44.62205739,FALSE,0.115444074,16.2776145,16.2776145,9.838203128,9.838203128,NA,NA,NA,NA,90.16179687,90.16179687
220,domeabra 1c,1.027,4.86,1.15,292.2018521,1.2,2.716665843,Short-duration,High-intensity,Mild,,NA,NA,NA,NA,NA,NA,NA,NA,NA,NA,161.8338959,6.69949437,9.03,5.84,21.24,2.43,9.41,domeabra1,NA,NA,NA,NA,NA,NA,NA,NA,NA,NA,NA,NA,NA,NA,NA,NA,NA,NA,NA,NA,NA,NA,NA,NA,NA,NA,NA,NA,NA,NA,NA,NA,NA,NA,NA,NA,NA,NA,NA,0,FALSE,0,0,0,NA,NA,NA,NA,NA,NA,NA,NA
221,domeabra 2a,1.026,6.06,1.23,313.6746352,1.31,2.647764242,Short-duration,High-intensity,Mild,,0.244025267,0.250486481,30.80983716,250.486481,NA,NA,NA,NA,NA,30.80983716,109.7239521,4.231336285,7.11,6.17,16.5,2.03,10.59,domeabra2,0.008209266,NA,NA,0.115920266,LOD–LOQ,NA,NA,>=LOQ,FALSE,FALSE,FALSE,TRUE,NA,NA,NA,0.115920266,1,FALSE,POCC,0.008422707,8.422706916,1.035992951,1.035992951,NA,NA,NA,NA,NA,NA,NA,NA,0.118934193,118.9341929,14.62890573,14.62890573,3.36253952,NA,NA,47.4812822,50.84382172,FALSE,0.1273569,15.66489868,15.66489868,6.613467293,6.613467293,NA,NA,NA,NA,93.38653271,93.38653271
222,domeabra 2b,1.014,2.92,1.36,345.90778,1.4,1.359385438,Short-duration,High-intensity,Mild,,NA,NA,NA,NA,NA,NA,NA,NA,NA,NA,172.1769278,6.02102078,8.52,5.03,13.7,1.86,10.78,domeabra2,NA,NA,NA,NA,NA,NA,NA,NA,NA,NA,NA,NA,NA,NA,NA,NA,NA,NA,NA,NA,NA,NA,NA,NA,NA,NA,NA,NA,NA,NA,NA,NA,NA,NA,NA,NA,NA,NA,NA,0,FALSE,0,0,0,NA,NA,NA,NA,NA,NA,NA,NA
223,domeabra 2c,1.01,6.63,1.34,341.4058127,1.43,1.04690287,Short-duration,High-intensity,Mild,,NA,NA,NA,NA,NA,NA,NA,NA,NA,NA,126.5599726,4.484158578,7.01,5.13,11.77,1.58,10.85,domeabra2,NA,NA,NA,NA,NA,NA,NA,NA,NA,NA,NA,NA,NA,NA,NA,NA,NA,NA,NA,NA,NA,NA,NA,NA,NA,NA,NA,NA,NA,NA,NA,NA,NA,NA,NA,NA,NA,NA,NA,0,FALSE,0,0,0,NA,NA,NA,NA,NA,NA,NA,NA
224,domeabra 3a,1.019,2.68,1.43,363.6267524,1.46,1.887442988,Short-duration,High-intensity,Mild,,0.182963745,0.186417081,26.65764258,186.417081,NA,NA,NA,NA,NA,26.65764258,549.0171118,18.26356503,20.9,4.97,11.1,1.58,11.09,domeabra3,0.01308162,NA,NA,0.06082421,>=LOQ,NA,NA,>=LOQ,TRUE,FALSE,FALSE,TRUE,0.01308162,NA,NA,0.06082421,2,FALSE,PPa+POCC,0.013330171,13.33017078,1.906214422,1.906214422,NA,NA,NA,NA,NA,NA,NA,NA,0.06197987,61.97986999,8.863121409,8.863121409,7.150723908,NA,NA,33.24795649,40.3986804,FALSE,0.075310041,10.76933583,10.76933583,17.70038981,17.70038981,NA,NA,NA,NA,82.29961019,82.29961019
225,domeabra 3b,1.013,3.91,1.31,334.0544959,1.36,1.252940523,Short-duration,High-intensity,Mild,,NA,NA,NA,NA,NA,NA,NA,NA,NA,NA,131.8322012,4.773750142,6.53,5.63,13.53,1.77,7.84,domeabra3,NA,NA,NA,NA,NA,NA,NA,NA,NA,NA,NA,NA,NA,NA,NA,NA,NA,NA,NA,NA,NA,NA,NA,NA,NA,NA,NA,NA,NA,NA,NA,NA,NA,NA,NA,NA,NA,NA,NA,0,FALSE,0,0,0,NA,NA,NA,NA,NA,NA,NA,NA
226,domeabra 3c,1.01,5.03,1.4,356.5008598,1.47,1.009574047,Short-duration,High-intensity,Mild,,NA,NA,NA,NA,NA,NA,NA,NA,NA,NA,64.91106092,2.202488388,3.83,5.05,10.81,1.51,9.11,domeabra3,NA,NA,NA,NA,NA,NA,NA,NA,NA,NA,NA,NA,NA,NA,NA,NA,NA,NA,NA,NA,NA,NA,NA,NA,NA,NA,NA,NA,NA,NA,NA,NA,NA,NA,NA,NA,NA,NA,NA,0,FALSE,0,0,0,NA,NA,NA,NA,NA,NA,NA,NA
227,dompoase 1a,1.034,25.72,1.14,292.1639363,1.53,3.424811355,Long-duration,Low-intensity,Moderate,,NA,NA,NA,NA,NA,NA,NA,NA,NA,NA,306.3408784,12.68334623,15.41,7.57,11.42,1.31,8.74,dompoase1,NA,NA,NA,NA,NA,NA,NA,NA,NA,NA,NA,NA,NA,NA,NA,NA,NA,NA,NA,NA,NA,NA,NA,NA,NA,NA,NA,NA,NA,NA,NA,NA,NA,NA,NA,NA,NA,NA,NA,0,FALSE,0,0,0,NA,NA,NA,NA,NA,NA,NA,NA
228,dompoase 1b,1.016,25.82,1.1,280.8323058,1.48,1.551706878,Long-duration,Low-intensity,Moderate,,0.274107323,0.278360665,30.61967315,278.360665,262,266.192,0.266192,29.28112,27.96074217,30.61967315,106.2649934,4.577186995,5.84,6.02,11.84,1.3,13.4,dompoase1,0.027817799,0.00467866,NA,0.106449133,>=LOQ,<LOD,NA,>=LOQ,TRUE,FALSE,FALSE,TRUE,0.027817799,NA,NA,0.106449133,2,FALSE,PPa+POCC,0.028262884,28.26288378,3.108917216,3.108917216,0.004753519,4.75351856,0.522887042,0,NA,NA,NA,NA,0.108152319,108.1523191,11.8967551,11.8967551,10.15333247,1.707683289,NA,38.85330534,50.7143211,FALSE,0.141168721,15.52855936,15.00567232,20.0206416,20.71828006,3.367260474,0,NA,NA,76.61209792,79.28171994
229,dompoase 1c,1.012,25.9,1.1,281.78705,1.49,1.165046451,Long-duration,Low-intensity,Moderate,,NA,NA,NA,NA,NA,NA,NA,NA,NA,NA,205.0413118,8.801888097,10.55,7.25,14.29,1.58,10.57,dompoase1,NA,NA,NA,NA,NA,NA,NA,NA,NA,NA,NA,NA,NA,NA,NA,NA,NA,NA,NA,NA,NA,NA,NA,NA,NA,NA,NA,NA,NA,NA,NA,NA,NA,NA,NA,NA,NA,NA,NA,0,FALSE,0,0,0,NA,NA,NA,NA,NA,NA,NA,NA
230,dompoase 2a,1.026,16.34,1.36,347.0733916,1.62,2.554678234,Long-duration,Low-intensity,Moderate,,NA,NA,NA,NA,NA,NA,NA,NA,NA,NA,84.68461185,2.951472107,4.03,5.17,13.38,1.82,11.03,dompoase2,NA,NA,NA,NA,NA,NA,NA,NA,NA,NA,NA,NA,NA,NA,NA,NA,NA,NA,NA,NA,NA,NA,NA,NA,NA,NA,NA,NA,NA,NA,NA,NA,NA,NA,NA,NA,NA,NA,NA,0,FALSE,0,0,0,NA,NA,NA,NA,NA,NA,NA,NA
231,dompoase 2b,1.029,18.24,1.16,296.5909088,1.41,2.865593969,Long-duration,Low-intensity,Moderate,,NA,NA,NA,NA,NA,NA,NA,NA,NA,NA,275.0199744,11.21661735,13.19,6.86,21.36,2.48,12.83,dompoase2,NA,NA,NA,NA,NA,NA,NA,NA,NA,NA,NA,NA,NA,NA,NA,NA,NA,NA,NA,NA,NA,NA,NA,NA,NA,NA,NA,NA,NA,NA,NA,NA,NA,NA,NA,NA,NA,NA,NA,0,FALSE,0,0,0,NA,NA,NA,NA,NA,NA,NA,NA
232,dompoase 2c,1.029,21.87,1.04,264.2127885,1.32,2.89433814,Long-duration,Low-intensity,Moderate,,0.577289116,0.593997815,61.77577276,593.997815,NA,NA,NA,NA,NA,61.77577276,314.1471583,14.38251391,16.87,7.57,23.9,2.47,12.2,dompoase2,0.027291673,0.009735024,0.085161589,0.189407665,>=LOQ,LOD–LOQ,>=LOQ,>=LOQ,TRUE,FALSE,TRUE,TRUE,0.027291673,NA,0.085161589,0.189407665,3,FALSE,PPa+PCa+POCC,0.028083132,28.08313152,2.920645678,2.920645678,0.01001734,10.0173397,1.041803328,1.041803328,0.087631275,87.63127508,9.113652608,9.113652608,0.194900487,194.9004873,20.26965068,20.26965068,4.72781731,1.686427028,14.75279418,32.81165054,53.97868906,FALSE,0.320632234,33.34575229,33.34575229,8.758673825,8.758673825,3.124245989,3.124245989,27.33077523,27.33077523,60.78630495,60.78630495
233,dompoase 3a,1.01,21.65,1.08,274.4509854,1.37,0.987066806,Long-duration,Low-intensity,Moderate,,0.216365484,0.218501156,23.59812485,218.501156,NA,NA,NA,NA,NA,23.59812485,238.9130031,10.53005148,12.06,7.51,13.08,1.41,10.25,dompoase3,0.01537417,0.01047018,0.014325692,0.102779697,>=LOQ,LOD–LOQ,>=LOQ,>=LOQ,TRUE,FALSE,TRUE,TRUE,0.01537417,NA,0.014325692,0.102779697,3,FALSE,PPa+PCa+POCC,0.015527912,15.5279117,1.677014464,1.677014464,0.010574882,10.5748818,1.142087234,1.142087234,0.014468949,14.46894892,1.562646483,1.562646483,0.103807494,103.807494,11.21120935,11.21120935,7.106558146,4.839737232,6.621909552,47.50889921,66.07710414,FALSE,0.144379236,15.59295753,15.59295753,10.75494793,10.75494793,7.324378536,7.324378536,10.02148874,10.02148874,71.89918479,71.89918479
234,dompoase 3b,1.031,19.03,0.98,249.3388949,1.2,3.112673263,Long-duration,Low-intensity,Moderate,,NA,NA,NA,NA,NA,NA,NA,NA,NA,NA,357.9024709,17.36321601,18.95,7.41,23.37,2.28,11.29,dompoase3,NA,NA,NA,NA,NA,NA,NA,NA,NA,NA,NA,NA,NA,NA,NA,NA,NA,NA,NA,NA,NA,NA,NA,NA,NA,NA,NA,NA,NA,NA,NA,NA,NA,NA,NA,NA,NA,NA,NA,0,FALSE,0,0,0,NA,NA,NA,NA,NA,NA,NA,NA
235,dompoase 3c,1.046,19.17,1.09,278.9149023,1.34,4.562358489,Long-duration,Low-intensity,Moderate,,NA,NA,NA,NA,NA,NA,NA,NA,NA,NA,218.3206337,9.46844293,11.3,6.71,20.34,2.22,11.21,dompoase3,NA,NA,NA,NA,NA,NA,NA,NA,NA,NA,NA,NA,NA,NA,NA,NA,NA,NA,NA,NA,NA,NA,NA,NA,NA,NA,NA,NA,NA,NA,NA,NA,NA,NA,NA,NA,NA,NA,NA,0,FALSE,0,0,0,NA,NA,NA,NA,NA,NA,NA,NA
236,dompoase 4a,1.013,20.47,1.06,269.2247288,1.32,1.342845153,Long-duration,Low-intensity,Moderate,,NA,NA,NA,NA,NA,NA,NA,NA,NA,NA,189.9050417,8.532514764,10.21,6.49,19.74,2.08,10.47,dompoase4,NA,NA,NA,NA,NA,NA,NA,NA,NA,NA,NA,NA,NA,NA,NA,NA,NA,NA,NA,NA,NA,NA,NA,NA,NA,NA,NA,NA,NA,NA,NA,NA,NA,NA,NA,NA,NA,NA,NA,0,FALSE,0,0,0,NA,NA,NA,NA,NA,NA,NA,NA
237,dompoase 4b,1.008,7.82,1.38,351.4392795,1.49,0.842455784,Long-duration,Low-intensity,Moderate,,NA,NA,NA,NA,NA,NA,NA,NA,NA,NA,132.3697614,4.556107767,5.58,5.93,12.6,1.73,11.41,dompoase4,NA,NA,NA,NA,NA,NA,NA,NA,NA,NA,NA,NA,NA,NA,NA,NA,NA,NA,NA,NA,NA,NA,NA,NA,NA,NA,NA,NA,NA,NA,NA,NA,NA,NA,NA,NA,NA,NA,NA,0,FALSE,0,0,0,NA,NA,NA,NA,NA,NA,NA,NA
238,dompoase 4c,1.034,5.96,1.3,330.5266211,1.37,3.416783449,Long-duration,Low-intensity,Moderate,,0.259500412,0.268366979,34.88770727,268.366979,NA,NA,NA,NA,NA,34.88770727,85.64084737,3.134223868,4.62,5,17.53,2.27,11.93,dompoase4,0.011386607,NA,NA,0.093647949,LOD–LOQ,NA,NA,>=LOQ,FALSE,FALSE,FALSE,TRUE,NA,NA,NA,0.093647949,1,FALSE,POCC,0.011773752,11.77375164,1.530587713,1.530587713,NA,NA,NA,NA,NA,NA,NA,NA,0.096831979,96.83197927,12.5881573,12.5881573,4.387183431,NA,NA,36.08192767,40.46911111,FALSE,0.108605731,14.11874502,14.11874502,10.84081985,10.84081985,NA,NA,NA,NA,89.15918015,89.15918015
239,dompoase 5a,1.009,7.11,1.35,343.2704222,1.45,0.937912956,Long-duration,Low-intensity,Moderate,,NA,NA,NA,NA,NA,NA,NA,NA,NA,NA,204.994939,7.223742502,8.51,6.73,13.42,1.81,10.74,dompoase5,NA,NA,NA,NA,NA,NA,NA,NA,NA,NA,NA,NA,NA,NA,NA,NA,NA,NA,NA,NA,NA,NA,NA,NA,NA,NA,NA,NA,NA,NA,NA,NA,NA,NA,NA,NA,NA,NA,NA,0,FALSE,0,0,0,NA,NA,NA,NA,NA,NA,NA,NA
240,dompoase 5b,1.011,16.26,1.2,305.7603217,1.43,1.118417951,Long-duration,Low-intensity,Moderate,,NA,NA,NA,NA,NA,NA,NA,NA,NA,NA,213.8570337,8.4605367,10.02,7.51,11.12,1.33,10.14,dompoase5,NA,NA,NA,NA,NA,NA,NA,NA,NA,NA,NA,NA,NA,NA,NA,NA,NA,NA,NA,NA,NA,NA,NA,NA,NA,NA,NA,NA,NA,NA,NA,NA,NA,NA,NA,NA,NA,NA,NA,0,FALSE,0,0,0,NA,NA,NA,NA,NA,NA,NA,NA
241,dompoase 5c,1.008,13.15,1.22,312.3910125,1.41,0.844770626,Long-duration,Low-intensity,Moderate,,0.181592331,0.183126369,22.34141702,183.126369,182,183.456,0.183456,22.381632,21.37237379,22.34141702,157.7674409,6.109059458,6.99,6.73,12.21,1.5,12.33,dompoase5,0.005022368,0.001456432,NA,0.0867485,LOD–LOQ,<LOD,NA,>=LOQ,FALSE,FALSE,FALSE,TRUE,NA,NA,NA,0.0867485,1,FALSE,POCC,0.005062547,5.062546944,0.617630727,0.617630727,0.001468083,1.468083456,0.179106182,0,NA,NA,NA,NA,0.087442488,87.442488,10.66798354,10.66798354,2.764510088,0.801677805,NA,47.74980713,51.31599502,FALSE,0.093973118,11.46472044,11.28561426,5.387228848,5.472725833,1.562237671,0,NA,NA,93.05053348,94.52727417
242,dompoase 6a,1.006,9.95,1.32,336.5900978,1.46,0.638730079,Long-duration,Low-intensity,Moderate,,NA,NA,NA,NA,NA,NA,NA,NA,NA,NA,373.5048416,13.4230251,14.97,7.98,8.75,1.15,9.71,dompoase6,NA,NA,NA,NA,NA,NA,NA,NA,NA,NA,NA,NA,NA,NA,NA,NA,NA,NA,NA,NA,NA,NA,NA,NA,NA,NA,NA,NA,NA,NA,NA,NA,NA,NA,NA,NA,NA,NA,NA,0,FALSE,0,0,0,NA,NA,NA,NA,NA,NA,NA,NA
243,dompoase 6b,1.016,10.08,1.34,343.0612261,1.49,1.591195242,Long-duration,Low-intensity,Moderate,,0.184315312,0.187248129,25.09124929,187.248129,NA,NA,NA,NA,NA,25.09124929,84.32503513,2.973311407,3.63,5.31,9.74,1.31,11.4,dompoase6,0.007294615,NA,NA,0.064497896,LOD–LOQ,NA,NA,>=LOQ,FALSE,FALSE,FALSE,TRUE,NA,NA,NA,0.064497896,1,FALSE,POCC,0.007411329,7.41132884,0.993118065,0.993118065,NA,NA,NA,NA,NA,NA,NA,NA,0.065529862,65.52986234,8.781001553,8.781001553,3.958025578,NA,NA,34.99627082,38.9542964,FALSE,0.072941191,9.774119618,9.774119618,10.16069072,10.16069072,NA,NA,NA,NA,89.83930928,89.83930928
244,dompoase 6c,1.008,5.69,1.44,368.4080415,1.53,0.828417995,Long-duration,Low-intensity,Moderate,,NA,NA,NA,NA,NA,NA,NA,NA,NA,NA,173.1159051,5.684121743,7.14,7.01,10.58,1.53,10.95,dompoase6,NA,NA,NA,NA,NA,NA,NA,NA,NA,NA,NA,NA,NA,NA,NA,NA,NA,NA,NA,NA,NA,NA,NA,NA,NA,NA,NA,NA,NA,NA,NA,NA,NA,NA,NA,NA,NA,NA,NA,0,FALSE,0,0,0,NA,NA,NA,NA,NA,NA,NA,NA
245,donyina 1a,1.045,0.22,1.18,300.514253,1.18,4.487556549,Short-duration,High-intensity,Mild,,NA,NA,NA,NA,NA,NA,NA,NA,NA,NA,129.1827707,5.199900362,7.4,5.61,16.76,1.97,8.99,donyina1,NA,NA,NA,NA,NA,NA,NA,NA,NA,NA,NA,NA,NA,NA,NA,NA,NA,NA,NA,NA,NA,NA,NA,NA,NA,NA,NA,NA,NA,NA,NA,NA,NA,NA,NA,NA,NA,NA,NA,0,FALSE,0,0,0,NA,NA,NA,NA,NA,NA,NA,NA
246,donyina 1b,1.018,0.47,1.27,324.6272366,1.28,1.753630866,Short-duration,High-intensity,Mild,,0.225507722,0.229462295,29.14171147,229.462295,NA,NA,NA,NA,NA,29.14171147,62.54038236,2.330403259,3.85,5.91,14.05,1.79,10.16,donyina1,0.010701818,0.000816023,NA,0.068548505,LOD–LOQ,<LOD,NA,>=LOQ,FALSE,FALSE,FALSE,TRUE,NA,NA,NA,0.068548505,1,FALSE,POCC,0.010894451,10.89445072,1.383595242,1.383595242,0.000830711,0.830711414,0.10550035,0,NA,NA,NA,NA,0.069782378,69.78237809,8.862362017,8.862362017,4.747817381,0.362025236,NA,30.41126129,35.5211039,FALSE,0.08150754,10.35145761,10.24595726,13.36618759,13.50381626,1.019183516,0,NA,NA,85.6146289,86.49618374
247,donyina 1c,1.014,0.55,1.23,313.3161929,1.23,1.431080546,Short-duration,High-intensity,Mild,,NA,NA,NA,NA,NA,NA,NA,NA,NA,NA,42.24045692,1.630802124,2.99,5.27,18.97,2.33,9.35,donyina1,NA,NA,NA,NA,NA,NA,NA,NA,NA,NA,NA,NA,NA,NA,NA,NA,NA,NA,NA,NA,NA,NA,NA,NA,NA,NA,NA,NA,NA,NA,NA,NA,NA,NA,NA,NA,NA,NA,NA,0,FALSE,0,0,0,NA,NA,NA,NA,NA,NA,NA,NA
248,donyina 2a,1.042,0.07,1.19,303.3720559,1.19,4.231749069,Short-duration,High-intensity,Mild,,NA,NA,NA,NA,NA,NA,NA,NA,NA,NA,65.9764273,2.63068423,4.31,5.28,20.47,2.43,9.38,donyina2,NA,NA,NA,NA,NA,NA,NA,NA,NA,NA,NA,NA,NA,NA,NA,NA,NA,NA,NA,NA,NA,NA,NA,NA,NA,NA,NA,NA,NA,NA,NA,NA,NA,NA,NA,NA,NA,NA,NA,0,FALSE,0,0,0,NA,NA,NA,NA,NA,NA,NA,NA
249,donyina 2b,1.018,2.52,1.37,349.5596174,1.4,1.828123813,Short-duration,High-intensity,Mild,,NA,NA,NA,NA,NA,NA,NA,NA,NA,NA,168.1821046,5.819879989,9.07,5.46,17.47,2.39,10.78,donyina2,NA,NA,NA,NA,NA,NA,NA,NA,NA,NA,NA,NA,NA,NA,NA,NA,NA,NA,NA,NA,NA,NA,NA,NA,NA,NA,NA,NA,NA,NA,NA,NA,NA,NA,NA,NA,NA,NA,NA,0,FALSE,0,0,0,NA,NA,NA,NA,NA,NA,NA,NA
250,donyina 2c,1.023,0.14,1.44,367.2411357,1.44,2.346922366,Short-duration,High-intensity,Mild,,0.250203867,0.256075958,36.87493795,256.075958,NA,NA,NA,NA,NA,36.87493795,115.7505447,3.812652495,5.7,5.32,14.99,2.16,12.71,donyina2,0.009937403,NA,NA,0.077991421,LOD–LOQ,NA,NA,>=LOQ,FALSE,FALSE,FALSE,TRUE,NA,NA,NA,0.077991421,1,FALSE,POCC,0.010165963,10.16596327,1.463898711,1.463898711,NA,NA,NA,NA,NA,NA,NA,NA,0.079785224,79.78522368,11.48907221,11.48907221,3.969901489,NA,NA,31.15685842,35.12675991,FALSE,0.089951187,12.95297092,12.95297092,11.30164438,11.30164438,NA,NA,NA,NA,88.69835562,88.69835562
251,donyina 3a,1.028,1.35,1.58,402.9654384,1.6,2.822713932,Short-duration,High-intensity,Mild,,0.195876075,0.201405097,31.82200533,201.405097,NA,NA,NA,NA,NA,31.82200533,136.8423183,4.107788983,5.38,6.3,11.91,1.88,10.71,donyina3,0.009163832,NA,NA,0.067402961,LOD–LOQ,NA,NA,>=LOQ,FALSE,FALSE,FALSE,TRUE,NA,NA,NA,0.067402961,1,FALSE,POCC,0.009420419,9.420419296,1.488426249,1.488426249,NA,NA,NA,NA,NA,NA,NA,NA,0.069290244,69.29024391,10.94785854,10.94785854,4.677349003,NA,NA,34.40342123,39.08077024,FALSE,0.078710663,12.43628479,12.43628479,11.9684156,11.9684156,NA,NA,NA,NA,88.0315844,88.0315844
252,donyina 3b,1.023,0.05,1.42,361.5702687,1.42,2.317594117,Short-duration,High-intensity,Mild,,NA,NA,NA,NA,NA,NA,NA,NA,NA,NA,98.48707919,3.294898553,5.01,5.39,15.92,2.26,10.81,donyina3,NA,NA,NA,NA,NA,NA,NA,NA,NA,NA,NA,NA,NA,NA,NA,NA,NA,NA,NA,NA,NA,NA,NA,NA,NA,NA,NA,NA,NA,NA,NA,NA,NA,NA,NA,NA,NA,NA,NA,0,FALSE,0,0,0,NA,NA,NA,NA,NA,NA,NA,NA
253,donyina 3c,1.008,0.9,1.71,435.3844421,1.72,0.818944728,Short-duration,High-intensity,Mild,,NA,NA,NA,NA,NA,NA,NA,NA,NA,NA,57.08051331,1.585880524,2.58,5.09,9.34,1.59,11.38,donyina3,NA,NA,NA,NA,NA,NA,NA,NA,NA,NA,NA,NA,NA,NA,NA,NA,NA,NA,NA,NA,NA,NA,NA,NA,NA,NA,NA,NA,NA,NA,NA,NA,NA,NA,NA,NA,NA,NA,NA,0,FALSE,0,0,0,NA,NA,NA,NA,NA,NA,NA,NA
254,ejisu 1a,1.014,8.6,1.2,305.110613,1.31,1.373071558,Short-duration,High-intensity,Mild,,0.303296254,0.307460728,36.89528736,307.460728,NA,NA,NA,NA,NA,36.89528736,173.835853,6.891877355,8.33,6.36,18.56,2.22,9.8,ejisu1,0.014077987,0.002398372,NA,0.105266234,>=LOQ,<LOD,NA,>=LOQ,TRUE,FALSE,FALSE,TRUE,0.014077987,NA,NA,0.105266234,2,FALSE,PPa+POCC,0.014275079,14.27507882,1.713009458,1.713009458,0.002431949,2.431949208,0.291833905,0,NA,NA,NA,NA,0.106739961,106.7399613,12.80879535,12.80879535,4.642895016,0.79097881,NA,34.71661632,40.15049015,FALSE,0.123446989,14.81363872,14.52180481,11.56373185,11.79611956,1.970035253,0,NA,NA,86.4662329,88.20388044
255,ejisu 1b,1.018,6.73,1.04,264.3295009,1.11,1.785838937,Short-duration,High-intensity,Mild,,NA,NA,NA,NA,NA,NA,NA,NA,NA,NA,406.2161732,18.58947293,20.51,7.66,29.99,3.11,10.55,ejisu1,NA,NA,NA,NA,NA,NA,NA,NA,NA,NA,NA,NA,NA,NA,NA,NA,NA,NA,NA,NA,NA,NA,NA,NA,NA,NA,NA,NA,NA,NA,NA,NA,NA,NA,NA,NA,NA,NA,NA,0,FALSE,0,0,0,NA,NA,NA,NA,NA,NA,NA,NA
256,ejisu 1c,1.016,5.24,1.25,318.3588047,1.32,1.5992004,Short-duration,High-intensity,Mild,,NA,NA,NA,NA,NA,NA,NA,NA,NA,NA,201.3427737,7.650233368,10.06,6.43,20.58,2.57,10.06,ejisu1,NA,NA,NA,NA,NA,NA,NA,NA,NA,NA,NA,NA,NA,NA,NA,NA,NA,NA,NA,NA,NA,NA,NA,NA,NA,NA,NA,NA,NA,NA,NA,NA,NA,NA,NA,NA,NA,NA,NA,0,FALSE,0,0,0,NA,NA,NA,NA,NA,NA,NA,NA
257,ejisu 2a,1.01,25.58,1.08,276.1657623,1.45,1.044386423,Short-duration,High-intensity,Mild,,NA,NA,NA,NA,NA,NA,NA,NA,NA,NA,106.3854594,4.659807103,6.58,6.84,11.33,1.23,10.24,ejisu2,NA,NA,NA,NA,NA,NA,NA,NA,NA,NA,NA,NA,NA,NA,NA,NA,NA,NA,NA,NA,NA,NA,NA,NA,NA,NA,NA,NA,NA,NA,NA,NA,NA,NA,NA,NA,NA,NA,NA,0,FALSE,0,0,0,NA,NA,NA,NA,NA,NA,NA,NA
258,ejisu 2b,1.012,4.76,1.3,330.5116511,1.36,1.209745228,Short-duration,High-intensity,Mild,,NA,NA,NA,NA,NA,NA,NA,NA,NA,NA,107.8668971,3.9478161,5.68,5.76,15.63,2.02,10.29,ejisu2,NA,NA,NA,NA,NA,NA,NA,NA,NA,NA,NA,NA,NA,NA,NA,NA,NA,NA,NA,NA,NA,NA,NA,NA,NA,NA,NA,NA,NA,NA,NA,NA,NA,NA,NA,NA,NA,NA,NA,0,FALSE,0,0,0,NA,NA,NA,NA,NA,NA,NA,NA
259,ejisu 2c,1.01,15.44,1.32,336.2828699,1.56,0.995331714,Short-duration,High-intensity,Mild,,0.143438448,0.144866136,19.12232995,144.866136,156,157.56,0.15756,20.79792,19.86007635,19.12232995,62.71634284,2.255960452,3.09,5.06,9.69,1.28,11.07,ejisu2,0.003376169,NA,NA,0.055877011,<LOD,NA,NA,>=LOQ,FALSE,FALSE,FALSE,TRUE,NA,NA,NA,0.055877011,1,FALSE,POCC,0.003409931,3.40993069,0.450110851,0,NA,NA,NA,NA,NA,NA,NA,NA,0.056435781,56.43578111,7.449523107,7.449523107,2.353849412,NA,NA,38.95719363,41.31104304,FALSE,0.059845712,7.899633958,7.449523107,5.697869718,0,NA,NA,NA,NA,94.30213028,100
260,ejisu 3a,1.011,17.44,1.14,291.9039801,1.38,1.112016336,Short-duration,High-intensity,Mild,,0.25044572,0.253230717,28.86830174,253.230717,260,262.86,0.26286,29.96604,28.61477697,28.86830174,60.21015121,2.495084183,4,5.12,14.36,1.64,10.33,ejisu3,0.005727395,NA,NA,0.102402683,LOD–LOQ,NA,NA,>=LOQ,FALSE,FALSE,FALSE,TRUE,NA,NA,NA,0.102402683,1,FALSE,POCC,0.005790396,5.790396345,0.660105183,0.660105183,NA,NA,NA,NA,NA,NA,NA,NA,0.103529113,103.5291125,11.80231883,11.80231883,2.286608992,NA,NA,40.88331532,43.16992431,FALSE,0.109319509,12.46242401,12.46242401,5.296763959,5.296763959,NA,NA,NA,NA,94.70323604,94.70323604
261,ejisu 3b,1.011,20.58,1.04,265.8164664,1.31,1.099831638,Short-duration,High-intensity,Mild,,NA,NA,NA,NA,NA,NA,NA,NA,NA,NA,68.43397272,3.11419192,4.73,5.6,15.04,1.57,10.31,ejisu3,NA,NA,NA,NA,NA,NA,NA,NA,NA,NA,NA,NA,NA,NA,NA,NA,NA,NA,NA,NA,NA,NA,NA,NA,NA,NA,NA,NA,NA,NA,NA,NA,NA,NA,NA,NA,NA,NA,NA,0,FALSE,0,0,0,NA,NA,NA,NA,NA,NA,NA,NA
262,ejisu 3c,1.009,24.91,1.07,272.4861022,1.42,0.922578358,Short-duration,High-intensity,Mild,,NA,NA,NA,NA,NA,NA,NA,NA,NA,NA,70.06341128,3.110301027,4.21,5.48,14.16,1.51,11.32,ejisu3,NA,NA,NA,NA,NA,NA,NA,NA,NA,NA,NA,NA,NA,NA,NA,NA,NA,NA,NA,NA,NA,NA,NA,NA,NA,NA,NA,NA,NA,NA,NA,NA,NA,NA,NA,NA,NA,NA,NA,0,FALSE,0,0,0,NA,NA,NA,NA,NA,NA,NA,NA
263,ejisu-round 1a,1.006,4.37,1.33,340.1955068,1.39,0.583339052,Short-duration,High-intensity,Mild,,0.159342218,0.160271723,21.31613916,160.271723,NA,NA,NA,NA,NA,21.31613916,105.3529485,3.746050459,5.31,6.96,10.18,1.36,12.73,ejisur1,0.009472567,0.003332666,NA,0.052752112,LOD–LOQ,<LOD,NA,>=LOQ,FALSE,FALSE,FALSE,TRUE,NA,NA,NA,0.052752112,1,FALSE,POCC,0.009529402,9.529402402,1.267410519,1.267410519,0.003352662,3.352661996,0.445904045,0,NA,NA,NA,NA,0.053068625,53.06862467,7.058127081,7.058127081,5.945778971,2.091861205,NA,33.11165793,41.1492981,FALSE,0.065950689,8.771441646,8.325537601,14.44928406,15.22316732,5.083589032,0,NA,NA,80.46712691,84.77683268
264,ejisu-round 1b,1.007,6.19,1.35,343.8307565,1.44,0.709431429,Short-duration,High-intensity,Mild,,NA,NA,NA,NA,NA,NA,NA,NA,NA,NA,392.2701243,13.80053783,14.76,7.91,9.54,1.29,9.19,ejisur1,NA,NA,NA,NA,NA,NA,NA,NA,NA,NA,NA,NA,NA,NA,NA,NA,NA,NA,NA,NA,NA,NA,NA,NA,NA,NA,NA,NA,NA,NA,NA,NA,NA,NA,NA,NA,NA,NA,NA,0,FALSE,0,0,0,NA,NA,NA,NA,NA,NA,NA,NA
265,ejisu-round 1c,1.006,6.18,1.39,355.2118686,1.48,0.638529167,Short-duration,High-intensity,Mild,,NA,NA,NA,NA,NA,NA,NA,NA,NA,NA,75.69152798,2.57759871,3.85,5.87,10.77,1.5,11.9,ejisur1,NA,NA,NA,NA,NA,NA,NA,NA,NA,NA,NA,NA,NA,NA,NA,NA,NA,NA,NA,NA,NA,NA,NA,NA,NA,NA,NA,NA,NA,NA,NA,NA,NA,NA,NA,NA,NA,NA,NA,0,FALSE,0,0,0,NA,NA,NA,NA,NA,NA,NA,NA
266,ejisu-round 2a,1.007,0.53,1.42,361.3571829,1.42,0.720289289,Short-duration,High-intensity,Mild,,0.134809999,0.135781021,19.28090498,135.781021,NA,NA,NA,NA,NA,19.28090498,37.76629479,1.264221549,2.49,5.01,11.08,1.57,12.63,ejisur2,0.009705706,0.004811279,0.001277996,0.040852774,LOD–LOQ,<LOD,<LOD,>=LOQ,FALSE,FALSE,FALSE,TRUE,NA,NA,NA,0.040852774,1,FALSE,POCC,0.009773646,9.773645942,1.387857724,1.387857724,0.004844958,4.844957953,0.687984029,0,0.001286942,1.286941972,0.18274576,0,0.041138743,41.13874342,5.841701565,5.841701565,7.198094307,3.568214407,0.947806963,30.29785983,42.01197551,FALSE,0.057044289,8.100289078,7.229559289,17.1334345,19.19698931,8.493326876,0,2.256039979,0,72.11719864,80.80301069
267,ejisu-round 2b,1.005,1,1.45,370.003859,1.46,0.525978559,Short-duration,High-intensity,Mild,,NA,NA,NA,NA,NA,NA,NA,NA,NA,NA,48.74905745,1.593732655,2.46,5.62,9.46,1.37,14.96,ejisur2,NA,NA,NA,NA,NA,NA,NA,NA,NA,NA,NA,NA,NA,NA,NA,NA,NA,NA,NA,NA,NA,NA,NA,NA,NA,NA,NA,NA,NA,NA,NA,NA,NA,NA,NA,NA,NA,NA,NA,0,FALSE,0,0,0,NA,NA,NA,NA,NA,NA,NA,NA
268,ejisu-round 2c,1.006,0.49,1.48,378.0530157,1.49,0.631388779,Short-duration,High-intensity,Mild,,NA,NA,NA,NA,124,124.744,0.124744,18.462112,17.62959728,17.62959728,25.36244201,0.811509974,2.2,4.79,11.19,1.66,15.09,ejisur2,NA,NA,NA,NA,NA,NA,NA,NA,NA,NA,NA,NA,NA,NA,NA,NA,NA,NA,NA,NA,NA,NA,NA,NA,NA,NA,NA,NA,NA,NA,NA,NA,NA,NA,NA,NA,NA,NA,NA,0,FALSE,0,0,0,NA,NA,NA,NA,NA,NA,NA,NA
269,ejisu-round 3a,1.006,0.86,1.54,393.5517751,1.56,0.644953241,Short-duration,High-intensity,Mild,,NA,NA,NA,NA,NA,NA,NA,NA,NA,NA,43.19409239,1.327632817,2.25,5.31,8.6,1.33,14.91,ejisur3,NA,NA,NA,NA,NA,NA,NA,NA,NA,NA,NA,NA,NA,NA,NA,NA,NA,NA,NA,NA,NA,NA,NA,NA,NA,NA,NA,NA,NA,NA,NA,NA,NA,NA,NA,NA,NA,NA,NA,0,FALSE,0,0,0,NA,NA,NA,NA,NA,NA,NA,NA
270,ejisu-round 3b,1.016,0.12,1.33,339.490345,1.33,1.584626817,Short-duration,High-intensity,Mild,,NA,NA,NA,NA,NA,NA,NA,NA,NA,NA,186.8319543,6.65701033,8.63,6.49,17.42,2.32,10.81,ejisur3,NA,NA,NA,NA,NA,NA,NA,NA,NA,NA,NA,NA,NA,NA,NA,NA,NA,NA,NA,NA,NA,NA,NA,NA,NA,NA,NA,NA,NA,NA,NA,NA,NA,NA,NA,NA,NA,NA,NA,0,FALSE,0,0,0,NA,NA,NA,NA,NA,NA,NA,NA
271,ejisu-round 3c,1.012,6.18,1.35,344.9296731,1.44,1.209036861,Short-duration,High-intensity,Mild,,0.252430072,0.255482044,34.49007594,255.482044,NA,NA,NA,NA,NA,34.49007594,201.0884435,7.051996004,8.94,7.3,11.56,1.56,12.1,ejisur3,0.013421887,0.009618208,0.01340788,0.084491352,>=LOQ,LOD–LOQ,>=LOQ,>=LOQ,TRUE,FALSE,TRUE,TRUE,0.013421887,NA,0.01340788,0.084491352,3,FALSE,PPa+PCa+POCC,0.01358295,13.58294964,1.833698202,1.833698202,0.009733626,9.733626496,1.314039577,1.314039577,0.013568775,13.56877456,1.831784566,1.831784566,0.085505248,85.50524822,11.54320851,11.54320851,5.316596592,3.809906302,5.311048224,33.46820265,47.90575377,FALSE,0.122390599,16.52273085,16.52273085,11.09803348,11.09803348,7.952920062,7.952920062,11.08645164,11.08645164,69.86259482,69.86259482
272,ekyem 1a,1.01,25.11,1.14,290.9346311,1.52,1.019256067,Short-duration,High-intensity,Mild,,NA,NA,NA,NA,NA,NA,NA,NA,NA,NA,105.8056399,4.399151306,5.78,6.28,10.88,1.24,11.43,ekyem1,NA,NA,NA,NA,NA,NA,NA,NA,NA,NA,NA,NA,NA,NA,NA,NA,NA,NA,NA,NA,NA,NA,NA,NA,NA,NA,NA,NA,NA,NA,NA,NA,NA,NA,NA,NA,NA,NA,NA,0,FALSE,0,0,0,NA,NA,NA,NA,NA,NA,NA,NA
273,ekyem 1b,1.009,18.82,1.24,316.9231125,1.53,0.882512946,Short-duration,High-intensity,Mild,,NA,NA,NA,NA,NA,NA,NA,NA,NA,NA,95.5096775,3.645431717,5.06,6.79,14.43,1.79,12.19,ekyem1,NA,NA,NA,NA,NA,NA,NA,NA,NA,NA,NA,NA,NA,NA,NA,NA,NA,NA,NA,NA,NA,NA,NA,NA,NA,NA,NA,NA,NA,NA,NA,NA,NA,NA,NA,NA,NA,NA,NA,0,FALSE,0,0,0,NA,NA,NA,NA,NA,NA,NA,NA
274,ekyem 1c,1.015,12.27,1.23,314.5451882,1.4,1.54661777,Short-duration,High-intensity,Mild,,0.509404745,0.517283289,63.62584455,517.283289,NA,NA,NA,NA,NA,63.62584455,219.0972304,8.425765023,11.29,7.8,12.73,1.57,10.15,ekyem1,0.04123603,0.017744741,0.115970552,0.171548118,>=LOQ,LOD–LOQ,>=LOQ,>=LOQ,TRUE,FALSE,TRUE,TRUE,0.04123603,NA,0.115970552,0.171548118,3,FALSE,PPa+PCa+POCC,0.04185457,41.85457045,5.148112165,5.148112165,0.018010912,18.01091212,2.21534219,2.21534219,0.11771011,117.7101103,14.47834356,14.47834356,0.17412134,174.1213398,21.41692479,21.41692479,8.091228025,3.481827559,22.75544422,33.66073165,67.98923145,FALSE,0.351696933,43.25872271,43.25872271,11.90074936,11.90074936,5.121145636,5.121145636,33.46918877,33.46918877,49.50891624,49.50891624
275,ekyem 2a,1.043,11.83,1.21,309.2981045,1.37,4.268340263,Short-duration,High-intensity,Mild,,NA,NA,NA,NA,NA,NA,NA,NA,NA,NA,251.9481918,9.85347659,12.07,6.53,24.45,2.96,9.05,ekyem2,NA,NA,NA,NA,NA,NA,NA,NA,NA,NA,NA,NA,NA,NA,NA,NA,NA,NA,NA,NA,NA,NA,NA,NA,NA,NA,NA,NA,NA,NA,NA,NA,NA,NA,NA,NA,NA,NA,NA,0,FALSE,0,0,0,NA,NA,NA,NA,NA,NA,NA,NA
276,ekyem 2b,1.012,14.41,1.29,329.9813728,1.51,1.166316507,Short-duration,High-intensity,Mild,,NA,NA,NA,NA,NA,NA,NA,NA,NA,NA,196.0394489,7.186369605,8.8,6.89,17.15,2.22,9.99,ekyem2,NA,NA,NA,NA,NA,NA,NA,NA,NA,NA,NA,NA,NA,NA,NA,NA,NA,NA,NA,NA,NA,NA,NA,NA,NA,NA,NA,NA,NA,NA,NA,NA,NA,NA,NA,NA,NA,NA,NA,0,FALSE,0,0,0,NA,NA,NA,NA,NA,NA,NA,NA
277,ekyem 2c,1.009,13.26,1.21,309.8372295,1.4,0.911049494,Short-duration,High-intensity,Mild,,0.198893046,0.20070506,24.28531226,200.70506,199,200.791,0.200791,24.295711,23.20014095,24.28531226,119.6718368,4.672118593,5.91,6.84,12.58,1.53,10.76,ekyem2,0.010342064,0.01762005,0.013961826,0.065218968,LOD–LOQ,LOD–LOQ,>=LOQ,>=LOQ,FALSE,FALSE,TRUE,TRUE,NA,NA,0.013961826,0.065218968,2,FALSE,PCa+POCC,0.010435143,10.43514258,1.262652252,1.262652252,0.01777863,17.77863045,2.151214284,2.151214284,0.014087482,14.08748243,1.704585375,1.704585375,0.065805939,65.80593871,7.962518584,7.962518584,5.199242399,8.858087808,7.018997146,32.78738399,53.86371134,FALSE,0.108107194,13.08097049,13.08097049,9.652588485,9.652588485,16.44537219,16.44537219,13.03103141,13.03103141,60.87100791,60.87100791
278,ekyem 3a,1.014,13.31,1.16,295.8147143,1.33,1.367506572,Short-duration,High-intensity,Mild,,NA,NA,NA,NA,NA,NA,NA,NA,NA,NA,142.806655,5.839614465,7.85,6.22,20.22,2.34,10.98,ekyem3,NA,NA,NA,NA,NA,NA,NA,NA,NA,NA,NA,NA,NA,NA,NA,NA,NA,NA,NA,NA,NA,NA,NA,NA,NA,NA,NA,NA,NA,NA,NA,NA,NA,NA,NA,NA,NA,NA,NA,0,FALSE,0,0,0,NA,NA,NA,NA,NA,NA,NA,NA
279,ekyem 3b,1.02,15.62,1.22,312.4633665,1.45,2.047162712,Short-duration,High-intensity,Mild,,0.285825748,0.291677066,35.58460205,291.677066,NA,NA,NA,NA,NA,35.58460205,135.5001859,5.245613462,6.96,6.66,15.98,1.96,11.77,ekyem3,0.01184752,0.013929427,0.003107069,0.134592333,>=LOQ,LOD–LOQ,<LOD,>=LOQ,TRUE,FALSE,FALSE,TRUE,0.01184752,NA,NA,0.134592333,2,FALSE,PPa+POCC,0.01208447,12.0844704,1.474305389,1.474305389,0.014208016,14.20801554,1.733377896,1.733377896,0.00316921,3.16921038,0.386643666,0,0.13728418,137.2841797,16.74866992,16.74866992,4.143099273,4.871145934,1.086547675,47.06718342,57.16797631,FALSE,0.166745876,20.34299687,19.9563532,7.247237948,7.387649305,8.520759783,8.685844945,1.900622946,0,82.33137932,83.92650575
280,ekyem 3c,1.014,19.17,1.17,298.9495639,1.45,1.445205696,Short-duration,High-intensity,Mild,,NA,NA,NA,NA,NA,NA,NA,NA,NA,NA,135.3447363,5.47644774,7.26,6.25,17.18,2.01,10.37,ekyem3,NA,NA,NA,NA,NA,NA,NA,NA,NA,NA,NA,NA,NA,NA,NA,NA,NA,NA,NA,NA,NA,NA,NA,NA,NA,NA,NA,NA,NA,NA,NA,NA,NA,NA,NA,NA,NA,NA,NA,0,FALSE,0,0,0,NA,NA,NA,NA,NA,NA,NA,NA
281,emena 1a,1.009,0.43,1.5,383.4887985,1.51,0.889517903,Short-duration,Low-intensity,Weak,,0.150804786,0.152146221,22.82193315,152.146221,NA,NA,NA,NA,NA,22.82193315,69.1150125,2.18009395,3.51,5.26,11.93,1.79,12.28,emena1,0.00785833,0.004230413,0.000387795,0.048586757,LOD–LOQ,<LOD,<LOD,>=LOQ,FALSE,FALSE,FALSE,TRUE,NA,NA,NA,0.048586757,1,FALSE,POCC,0.007929055,7.92905497,1.189358246,1.189358246,0.004268487,4.268486717,0.640273008,0,0.000391285,0.391285155,0.058692773,0,0.049024038,49.02403781,7.353605672,7.353605672,5.211470201,2.805516094,0.257177045,32.22165986,40.4958232,FALSE,0.061612865,9.241929698,8.542963917,12.86915487,13.9220797,6.927914715,0,0.635070544,0,79.56785987,86.0779203
282,emena 1b,1.016,2.16,1.53,389.2107339,1.56,1.63645696,Short-duration,Low-intensity,Weak,,NA,NA,NA,NA,NA,NA,NA,NA,NA,NA,88.9764066,2.765321021,4.05,5.63,11.74,1.79,12.59,emena1,NA,NA,NA,NA,NA,NA,NA,NA,NA,NA,NA,NA,NA,NA,NA,NA,NA,NA,NA,NA,NA,NA,NA,NA,NA,NA,NA,NA,NA,NA,NA,NA,NA,NA,NA,NA,NA,NA,NA,0,FALSE,0,0,0,NA,NA,NA,NA,NA,NA,NA,NA
283,emena 1c,1.022,2.14,1.37,349.3973705,1.4,2.187374661,Short-duration,Low-intensity,Weak,,NA,NA,NA,NA,NA,NA,NA,NA,NA,NA,130.7297767,4.525956639,6.63,5.79,16.65,2.28,11.13,emena1,NA,NA,NA,NA,NA,NA,NA,NA,NA,NA,NA,NA,NA,NA,NA,NA,NA,NA,NA,NA,NA,NA,NA,NA,NA,NA,NA,NA,NA,NA,NA,NA,NA,NA,NA,NA,NA,NA,NA,0,FALSE,0,0,0,NA,NA,NA,NA,NA,NA,NA,NA
284,emena 2a,1.008,10.31,1.39,355.6842061,1.55,0.847885234,Short-duration,Low-intensity,Weak,,NA,NA,NA,NA,NA,NA,NA,NA,NA,NA,73.66527615,2.505265408,3.49,5.47,11.48,1.6,11.91,emena2,NA,NA,NA,NA,NA,NA,NA,NA,NA,NA,NA,NA,NA,NA,NA,NA,NA,NA,NA,NA,NA,NA,NA,NA,NA,NA,NA,NA,NA,NA,NA,NA,NA,NA,NA,NA,NA,NA,NA,0,FALSE,0,0,0,NA,NA,NA,NA,NA,NA,NA,NA
285,emena 2b,1.013,7.44,1.37,349.115839,1.48,1.321670489,Short-duration,Low-intensity,Weak,,0.146110572,0.148041673,20.2817092,148.041673,NA,NA,NA,NA,NA,20.2817092,55.79159223,1.93310171,3.32,5.57,10.75,1.47,12.32,emena2,0.006679866,0.004535623,0.00121393,0.049409054,LOD–LOQ,<LOD,<LOD,>=LOQ,FALSE,FALSE,FALSE,TRUE,NA,NA,NA,0.049409054,1,FALSE,POCC,0.006766704,6.766704258,0.927038483,0.927038483,0.004594586,4.594586099,0.629458296,0,0.001229711,1.22971109,0.168470419,0,0.050051372,50.0513717,6.857037923,6.857037923,4.570810449,3.10357618,0.830651981,33.80897465,42.31401326,FALSE,0.062642373,8.582005121,7.784076407,10.8021199,11.90942168,7.334629689,0,1.963065938,0,79.90018447,88.09057832
286,emena 2c,1.006,4.81,1.42,361.2239057,1.49,0.5747389,Short-duration,Low-intensity,Weak,,NA,NA,NA,NA,NA,NA,NA,NA,NA,NA,48.32786089,1.61836542,2.68,5.19,10.04,1.42,13.42,emena2,NA,NA,NA,NA,NA,NA,NA,NA,NA,NA,NA,NA,NA,NA,NA,NA,NA,NA,NA,NA,NA,NA,NA,NA,NA,NA,NA,NA,NA,NA,NA,NA,NA,NA,NA,NA,NA,NA,NA,0,FALSE,0,0,0,NA,NA,NA,NA,NA,NA,NA,NA
287,emena 3a,1.011,3.57,1.48,376.8296959,1.53,1.07749047,Short-duration,Low-intensity,Weak,,NA,NA,NA,NA,NA,NA,NA,NA,NA,NA,683.4001925,21.93741639,23.32,8.21,8.13,1.2,9.53,emena3,NA,NA,NA,NA,NA,NA,NA,NA,NA,NA,NA,NA,NA,NA,NA,NA,NA,NA,NA,NA,NA,NA,NA,NA,NA,NA,NA,NA,NA,NA,NA,NA,NA,NA,NA,NA,NA,NA,NA,0,FALSE,0,0,0,NA,NA,NA,NA,NA,NA,NA,NA
288,emena 3b,1.012,3.04,1.56,399.1726664,1.61,1.239396882,Short-duration,Low-intensity,Weak,,0.178146967,0.180354915,28.13536674,180.354915,611,618.332,0.618332,96.459792,92.11011647,28.13536674,101.0337986,3.061691215,4.39,6.51,10.07,1.58,10.69,emena3,0.006368566,0.010143381,0.000490887,0.067439933,LOD–LOQ,LOD–LOQ,<LOD,>=LOQ,FALSE,FALSE,FALSE,TRUE,NA,NA,NA,0.067439933,1,FALSE,POCC,0.006444988,6.444988286,1.005418173,1.005418173,0.010265101,10.26510107,1.601355766,1.601355766,0.000496778,0.496777644,0.077497312,0,0.068249212,68.2492122,10.6468771,10.6468771,3.573502993,5.691611491,0.275444472,37.84161479,47.38217375,FALSE,0.085456079,13.33114835,13.25365104,7.541872207,7.585971363,12.01213672,12.08237459,0.581325107,0,79.86466597,80.33165404
289,emena 3c,1.012,11.77,1.3,331.0395015,1.47,1.226590311,Short-duration,Low-intensity,Weak,,NA,NA,NA,NA,NA,NA,NA,NA,NA,NA,112.4248828,4.108072748,5.77,6.52,12.39,1.61,11.53,emena3,NA,NA,NA,NA,NA,NA,NA,NA,NA,NA,NA,NA,NA,NA,NA,NA,NA,NA,NA,NA,NA,NA,NA,NA,NA,NA,NA,NA,NA,NA,NA,NA,NA,NA,NA,NA,NA,NA,NA,0,FALSE,0,0,0,NA,NA,NA,NA,NA,NA,NA,NA
290,esereso 1a,1.045,5.34,1.26,321.269707,1.33,4.532108905,Short-duration,Low-intensity,Weak,,0.261579648,0.273434723,34.4527751,273.434723,NA,NA,NA,NA,NA,34.4527751,245.010648,9.225091521,11.56,6.97,34.81,4.38,11.26,esereso1,0.006595284,0.012105571,0.004167224,0.148452704,LOD–LOQ,LOD–LOQ,LOD–LOQ,>=LOQ,FALSE,FALSE,FALSE,TRUE,NA,NA,NA,0.148452704,1,FALSE,POCC,0.006892072,6.89207178,0.868401044,0.868401044,0.012650321,12.65032117,1.593940468,1.593940468,0.004354749,4.35474908,0.548698384,0.548698384,0.155133076,155.1330757,19.54676754,19.54676754,2.520554707,4.626450157,1.592610124,56.73495816,65.47457314,FALSE,0.179030218,22.55780743,22.55780743,3.849669552,3.849669552,7.066025688,7.066025688,2.43241009,2.43241009,86.65189467,86.65189467
291,esereso 1b,1.013,1.99,1.38,353.0327933,1.41,1.2738779,Short-duration,Low-intensity,Weak,,NA,NA,NA,NA,NA,NA,NA,NA,NA,NA,133.7014874,4.581172991,6,5.68,23.06,3.19,9.31,esereso1,NA,NA,NA,NA,NA,NA,NA,NA,NA,NA,NA,NA,NA,NA,NA,NA,NA,NA,NA,NA,NA,NA,NA,NA,NA,NA,NA,NA,NA,NA,NA,NA,NA,NA,NA,NA,NA,NA,NA,0,FALSE,0,0,0,NA,NA,NA,NA,NA,NA,NA,NA
292,esereso 1c,1.012,2.85,1.31,333.3238016,1.34,1.201893893,Short-duration,Low-intensity,Weak,,NA,NA,NA,NA,NA,NA,NA,NA,NA,NA,156.4131069,5.676260496,7.31,6.02,15.62,2.04,10.12,esereso1,NA,NA,NA,NA,NA,NA,NA,NA,NA,NA,NA,NA,NA,NA,NA,NA,NA,NA,NA,NA,NA,NA,NA,NA,NA,NA,NA,NA,NA,NA,NA,NA,NA,NA,NA,NA,NA,NA,NA,0,FALSE,0,0,0,NA,NA,NA,NA,NA,NA,NA,NA
293,esereso 2a,1.008,3.69,1.47,376.3260375,1.53,0.771661329,Short-duration,Low-intensity,Weak,,NA,NA,NA,NA,189,190.512,0.190512,28.005264,26.74241853,26.74241853,198.9086895,6.393593051,7.39,7.47,16.86,2.49,10.21,esereso2,NA,NA,NA,NA,NA,NA,NA,NA,NA,NA,NA,NA,NA,NA,NA,NA,NA,NA,NA,NA,NA,NA,NA,NA,NA,NA,NA,NA,NA,NA,NA,NA,NA,NA,NA,NA,NA,NA,NA,0,FALSE,0,0,0,NA,NA,NA,NA,NA,NA,NA,NA
294,esereso 2b,1.007,7.85,1.41,360.1354328,1.53,0.734325737,Short-duration,Low-intensity,Weak,,0.198032353,0.199486556,28.1276044,199.486556,NA,NA,NA,NA,NA,28.1276044,308.0484249,10.34686164,11.52,8.14,10.44,1.47,10.58,esereso2,0.015377478,0.009508071,0.027310149,0.079245018,>=LOQ,LOD–LOQ,>=LOQ,>=LOQ,TRUE,FALSE,TRUE,TRUE,0.015377478,NA,0.027310149,0.079245018,3,FALSE,PPa+PCa+POCC,0.01548512,15.48512035,2.183401969,2.183401969,0.009574627,9.574626994,1.350022406,1.350022406,0.02750132,27.50132004,3.877686126,3.877686126,0.079799733,79.79973313,11.25176237,11.25176237,7.762488188,4.799635216,13.78605185,40.00256194,66.35073719,FALSE,0.132360801,18.66287287,18.66287287,11.69917399,11.69917399,7.233733067,7.233733067,20.77754134,20.77754134,60.2895516,60.2895516
295,esereso 2c,1.025,1.1,1.39,353.7298713,1.4,2.479329405,Short-duration,Low-intensity,Weak,,NA,NA,NA,NA,NA,NA,NA,NA,NA,NA,130.9917895,4.479482466,5.71,6.37,11.64,1.61,15.01,esereso2,NA,NA,NA,NA,NA,NA,NA,NA,NA,NA,NA,NA,NA,NA,NA,NA,NA,NA,NA,NA,NA,NA,NA,NA,NA,NA,NA,NA,NA,NA,NA,NA,NA,NA,NA,NA,NA,NA,NA,0,FALSE,0,0,0,NA,NA,NA,NA,NA,NA,NA,NA
296,esereso 3a,1.045,8.84,1.17,297.6947889,1.27,4.53659642,Short-duration,Low-intensity,Weak,,NA,NA,NA,NA,NA,NA,NA,NA,NA,NA,112.3933373,4.56693506,6.49,5.94,13.17,1.54,10.93,esereso3,NA,NA,NA,NA,NA,NA,NA,NA,NA,NA,NA,NA,NA,NA,NA,NA,NA,NA,NA,NA,NA,NA,NA,NA,NA,NA,NA,NA,NA,NA,NA,NA,NA,NA,NA,NA,NA,NA,NA,0,FALSE,0,0,0,NA,NA,NA,NA,NA,NA,NA,NA
297,esereso 3b,1.016,39.6,0.95,243.3983354,1.57,1.594778594,Short-duration,Low-intensity,Weak,,0.170521864,0.173241311,16.45792455,173.241311,NA,NA,NA,NA,NA,16.45792455,82.43093491,4.096643039,5.83,5.66,17.63,1.68,9.9,esereso3,0.004934162,0.004515454,0.007550971,0.064004995,LOD–LOQ,<LOD,LOD–LOQ,>=LOQ,FALSE,FALSE,FALSE,TRUE,NA,NA,NA,0.064004995,1,FALSE,POCC,0.005013109,5.013108592,0.476245316,0.476245316,0.004587701,4.587701264,0.43583162,0,0.007671787,7.671786536,0.728819721,0.728819721,0.065029075,65.02907492,6.177762117,6.177762117,2.893714301,2.64815663,4.428381713,37.53670216,47.5069548,FALSE,0.082301671,7.818658775,7.382827155,6.091138263,6.450717405,5.574250426,0,9.321544039,9.871824244,79.01306727,83.67745835
298,esereso 3c,1.012,12.87,1.04,265.4793599,1.19,1.201841118,Short-duration,Low-intensity,Weak,,NA,NA,NA,NA,NA,NA,NA,NA,NA,NA,66.5011596,3.030079046,4.91,5.07,19.1,1.99,11.9,esereso3,NA,NA,NA,NA,NA,NA,NA,NA,NA,NA,NA,NA,NA,NA,NA,NA,NA,NA,NA,NA,NA,NA,NA,NA,NA,NA,NA,NA,NA,NA,NA,NA,NA,NA,NA,NA,NA,NA,NA,0,FALSE,0,0,0,NA,NA,NA,NA,NA,NA,NA,NA
299,forest _ref 3c,1.016,9.4,0.91,232.1945587,1,1.643208764,FOREST,Reference,FOREST,,0.29095895,0.295740013,26.91234118,295.740013,NA,NA,NA,NA,NA,26.91234118,115.344839,6.008992071,8.8,5.36,18.29,1.66,10.3,forest3,0.01241602,0.010873402,0.009701688,0.067684382,>=LOQ,LOD–LOQ,LOD–LOQ,>=LOQ,TRUE,FALSE,FALSE,TRUE,0.01241602,NA,NA,0.067684382,2,FALSE,PPa+POCC,0.012614676,12.61467632,1.147935545,1.147935545,0.011047376,11.04737643,1.005311255,1.005311255,0.009856915,9.856915008,0.896979266,0.896979266,0.068767332,68.76733211,6.257827222,6.257827222,4.265461475,3.735502788,3.332966313,23.25263038,34.58656096,FALSE,0.1022863,9.308053288,9.308053288,12.33271351,12.33271351,10.80044585,10.80044585,9.636593581,9.636593581,67.23024706,67.23024706
300,forest_ref 1a,1.009,17.12,1.19,304.235925,1.44,0.898669335,FOREST,Reference,FOREST,,0.201258351,0.203066998,24.16497276,203.066998,239,241.151,0.241151,28.696969,27.40293237,24.16497276,47.3558985,1.882864587,3.22,5.16,14.24,1.7,10.71,forest1,0.005450684,0.003662494,0.000127689,0.08777062,LOD–LOQ,<LOD,<LOD,>=LOQ,FALSE,FALSE,FALSE,TRUE,NA,NA,NA,0.08777062,1,FALSE,POCC,0.00549974,5.499740156,0.654469079,0.654469079,0.003695456,3.695456446,0.439759317,0,0.000128838,0.128838201,0.015331746,0,0.088560556,88.56055558,10.53870611,10.53870611,2.708337746,1.819821282,0.063446154,43.61149594,48.20310112,FALSE,0.09788459,11.64826626,11.19317519,5.618596486,5.847036853,3.775319927,0,0.131622557,0,90.47446103,94.15296315
301,forest_ref 1b,1.127,30.63,0.95,242.7824082,1.32,12.69762174,FOREST,Reference,FOREST,,0.253083091,0.285218625,27.09576938,285.218625,NA,NA,NA,NA,NA,27.09576938,95.20674709,4.743577646,7.32,6,22.34,2.13,11.07,forest1,0.019463348,0.009143395,0.00665244,0.072868472,>=LOQ,<LOD,LOD–LOQ,>=LOQ,TRUE,FALSE,FALSE,TRUE,0.019463348,NA,NA,0.072868472,2,FALSE,PPa+POCC,0.021935193,21.9351932,2.083843354,2.083843354,0.010304606,10.30460617,0.978937586,0,0.0074973,7.49729988,0.712243489,0.712243489,0.082122768,82.12276794,7.801662955,7.801662955,7.690659471,3.612879827,2.628615112,28.7929191,42.72507351,FALSE,0.121859867,11.57668738,10.5977498,18.00034228,19.6630737,8.456111436,0,6.152394593,6.720704888,67.39115169,73.61622141
302,forest_ref 1c,1.031,4.5,1.31,334.5598578,1.37,3.132516321,FOREST,Reference,FOREST,,0.249528021,0.257344527,33.71213304,257.344527,NA,NA,NA,NA,NA,33.71213304,105.7066059,3.821939422,6.22,5.56,19.25,2.52,10.93,forest1,0.006473327,0.00520887,NA,0.093879463,LOD–LOQ,<LOD,NA,>=LOQ,FALSE,FALSE,FALSE,TRUE,NA,NA,NA,0.093879463,1,FALSE,POCC,0.006674,6.674000137,0.874294018,0.874294018,0.005370345,5.37034497,0.703515191,0,NA,NA,NA,NA,0.096789726,96.78972635,12.67945415,12.67945415,2.593410559,2.086830846,NA,37.61095193,42.29119334,FALSE,0.108834071,14.25726336,13.55374817,6.13227094,6.450570034,4.934433581,0,NA,NA,88.93329548,93.54942997
303,forest_ref 2a,1.008,9.62,1.21,308.9277068,1.34,0.793808108,FOREST,Reference,FOREST,,0.249457875,0.251438092,30.42400913,251.438092,220,221.76,0.22176,26.83296,25.6229774,30.42400913,47.74739036,1.8695982,3.16,4.94,12.83,1.55,12.02,forest2,0.004608905,0.004280976,NA,0.066947913,LOD–LOQ,<LOD,NA,>=LOQ,FALSE,FALSE,FALSE,TRUE,NA,NA,NA,0.066947913,1,FALSE,POCC,0.004645776,4.645775736,0.562138864,0.562138864,0.004315223,4.315223304,0.52214202,0,NA,NA,NA,NA,0.067483496,67.4834963,8.165503053,8.165503053,1.847681749,1.71621701,NA,26.83901066,30.40290941,FALSE,0.076444495,9.249783937,8.727641917,6.077318864,6.440902015,5.644910447,0,NA,NA,88.27777069,93.55909799
304,forest_ref 2b,1.013,2.15,1.1,279.7090876,1.12,1.308828543,FOREST,Reference,FOREST,,0.14635386,0.148269381,16.30963191,148.269381,NA,NA,NA,NA,NA,16.30963191,73.59948112,3.182905009,5.33,5.3,21.3,2.33,12.4,forest2,0.016684144,0.005403425,6.72E-05,0.089307025,>=LOQ,<LOD,<LOD,>=LOQ,TRUE,FALSE,FALSE,TRUE,0.016684144,NA,NA,0.089307025,2,FALSE,PPa+POCC,0.016901038,16.90103787,1.859114166,1.859114166,0.00547367,5.473669525,0.602103648,0,6.81E-05,0.068071979,0.007487918,0,0.090468016,90.46801633,9.951481796,9.951481796,11.39887262,3.691705926,0.045911016,61.01598032,76.15246988,FALSE,0.112910796,12.42018753,11.81059596,14.96848708,15.7410699,4.847782261,0,0.060288282,0,80.12344237,84.2589301
305,forest_ref 2c,1.018,10.56,1.29,330.0836172,1.44,1.774211892,FOREST,Reference,FOREST,,0.222501498,0.226449146,29.21193983,226.449146,NA,NA,NA,NA,NA,29.21193983,133.5656917,4.894704177,7.24,6.34,20.22,2.62,11.63,forest2,0.006719704,0.007534711,0.000341304,0.098414466,LOD–LOQ,<LOD,<LOD,>=LOQ,FALSE,FALSE,FALSE,TRUE,NA,NA,NA,0.098414466,1,FALSE,POCC,0.006840659,6.840658672,0.882444969,0.882444969,0.007670336,7.670335798,0.989473318,0,0.000347447,0.347447472,0.044820724,0,0.100185926,100.1859264,12.9239845,12.9239845,3.020836595,3.387222223,0.153432891,44.24213037,50.80362208,FALSE,0.115044368,14.84072351,13.80642947,5.946104769,6.391550911,6.6672849,0,0.302011717,0,87.08459861,93.60844909
306,forest_ref 3a,1.008,28.61,0.93,238.3344973,1.31,0.76594145,FOREST,Reference,FOREST,,0.130198792,0.131196039,12.20123163,131.196039,NA,NA,NA,NA,NA,12.20123163,13.01305088,0.660461827,2.09,4.71,13.37,1.25,12.24,forest3,0.00704234,0.000994221,NA,0.0547355,LOD–LOQ,<LOD,NA,>=LOQ,FALSE,FALSE,FALSE,TRUE,NA,NA,NA,0.0547355,1,FALSE,POCC,0.007098679,7.09867872,0.660177121,0.660177121,0.001002175,1.002174768,0.093202253,0,NA,NA,NA,NA,0.055173384,55.173384,5.131124712,5.131124712,5.410741646,0.763875781,NA,42.05415378,48.22877121,FALSE,0.063274237,5.884504086,5.791301833,11.21890836,11.39945974,1.583859099,0,NA,NA,87.19723254,88.60054026
307,forest_ref 3b,1.008,20,0.92,235.7947356,1.15,0.81650015,FOREST,Reference,FOREST,,0.1461073,0.147300266,13.55162447,147.300266,195,196.56,0.19656,18.08352,17.26807718,13.55162447,47.55327519,2.439505665,3.47,5.05,15.17,1.4,12.16,forest3,0.004624611,0.002233425,0.000137884,0.069644658,LOD–LOQ,<LOD,<LOD,>=LOQ,FALSE,FALSE,FALSE,TRUE,NA,NA,NA,0.069644658,1,FALSE,POCC,0.004661608,4.661607888,0.428867926,0.428867926,0.002251292,2.2512924,0.207118901,0,0.000138987,0.138987072,0.012786811,0,0.070201815,70.20181526,6.458567004,6.458567004,3.164697536,1.528369541,0.094356294,47.65898743,52.44641081,FALSE,0.077253703,7.107340641,6.88743493,6.034154648,6.22681637,2.914154692,0,0.179909917,0,90.87178074,93.77318363
308,gyinyase 10a,1.054,23.23,0.95,243.6292433,1.23,5.381438006,Long-duration,High-intensity,Strong,,0.470613591,0.49593937,47.11424015,495.93937,NA,NA,NA,NA,NA,47.11424015,197.3499877,9.798581044,13.18,6.35,45.19,4.31,24.73,gyinyase10,0.064630927,0.028608232,0.088873404,0.076817086,>=LOQ,LOD–LOQ,>=LOQ,>=LOQ,TRUE,FALSE,TRUE,TRUE,0.064630927,NA,0.088873404,0.076817086,3,FALSE,PPa+PCa+POCC,0.068120997,68.12099653,6.47149467,6.47149467,0.030153077,30.15307653,2.86454227,2.86454227,0.093672568,93.67256782,8.898893943,8.898893943,0.080965209,80.96520864,7.691694821,7.691694821,13.73575091,6.079992506,18.88790717,16.32562639,55.02927697,FALSE,0.27291185,25.9266257,25.9266257,24.96080571,24.96080571,11.04865054,11.04865054,34.32337877,34.32337877,29.66716498,29.66716498
309,gyinyase 10b,1.023,11.44,1.12,286.926232,1.27,2.301556014,Long-duration,High-intensity,Strong,,NA,NA,NA,NA,NA,NA,NA,NA,NA,NA,187.1754089,7.891036225,11.18,6.35,26.83,3.02,21.95,gyinyase10,NA,NA,NA,NA,NA,NA,NA,NA,NA,NA,NA,NA,NA,NA,NA,NA,NA,NA,NA,NA,NA,NA,NA,NA,NA,NA,NA,NA,NA,NA,NA,NA,NA,NA,NA,NA,NA,NA,NA,0,FALSE,0,0,0,NA,NA,NA,NA,NA,NA,NA,NA
310,gyinyase 10c,1.02,10.85,1.18,300.2347027,1.32,1.966893645,Long-duration,High-intensity,Strong,,NA,NA,NA,NA,NA,NA,NA,NA,NA,NA,271.5523868,10.94077879,12.79,6.43,32.56,3.83,22.51,gyinyase10,NA,NA,NA,NA,NA,NA,NA,NA,NA,NA,NA,NA,NA,NA,NA,NA,NA,NA,NA,NA,NA,NA,NA,NA,NA,NA,NA,NA,NA,NA,NA,NA,NA,NA,NA,NA,NA,NA,NA,0,FALSE,0,0,0,NA,NA,NA,NA,NA,NA,NA,NA
311,gyinyase 11a,1.021,0.72,1.44,366.7305939,1.45,2.134920354,Long-duration,High-intensity,Strong,,NA,NA,NA,NA,NA,NA,NA,NA,NA,NA,81.58460896,2.69101796,4.16,5.22,16.27,2.34,12.33,gyinyase11,NA,NA,NA,NA,NA,NA,NA,NA,NA,NA,NA,NA,NA,NA,NA,NA,NA,NA,NA,NA,NA,NA,NA,NA,NA,NA,NA,NA,NA,NA,NA,NA,NA,NA,NA,NA,NA,NA,NA,0,FALSE,0,0,0,NA,NA,NA,NA,NA,NA,NA,NA
312,gyinyase 11b,1.01,2.88,1.46,372.6118969,1.5,1.048840117,Long-duration,High-intensity,Strong,,0.260664043,0.263397992,38.45610683,263.397992,NA,NA,NA,NA,NA,38.45610683,61.46294124,1.995318015,3.08,5.07,11.55,1.69,12.87,gyinyase11,0.020125284,0.006524354,0.001704617,0.085353134,>=LOQ,<LOD,<LOD,>=LOQ,TRUE,FALSE,FALSE,TRUE,0.020125284,NA,NA,0.085353134,2,FALSE,PPa+POCC,0.020326537,20.32653684,2.967674379,2.967674379,0.006589598,6.58959754,0.962081241,0,0.001721663,1.72166317,0.251362823,0,0.086206665,86.20666534,12.58617314,12.58617314,7.717043204,2.501764531,0.653635647,32.72867218,43.60111557,FALSE,0.114844463,16.76729158,15.55384752,17.69918752,19.08000175,5.737845234,0,1.499125971,0,75.06384128,80.91999825
313,gyinyase 11c,1.011,1.13,1.52,387.5948798,1.54,1.077186618,Long-duration,High-intensity,Strong,,NA,NA,NA,NA,NA,NA,NA,NA,NA,NA,39.87688094,1.244510749,2.79,4.81,15.25,2.32,17.92,gyinyase11,NA,NA,NA,NA,NA,NA,NA,NA,NA,NA,NA,NA,NA,NA,NA,NA,NA,NA,NA,NA,NA,NA,NA,NA,NA,NA,NA,NA,NA,NA,NA,NA,NA,NA,NA,NA,NA,NA,NA,0,FALSE,0,0,0,NA,NA,NA,NA,NA,NA,NA,NA
314,gyinyase 12a,1.013,11.75,1.26,321.6890246,1.43,1.287260393,Long-duration,High-intensity,Strong,,NA,NA,NA,NA,NA,NA,NA,NA,NA,NA,139.0907142,5.230189144,6.15,5.94,14.13,1.78,13.4,gyinyase12,NA,NA,NA,NA,NA,NA,NA,NA,NA,NA,NA,NA,NA,NA,NA,NA,NA,NA,NA,NA,NA,NA,NA,NA,NA,NA,NA,NA,NA,NA,NA,NA,NA,NA,NA,NA,NA,NA,NA,0,FALSE,0,0,0,NA,NA,NA,NA,NA,NA,NA,NA
315,gyinyase 12b,1.023,7.04,1.3,331.1077376,1.39,2.292988515,Long-duration,High-intensity,Strong,,0.289192997,0.295824159,38.45714067,295.824159,NA,NA,NA,NA,NA,38.45714067,126.6582227,4.627213746,5.81,6.02,12.69,1.65,14.34,gyinyase12,0.014355741,0.010212541,0.000399691,0.132551919,>=LOQ,LOD–LOQ,<LOD,>=LOQ,TRUE,FALSE,FALSE,TRUE,0.014355741,NA,NA,0.132551919,2,FALSE,PPa+POCC,0.014685923,14.68592304,1.909169996,1.909169996,0.010447429,10.44742944,1.358165828,1.358165828,0.000408884,0.408883893,0.053154906,0,0.135600613,135.6006131,17.62807971,17.62807971,4.964409632,3.531634968,0.13821856,45.8382485,54.47251166,FALSE,0.16114285,20.94857044,20.89541553,9.113605157,9.136788846,6.483334181,6.499826843,0.253740017,0,84.14932065,84.36338431
316,gyinyase 12c,1.009,7.09,1.38,351.5881786,1.48,0.922050745,Long-duration,High-intensity,Strong,,NA,NA,NA,NA,NA,NA,NA,NA,NA,NA,133.0856335,4.578807796,6.02,6.48,9.73,1.34,13.88,gyinyase12,NA,NA,NA,NA,NA,NA,NA,NA,NA,NA,NA,NA,NA,NA,NA,NA,NA,NA,NA,NA,NA,NA,NA,NA,NA,NA,NA,NA,NA,NA,NA,NA,NA,NA,NA,NA,NA,NA,NA,0,FALSE,0,0,0,NA,NA,NA,NA,NA,NA,NA,NA
317,gyinyase 1a,1.027,27.64,1.03,262.9257664,1.41,2.682975382,Long-duration,Low-intensity,Moderate,,0.239347453,0.245769086,25.31421586,245.769086,NA,NA,NA,NA,NA,25.31421586,71.32996836,3.281666053,5.13,5.43,19.14,1.97,12.34,gyinyase1,0.004555414,0.00469045,0.00316849,0.08287108,LOD–LOQ,<LOD,<LOD,>=LOQ,FALSE,FALSE,FALSE,TRUE,NA,NA,NA,0.08287108,1,FALSE,POCC,0.00467841,4.678410178,0.481876248,0.481876248,0.004817092,4.81709215,0.496160491,0,0.003254039,3.25403923,0.335166041,0,0.085108599,85.10859916,8.766185713,8.766185713,1.903579597,1.96000735,1.324023002,34.62949736,39.81710731,FALSE,0.097858141,10.07938849,9.248061962,4.780808366,5.21056466,4.922525724,0,3.325261655,0,86.97140425,94.78943534
318,gyinyase 1b,1.021,44.08,0.81,206.448378,1.43,2.093318451,Long-duration,Low-intensity,Moderate,,NA,NA,NA,NA,NA,NA,NA,NA,NA,NA,122.4056992,7.172088926,9.36,6.39,19.22,1.56,10.15,gyinyase1,NA,NA,NA,NA,NA,NA,NA,NA,NA,NA,NA,NA,NA,NA,NA,NA,NA,NA,NA,NA,NA,NA,NA,NA,NA,NA,NA,NA,NA,NA,NA,NA,NA,NA,NA,NA,NA,NA,NA,0,FALSE,0,0,0,NA,NA,NA,NA,NA,NA,NA,NA
319,gyinyase 1c,1.01,38.28,0.94,240.7043488,1.52,0.982803693,Long-duration,Low-intensity,Moderate,,NA,NA,NA,NA,NA,NA,NA,NA,NA,NA,30.80974157,1.548316067,2.91,4.63,14.71,1.39,11.75,gyinyase1,NA,NA,NA,NA,NA,NA,NA,NA,NA,NA,NA,NA,NA,NA,NA,NA,NA,NA,NA,NA,NA,NA,NA,NA,NA,NA,NA,NA,NA,NA,NA,NA,NA,NA,NA,NA,NA,NA,NA,0,FALSE,0,0,0,NA,NA,NA,NA,NA,NA,NA,NA
320,gyinyase 2a,1.015,3.87,1.31,333.4000674,1.36,1.460687345,Long-duration,Low-intensity,Moderate,,NA,NA,NA,NA,NA,NA,NA,NA,NA,NA,112.8225739,4.093415424,5.5,5.55,16.45,2.15,10.48,gyinyase2,NA,NA,NA,NA,NA,NA,NA,NA,NA,NA,NA,NA,NA,NA,NA,NA,NA,NA,NA,NA,NA,NA,NA,NA,NA,NA,NA,NA,NA,NA,NA,NA,NA,NA,NA,NA,NA,NA,NA,0,FALSE,0,0,0,NA,NA,NA,NA,NA,NA,NA,NA
321,gyinyase 2b,1.098,3.68,1.29,328.1997963,1.33,9.774595843,Long-duration,Low-intensity,Moderate,,0.185537832,0.203673405,26.27386925,203.673405,NA,NA,NA,NA,NA,26.27386925,47.36420218,1.745691192,2.46,5.04,8.79,1.13,10.84,gyinyase2,0.008731327,0.011527174,0.000469476,0.07290009,LOD–LOQ,LOD–LOQ,<LOD,>=LOQ,FALSE,FALSE,FALSE,TRUE,NA,NA,NA,0.07290009,1,FALSE,POCC,0.009586996,9.586996497,1.236722548,1.236722548,0.012656837,12.65683705,1.63273198,1.63273198,0.000515485,0.515484648,0.06649752,0,0.080044299,80.04429882,10.32571455,10.32571455,4.707043856,6.214280677,0.253093745,39.30031946,50.47473774,FALSE,0.102803617,13.2616666,13.19516908,9.32554396,9.372540367,12.31166511,12.37371018,0.501426567,0,77.86136436,78.25374945
322,gyinyase 2c,1.006,1.98,1.43,364.6367741,1.46,0.57954272,Long-duration,Low-intensity,Moderate,,NA,NA,NA,NA,NA,NA,NA,NA,NA,NA,49.24836396,1.633754676,2.63,5.13,9.19,1.31,10.6,gyinyase2,NA,NA,NA,NA,NA,NA,NA,NA,NA,NA,NA,NA,NA,NA,NA,NA,NA,NA,NA,NA,NA,NA,NA,NA,NA,NA,NA,NA,NA,NA,NA,NA,NA,NA,NA,NA,NA,NA,NA,0,FALSE,0,0,0,NA,NA,NA,NA,NA,NA,NA,NA
323,gyinyase 3a,1.008,34.26,1.03,263.8047196,1.57,0.847323877,Long-duration,Low-intensity,Moderate,,NA,NA,NA,NA,NA,NA,NA,NA,NA,NA,117.4866503,5.387179699,7.15,6.38,14.07,1.45,9.93,gyinyase3,NA,NA,NA,NA,NA,NA,NA,NA,NA,NA,NA,NA,NA,NA,NA,NA,NA,NA,NA,NA,NA,NA,NA,NA,NA,NA,NA,NA,NA,NA,NA,NA,NA,NA,NA,NA,NA,NA,NA,0,FALSE,0,0,0,NA,NA,NA,NA,NA,NA,NA,NA
324,gyinyase 3b,1.009,22.89,1.1,279.8445332,1.42,0.859572559,Long-duration,Low-intensity,Moderate,,0.339042283,0.341956598,37.61522578,341.956598,NA,NA,NA,NA,NA,37.61522578,81.64587579,3.529172824,4.59,5.69,13.28,1.46,10.12,gyinyase3,0.029879109,0.024545797,0.000466757,0.142801883,>=LOQ,LOD–LOQ,<LOD,>=LOQ,TRUE,FALSE,FALSE,TRUE,0.029879109,NA,NA,0.142801883,2,FALSE,PPa+POCC,0.030148021,30.14802098,3.316282308,3.316282308,0.024766709,24.76670867,2.724337954,2.724337954,0.000470958,0.470957813,0.051805359,0,0.1440871,144.0870999,15.84958099,15.84958099,8.816329662,7.242646819,0.137724441,42.13607832,58.33277924,FALSE,0.199472787,21.94200662,21.89020126,15.11385155,15.14962,12.41608391,12.44546782,0.236101284,0,72.23396325,72.40491218
325,gyinyase 3c,1.008,21.5,1.06,271.6166957,1.35,0.825908119,Long-duration,Low-intensity,Moderate,,NA,NA,NA,NA,NA,NA,NA,NA,NA,NA,76.78312355,3.419517381,5.26,6.1,13.83,1.47,10.84,gyinyase3,NA,NA,NA,NA,NA,NA,NA,NA,NA,NA,NA,NA,NA,NA,NA,NA,NA,NA,NA,NA,NA,NA,NA,NA,NA,NA,NA,NA,NA,NA,NA,NA,NA,NA,NA,NA,NA,NA,NA,0,FALSE,0,0,0,NA,NA,NA,NA,NA,NA,NA,NA
326,gyinyase 4a,1.01,5.04,1.45,369.5786377,1.52,0.952804618,Long-duration,High-intensity,Strong,,0.212160585,0.214182061,31.05639885,214.182061,NA,NA,NA,NA,NA,31.05639885,188.09932,6.156528113,7.37,7.31,11.48,1.66,11.4,gyinyase4,0.015749941,0.013134439,0.027326638,0.093541607,>=LOQ,LOD–LOQ,>=LOQ,>=LOQ,TRUE,FALSE,TRUE,TRUE,0.015749941,NA,0.027326638,0.093541607,3,FALSE,PPa+PCa+POCC,0.01590744,15.90743991,2.306578786,2.306578786,0.013265783,13.26578339,1.923538592,1.923538592,0.027599904,27.59990438,4.001986135,4.001986135,0.094477023,94.47702307,13.69916835,13.69916835,7.427064541,6.193694901,12.88618862,44.11061441,70.61756248,FALSE,0.151250151,21.93127186,21.93127186,10.51730516,10.51730516,8.770757136,8.770757136,18.24785248,18.24785248,62.46408523,62.46408523
327,gyinyase 4b,1.027,9.14,1.43,364.0940428,1.57,2.665783018,Long-duration,High-intensity,Strong,,NA,NA,NA,NA,NA,NA,NA,NA,NA,NA,175.9313769,5.845009618,7.08,7.76,9.91,1.41,12.97,gyinyase4,NA,NA,NA,NA,NA,NA,NA,NA,NA,NA,NA,NA,NA,NA,NA,NA,NA,NA,NA,NA,NA,NA,NA,NA,NA,NA,NA,NA,NA,NA,NA,NA,NA,NA,NA,NA,NA,NA,NA,0,FALSE,0,0,0,NA,NA,NA,NA,NA,NA,NA,NA
328,gyinyase 4c,1.016,2.48,1.52,386.8619038,1.55,1.638335583,Long-duration,High-intensity,Strong,,NA,NA,NA,NA,NA,NA,NA,NA,NA,NA,282.0424605,8.818892155,9.83,7.76,11.13,1.69,11.46,gyinyase4,NA,NA,NA,NA,NA,NA,NA,NA,NA,NA,NA,NA,NA,NA,NA,NA,NA,NA,NA,NA,NA,NA,NA,NA,NA,NA,NA,NA,NA,NA,NA,NA,NA,NA,NA,NA,NA,NA,NA,0,FALSE,0,0,0,NA,NA,NA,NA,NA,NA,NA,NA
329,gyinyase 5a,1.007,15.56,1.21,307.6349839,1.43,0.651751644,Long-duration,High-intensity,Strong,,NA,NA,NA,NA,NA,NA,NA,NA,NA,NA,151.0572493,5.939656808,7.36,7.86,7.78,0.94,12.62,gyinyase5,NA,NA,NA,NA,NA,NA,NA,NA,NA,NA,NA,NA,NA,NA,NA,NA,NA,NA,NA,NA,NA,NA,NA,NA,NA,NA,NA,NA,NA,NA,NA,NA,NA,NA,NA,NA,NA,NA,NA,0,FALSE,0,0,0,NA,NA,NA,NA,NA,NA,NA,NA
330,gyinyase 5b,1.01,4.95,1.36,348.0379211,1.43,0.968882603,Long-duration,High-intensity,Strong,,0.25318438,0.255637439,34.7666917,255.637439,NA,NA,NA,NA,NA,34.7666917,167.1210486,5.808447761,7.71,7.17,12.69,1.73,10.91,gyinyase5,0.018141807,0.013011568,0.020064633,0.091485572,>=LOQ,LOD–LOQ,>=LOQ,>=LOQ,TRUE,FALSE,TRUE,TRUE,0.018141807,NA,0.020064633,0.091485572,3,FALSE,PPa+PCa+POCC,0.018323225,18.32322507,2.49195861,2.49195861,0.013141684,13.14168368,1.78726898,1.78726898,0.020265279,20.26527933,2.756077989,2.756077989,0.092400428,92.40042772,12.56645817,12.56645817,7.167661021,5.140750796,7.927351881,36.14510773,56.38087143,FALSE,0.144130616,19.60176375,19.60176375,12.71293054,12.71293054,9.117898794,9.117898794,14.06035714,14.06035714,64.10881353,64.10881353
331,gyinyase 5c,1.018,8.6,1.32,337.6680934,1.45,1.836687171,Long-duration,High-intensity,Strong,,NA,NA,NA,NA,NA,NA,NA,NA,NA,NA,126.5290453,4.532686758,5.77,6.37,10.5,1.39,12.56,gyinyase5,NA,NA,NA,NA,NA,NA,NA,NA,NA,NA,NA,NA,NA,NA,NA,NA,NA,NA,NA,NA,NA,NA,NA,NA,NA,NA,NA,NA,NA,NA,NA,NA,NA,NA,NA,NA,NA,NA,NA,0,FALSE,0,0,0,NA,NA,NA,NA,NA,NA,NA,NA
332,gyinyase 6a,1.003,3.36,1.38,351.3429042,1.42,0.335027616,Long-duration,High-intensity,Strong,,NA,NA,NA,NA,NA,NA,NA,NA,NA,NA,77.84033923,2.67996446,3.48,8.06,3.65,0.5,18.76,gyinyase6,NA,NA,NA,NA,NA,NA,NA,NA,NA,NA,NA,NA,NA,NA,NA,NA,NA,NA,NA,NA,NA,NA,NA,NA,NA,NA,NA,NA,NA,NA,NA,NA,NA,NA,NA,NA,NA,NA,NA,0,FALSE,0,0,0,NA,NA,NA,NA,NA,NA,NA,NA
333,gyinyase 6b,1.056,28.82,0.98,248.973113,1.35,5.645945814,Long-duration,High-intensity,Strong,,NA,NA,NA,NA,NA,NA,NA,NA,NA,NA,251.2445638,12.20674089,15.78,8.01,14.89,1.45,9.91,gyinyase6,NA,NA,NA,NA,NA,NA,NA,NA,NA,NA,NA,NA,NA,NA,NA,NA,NA,NA,NA,NA,NA,NA,NA,NA,NA,NA,NA,NA,NA,NA,NA,NA,NA,NA,NA,NA,NA,NA,NA,0,FALSE,0,0,0,NA,NA,NA,NA,NA,NA,NA,NA
334,gyinyase 6c,1.008,9.18,1.16,294.7988505,1.27,0.814504352,Long-duration,High-intensity,Strong,,0.343348193,0.346144779,40.15279436,346.144779,NA,NA,NA,NA,NA,40.15279436,249.3874556,10.23303172,13.88,8.31,13.63,1.57,18.32,gyinyase6,0.025966528,0.013888149,0.168835504,0.056193734,>=LOQ,LOD–LOQ,>=LOQ,>=LOQ,TRUE,FALSE,TRUE,TRUE,0.025966528,NA,0.168835504,0.056193734,3,FALSE,PPa+PCa+POCC,0.02617426,26.17426022,3.036214186,3.036214186,0.013999254,13.99925419,1.623913486,1.623913486,0.170186188,170.186188,19.74159781,19.74159781,0.056643284,56.64328387,6.570620929,6.570620929,7.561651023,4.044334926,49.16618662,16.36404398,77.13621655,FALSE,0.267002986,30.97234641,30.97234641,9.802984073,9.802984073,5.243107721,5.243107721,63.73943242,63.73943242,21.21447578,21.21447578
335,gyinyase 7a,1.016,9.26,1.26,320.2585103,1.38,1.589806219,Long-duration,High-intensity,Strong,,0.340705342,0.346121896,43.6113589,346.121896,NA,NA,NA,NA,NA,43.6113589,235.067417,8.878656571,11.19,7.62,14.57,1.83,11.42,gyinyase7,0.032451181,0.020070307,0.039053206,0.091530076,>=LOQ,LOD–LOQ,>=LOQ,>=LOQ,TRUE,FALSE,TRUE,TRUE,0.032451181,NA,0.039053206,0.091530076,3,FALSE,PPa+PCa+POCC,0.0329704,32.9703999,4.154270387,4.154270387,0.020391432,20.39143191,2.569320421,2.569320421,0.039678057,39.6780573,4.999435219,4.999435219,0.092994557,92.99455722,11.71731421,11.71731421,9.525661415,5.891401887,11.46360798,26.8675742,53.74824548,FALSE,0.186034446,23.44034024,23.44034024,17.72273928,17.72273928,10.96110549,10.96110549,21.32833896,21.32833896,49.98781626,49.98781626
336,gyinyase 7b,1.014,30.22,0.98,251.2136914,1.4,1.423612124,Long-duration,High-intensity,Strong,,NA,NA,NA,NA,159,161.226,0.161226,15.800148,15.08766961,15.08766961,30.29168323,1.458597964,2.19,5.67,9.5,0.93,12.29,gyinyase7,NA,NA,NA,NA,NA,NA,NA,NA,NA,NA,NA,NA,NA,NA,NA,NA,NA,NA,NA,NA,NA,NA,NA,NA,NA,NA,NA,NA,NA,NA,NA,NA,NA,NA,NA,NA,NA,NA,NA,0,FALSE,0,0,0,NA,NA,NA,NA,NA,NA,NA,NA
337,gyinyase 7c,1.008,28.75,1.12,285.5980867,1.57,0.760478923,Long-duration,High-intensity,Strong,,NA,NA,NA,NA,NA,NA,NA,NA,NA,NA,95.30687985,4.036681273,4.58,6.16,6.44,0.72,16.64,gyinyase7,NA,NA,NA,NA,NA,NA,NA,NA,NA,NA,NA,NA,NA,NA,NA,NA,NA,NA,NA,NA,NA,NA,NA,NA,NA,NA,NA,NA,NA,NA,NA,NA,NA,NA,NA,NA,NA,NA,NA,0,FALSE,0,0,0,NA,NA,NA,NA,NA,NA,NA,NA
338,gyinyase 8a,1.003,5.57,1.5,382.4463842,1.59,0.301641188,Long-duration,High-intensity,Strong,,0.18539747,0.185956705,27.89350575,185.956705,NA,NA,NA,NA,NA,27.89350575,294.4780151,9.314034014,9.73,8.06,2.91,0.44,31.92,gyinyase8,0.018934559,0.009614016,0.096509467,0.030533263,>=LOQ,LOD–LOQ,>=LOQ,LOD–LOQ,TRUE,FALSE,TRUE,FALSE,0.018934559,NA,0.096509467,NA,2,FALSE,PPa+PCa,0.018991363,18.99136268,2.848704402,2.848704402,0.009642858,9.642858048,1.446428707,1.446428707,0.096798995,96.7989954,14.51984931,14.51984931,0.030624863,30.62486279,4.593729418,4.593729418,10.21278726,5.185539316,52.05458733,16.46881342,83.92172733,FALSE,0.156058079,23.40871184,23.40871184,12.16941975,12.16941975,6.179018808,6.179018808,62.02754518,62.02754518,19.62401626,19.62401626
339,gyinyase 8b,1.007,8.53,1.38,352.146324,1.51,0.696777405,Long-duration,High-intensity,Strong,,NA,NA,NA,NA,NA,NA,NA,NA,NA,NA,464.9040172,15.96965895,17.02,8.16,7.36,1.02,12.79,gyinyase8,NA,NA,NA,NA,NA,NA,NA,NA,NA,NA,NA,NA,NA,NA,NA,NA,NA,NA,NA,NA,NA,NA,NA,NA,NA,NA,NA,NA,NA,NA,NA,NA,NA,NA,NA,NA,NA,NA,NA,0,FALSE,0,0,0,NA,NA,NA,NA,NA,NA,NA,NA
340,gyinyase 8c,1.013,7.43,1.42,361.2419476,1.53,1.289455021,Long-duration,High-intensity,Strong,,NA,NA,NA,NA,NA,NA,NA,NA,NA,NA,127.6941596,4.275908085,5.31,7.01,6.8,0.96,15.33,gyinyase8,NA,NA,NA,NA,NA,NA,NA,NA,NA,NA,NA,NA,NA,NA,NA,NA,NA,NA,NA,NA,NA,NA,NA,NA,NA,NA,NA,NA,NA,NA,NA,NA,NA,NA,NA,NA,NA,NA,NA,0,FALSE,0,0,0,NA,NA,NA,NA,NA,NA,NA,NA
341,gyinyase 9a,1.01,12.2,1.35,344.1890528,1.53,1.005536684,Long-duration,High-intensity,Strong,,NA,NA,NA,NA,NA,NA,NA,NA,NA,NA,311.675151,10.95369457,11.77,7.49,10.18,1.37,10.86,gyinyase9,NA,NA,NA,NA,NA,NA,NA,NA,NA,NA,NA,NA,NA,NA,NA,NA,NA,NA,NA,NA,NA,NA,NA,NA,NA,NA,NA,NA,NA,NA,NA,NA,NA,NA,NA,NA,NA,NA,NA,0,FALSE,0,0,0,NA,NA,NA,NA,NA,NA,NA,NA
342,gyinyase 9b,1.007,8.56,1.47,374.6381283,1.6,0.72653355,Long-duration,High-intensity,Strong,,NA,NA,NA,NA,234,235.638,0.235638,34.638786,33.07681415,33.07681415,189.1318216,6.106721752,7.06,7.4,8.39,1.23,12.11,gyinyase9,NA,NA,NA,NA,NA,NA,NA,NA,NA,NA,NA,NA,NA,NA,NA,NA,NA,NA,NA,NA,NA,NA,NA,NA,NA,NA,NA,NA,NA,NA,NA,NA,NA,NA,NA,NA,NA,NA,NA,0,FALSE,0,0,0,NA,NA,NA,NA,NA,NA,NA,NA
343,gyinyase 9c,1.01,31.94,1.07,272.5272528,1.56,1.00274271,Long-duration,High-intensity,Strong,,0.930432562,0.939762406,100.5545774,939.762406,NA,NA,NA,NA,NA,100.5545774,218.9464387,9.71814666,11.46,7.59,17.01,1.82,15.01,gyinyase9,0.085419936,0.022351456,0.513905382,0.100400861,>=LOQ,LOD–LOQ,>=LOQ,>=LOQ,TRUE,FALSE,TRUE,TRUE,0.085419936,NA,0.513905382,0.100400861,3,FALSE,PPa+PCa+POCC,0.086274135,86.27413536,9.231332484,9.231332484,0.022574971,22.57497056,2.41552185,2.41552185,0.519044436,519.0444358,55.53775463,55.53775463,0.10140487,101.4048696,10.85032105,10.85032105,9.180419945,2.402199792,55.23145345,10.79047948,77.60455267,FALSE,0.729298411,78.03493001,78.03493001,11.82974404,11.82974404,3.095436684,3.095436684,71.17037796,71.17037796,13.90444131,13.90444131
344,jachie 1a,1.01,32.88,0.97,247.5054383,1.44,1.020002521,Short-duration,Low-intensity,Weak,,NA,NA,NA,NA,NA,NA,NA,NA,NA,NA,73.75827168,3.604802599,5.63,6.45,9.62,0.93,11.27,jachie1,NA,NA,NA,NA,NA,NA,NA,NA,NA,NA,NA,NA,NA,NA,NA,NA,NA,NA,NA,NA,NA,NA,NA,NA,NA,NA,NA,NA,NA,NA,NA,NA,NA,NA,NA,NA,NA,NA,NA,0,FALSE,0,0,0,NA,NA,NA,NA,NA,NA,NA,NA
345,jachie 1b,1.028,6.29,1.19,303.4227732,1.27,2.800457841,Short-duration,Low-intensity,Weak,,0.243195074,0.250005649,29.75067223,250.005649,NA,NA,NA,NA,NA,29.75067223,171.31838,6.829851917,9.81,6.54,22.2,2.64,8.96,jachie1,0.005612733,0.019652693,0.034471927,0.035197823,LOD–LOQ,LOD–LOQ,>=LOQ,LOD–LOQ,FALSE,FALSE,TRUE,FALSE,NA,NA,0.034471927,NA,1,FALSE,PCa,0.00576989,5.769889524,0.686616853,0.686616853,0.020202968,20.2029684,2.40415324,2.40415324,0.035437141,35.43714096,4.217019774,4.217019774,0.036183362,36.18336204,4.305820083,4.305820083,2.30790366,8.081004763,14.17453609,14.47301779,39.0364623,FALSE,0.097593361,11.61360995,11.61360995,5.912174219,5.912174219,20.70117087,20.70117087,36.31101606,36.31101606,37.07563885,37.07563885
346,jachie 1c,1.014,16.89,1.03,263.0728831,1.24,1.359743676,Short-duration,Low-intensity,Weak,,NA,NA,NA,NA,NA,NA,NA,NA,NA,NA,104.1768706,4.790167774,7.14,6.61,16.29,1.68,9.85,jachie1,NA,NA,NA,NA,NA,NA,NA,NA,NA,NA,NA,NA,NA,NA,NA,NA,NA,NA,NA,NA,NA,NA,NA,NA,NA,NA,NA,NA,NA,NA,NA,NA,NA,NA,NA,NA,NA,NA,NA,0,FALSE,0,0,0,NA,NA,NA,NA,NA,NA,NA,NA
347,jachie 2a,1.021,1.37,1.43,364.5561878,1.45,2.091258481,Short-duration,Low-intensity,Weak,,NA,NA,NA,NA,NA,NA,NA,NA,NA,NA,135.3754568,4.491909136,6.3,6.64,14.95,2.14,10.58,jachie2,NA,NA,NA,NA,NA,NA,NA,NA,NA,NA,NA,NA,NA,NA,NA,NA,NA,NA,NA,NA,NA,NA,NA,NA,NA,NA,NA,NA,NA,NA,NA,NA,NA,NA,NA,NA,NA,NA,NA,0,FALSE,0,0,0,NA,NA,NA,NA,NA,NA,NA,NA
348,jachie 2b,1.013,5.42,1.34,342.8154354,1.42,1.334410339,Short-duration,Low-intensity,Weak,,0.162250535,0.164415623,22.03169348,164.415623,NA,NA,NA,NA,NA,22.03169348,119.7321081,4.22479619,5.79,5.55,16.88,2.27,9.32,jachie2,0.001748646,0.014755401,0.011390383,0.056862178,<LOD,LOD–LOQ,>=LOQ,>=LOQ,FALSE,FALSE,TRUE,TRUE,NA,NA,0.011390383,0.056862178,2,FALSE,PCa+POCC,0.001771378,1.771378398,0.237364705,0,0.014947221,14.94722121,2.002927643,2.002927643,0.011538458,11.53845798,1.546153369,1.546153369,0.057601386,57.60138631,7.718585766,7.718585766,1.077378394,9.091119773,7.017859841,35.03401031,52.22036832,FALSE,0.085858444,11.50503148,11.26766678,2.063138251,0,17.40914526,17.77588637,13.4389321,13.72203669,67.08878439,68.50207695
349,jachie 2c,1.011,0.94,1.5,382.4760026,1.51,1.075622358,Short-duration,Low-intensity,Weak,,NA,NA,NA,NA,168,169.848,0.169848,25.4772,24.32835289,24.32835289,106.3647718,3.363946828,4.85,6.36,13.55,2.03,9.82,jachie2,NA,NA,NA,NA,NA,NA,NA,NA,NA,NA,NA,NA,NA,NA,NA,NA,NA,NA,NA,NA,NA,NA,NA,NA,NA,NA,NA,NA,NA,NA,NA,NA,NA,NA,NA,NA,NA,NA,NA,0,FALSE,0,0,0,NA,NA,NA,NA,NA,NA,NA,NA
350,jachie 3a,1.013,5.32,1.52,387.886091,1.6,1.310670619,Short-duration,Low-intensity,Weak,,0.118007951,0.119554646,18.17230619,119.554646,NA,NA,NA,NA,NA,18.17230619,60.5095791,1.887015324,2.99,5.67,11.91,1.81,10.88,jachie3,0.00022951,0.005649411,0.002711838,0.039993337,<LOD,<LOD,<LOD,>=LOQ,FALSE,FALSE,FALSE,TRUE,NA,NA,NA,0.039993337,1,FALSE,POCC,0.000232494,0.23249363,0.035339032,0,0.005722853,5.722853343,0.869873708,0,0.002747092,2.747091894,0.417557968,0,0.04051325,40.51325038,6.158014058,6.158014058,0.194466412,4.786809659,2.297770924,33.88680552,41.16585252,FALSE,0.049215689,7.480784766,6.158014058,0.472397387,0,11.62810768,0,5.581740165,0,82.31775476,100
351,jachie 3b,1.01,4.65,1.37,348.854555,1.43,0.990511661,Short-duration,Low-intensity,Weak,,NA,NA,NA,NA,NA,NA,NA,NA,NA,NA,43.02607112,1.491910583,2.94,5.56,11.06,1.51,10.04,jachie3,NA,NA,NA,NA,NA,NA,NA,NA,NA,NA,NA,NA,NA,NA,NA,NA,NA,NA,NA,NA,NA,NA,NA,NA,NA,NA,NA,NA,NA,NA,NA,NA,NA,NA,NA,NA,NA,NA,NA,0,FALSE,0,0,0,NA,NA,NA,NA,NA,NA,NA,NA
352,jachie 3c,1.007,4.81,1.38,352.9094261,1.45,0.742562727,Short-duration,Low-intensity,Weak,,NA,NA,NA,NA,NA,NA,NA,NA,NA,NA,74.43133225,2.551220734,3.91,5.87,12.05,1.67,9.97,jachie3,NA,NA,NA,NA,NA,NA,NA,NA,NA,NA,NA,NA,NA,NA,NA,NA,NA,NA,NA,NA,NA,NA,NA,NA,NA,NA,NA,NA,NA,NA,NA,NA,NA,NA,NA,NA,NA,NA,NA,0,FALSE,0,0,0,NA,NA,NA,NA,NA,NA,NA,NA
353,jachie 4a,1.013,20.53,1.33,338.6968998,1.67,1.267534528,Short-duration,High-intensity,Mild,,0.504594226,0.510990132,67.96168756,510.990132,NA,NA,NA,NA,NA,67.96168756,179.7942774,6.42125837,8.75,6.89,14.5,1.92,12.33,jachie4,0.037570195,0.02006958,0.020689341,0.205515891,>=LOQ,LOD–LOQ,>=LOQ,>=LOQ,TRUE,FALSE,TRUE,TRUE,0.037570195,NA,0.020689341,0.205515891,3,FALSE,PPa+PCa+POCC,0.038058608,38.05860754,5.061794802,5.061794802,0.020330485,20.33048454,2.703954444,2.703954444,0.020958302,20.95830243,2.787454224,2.787454224,0.208187598,208.1875976,27.68895048,27.68895048,7.448012232,3.978645235,4.101508252,40.74199961,56.27016533,FALSE,0.287534992,38.24215395,38.24215395,13.23616554,13.23616554,7.070612308,7.070612308,7.288957174,7.288957174,72.40426498,72.40426498
354,jachie 4b,1.015,7.73,1.39,354.9047526,1.51,1.511742906,Short-duration,High-intensity,Mild,,NA,NA,NA,NA,NA,NA,NA,NA,NA,NA,317.4568146,10.82002691,13.08,7.85,11.07,1.54,10.9,jachie4,NA,NA,NA,NA,NA,NA,NA,NA,NA,NA,NA,NA,NA,NA,NA,NA,NA,NA,NA,NA,NA,NA,NA,NA,NA,NA,NA,NA,NA,NA,NA,NA,NA,NA,NA,NA,NA,NA,NA,0,FALSE,0,0,0,NA,NA,NA,NA,NA,NA,NA,NA
355,jachie 4c,1.044,0,1.48,376.5996632,1.48,4.402642502,Short-duration,High-intensity,Mild,,NA,NA,NA,NA,NA,NA,NA,NA,NA,NA,376.655412,12.09817289,14.88,7.78,17.85,2.63,9.01,jachie4,NA,NA,NA,NA,NA,NA,NA,NA,NA,NA,NA,NA,NA,NA,NA,NA,NA,NA,NA,NA,NA,NA,NA,NA,NA,NA,NA,NA,NA,NA,NA,NA,NA,NA,NA,NA,NA,NA,NA,0,FALSE,0,0,0,NA,NA,NA,NA,NA,NA,NA,NA
356,jachie 5a,1.062,0.08,1.48,378.4869209,1.48,6.23088351,Short-duration,High-intensity,Mild,,0.459564771,0.488199716,72.25355797,488.199716,NA,NA,NA,NA,NA,72.25355797,325.7397583,10.41059125,12.44,7.79,16.67,2.47,9.16,jachie5,0.020044277,0.010588829,0.019095192,0.23726689,>=LOQ,LOD–LOQ,>=LOQ,>=LOQ,TRUE,FALSE,TRUE,TRUE,0.020044277,NA,0.019095192,0.23726689,3,FALSE,PPa+PCa+POCC,0.021287022,21.28702217,3.150479282,3.150479282,0.011245336,11.2453364,1.664309787,1.664309787,0.020279094,20.2790939,3.001305898,3.001305898,0.251977437,251.9774372,37.2926607,37.2926607,4.360310233,2.303429525,4.153852049,51.61359766,62.43118946,FALSE,0.30478889,45.10875567,45.10875567,6.984185742,6.984185742,3.689549317,3.689549317,6.65348856,6.65348856,82.67277638,82.67277638
357,jachie 5b,1.071,0.05,1.53,390.685753,1.53,7.063028737,Short-duration,High-intensity,Mild,,NA,NA,NA,NA,NA,NA,NA,NA,NA,NA,225.0812403,6.968948051,9,6.73,15.77,2.41,10.08,jachie5,NA,NA,NA,NA,NA,NA,NA,NA,NA,NA,NA,NA,NA,NA,NA,NA,NA,NA,NA,NA,NA,NA,NA,NA,NA,NA,NA,NA,NA,NA,NA,NA,NA,NA,NA,NA,NA,NA,NA,0,FALSE,0,0,0,NA,NA,NA,NA,NA,NA,NA,NA
358,jachie 5c,1.015,0.31,1.48,378.2380057,1.49,1.45463815,Short-duration,High-intensity,Mild,,NA,NA,NA,NA,NA,NA,NA,NA,NA,NA,227.9118355,7.288819834,9.11,7.39,12.24,1.81,9.99,jachie5,NA,NA,NA,NA,NA,NA,NA,NA,NA,NA,NA,NA,NA,NA,NA,NA,NA,NA,NA,NA,NA,NA,NA,NA,NA,NA,NA,NA,NA,NA,NA,NA,NA,NA,NA,NA,NA,NA,NA,0,FALSE,0,0,0,NA,NA,NA,NA,NA,NA,NA,NA
359,jachie 6a,1.017,17.79,1.06,269.2712553,1.28,1.711562071,Short-duration,High-intensity,Mild,,NA,NA,NA,NA,NA,NA,NA,NA,NA,NA,188.1027738,8.450077781,11.74,6.95,23.84,2.52,8.12,jachie6,NA,NA,NA,NA,NA,NA,NA,NA,NA,NA,NA,NA,NA,NA,NA,NA,NA,NA,NA,NA,NA,NA,NA,NA,NA,NA,NA,NA,NA,NA,NA,NA,NA,NA,NA,NA,NA,NA,NA,0,FALSE,0,0,0,NA,NA,NA,NA,NA,NA,NA,NA
360,jachie 6b,1.031,14.59,1,254.4212358,1.16,3.081018055,Short-duration,High-intensity,Mild,,NA,NA,NA,NA,NA,NA,NA,NA,NA,NA,474.7249102,22.57065513,26.83,7.73,37.21,3.71,8.44,jachie6,NA,NA,NA,NA,NA,NA,NA,NA,NA,NA,NA,NA,NA,NA,NA,NA,NA,NA,NA,NA,NA,NA,NA,NA,NA,NA,NA,NA,NA,NA,NA,NA,NA,NA,NA,NA,NA,NA,NA,0,FALSE,0,0,0,NA,NA,NA,NA,NA,NA,NA,NA
361,jachie 6c,1.047,15.17,1.05,267.2583608,1.23,4.703927361,Short-duration,High-intensity,Mild,,0.906173011,0.948798731,99.62386676,948.798731,NA,NA,NA,NA,NA,99.62386676,289.9457797,13.12323763,18.75,7.56,28.31,2.96,7.95,jachie6,0.028700611,0.039408271,0.09767786,0.143076041,>=LOQ,>=LOQ,>=LOQ,>=LOQ,TRUE,TRUE,TRUE,TRUE,0.028700611,0.039408271,0.09767786,0.143076041,4,TRUE,PPa+PSOM+PCa+POCC,0.030049539,30.04953919,3.155201615,3.155201615,0.041260459,41.26045921,4.332348217,4.332348217,0.102268719,102.2687189,10.73821548,10.73821548,0.149800615,149.8006149,15.72906457,15.72906457,3.167114185,4.348705143,10.77875798,15.78845018,34.08302748,FALSE,0.323379332,33.95482988,33.95482988,9.292349943,9.292349943,12.75915159,12.75915159,31.62500157,31.62500157,46.3234969,46.3234969
362,kaase 1a,1.037,8.97,0.98,249.0558022,1.07,3.715712582,Long-duration,Low-intensity,Moderate,,NA,NA,NA,NA,773,801.601,0.801601,78.556898,75.01452029,75.01452029,818.9664656,39.7763526,48.22,7.95,51.33,5.01,14.3,kaase1,NA,NA,NA,NA,NA,NA,NA,NA,NA,NA,NA,NA,NA,NA,NA,NA,NA,NA,NA,NA,NA,NA,NA,NA,NA,NA,NA,NA,NA,NA,NA,NA,NA,NA,NA,NA,NA,NA,NA,0,FALSE,0,0,0,NA,NA,NA,NA,NA,NA,NA,NA
363,kaase 1b,1.05,20.86,0.97,247.4679158,1.21,4.959060714,Long-duration,Low-intensity,Moderate,,0.533624722,0.560087496,54.32848711,560.087496,NA,NA,NA,NA,NA,54.32848711,627.368403,30.66614911,38.24,7.93,46.55,4.51,12.5,kaase1,0.052586375,0.032707996,0.189844654,0.213772763,>=LOQ,>=LOQ,>=LOQ,>=LOQ,TRUE,TRUE,TRUE,TRUE,0.052586375,0.032707996,0.189844654,0.213772763,4,TRUE,PPa+PSOM+PCa+POCC,0.055215693,55.21569323,5.355922243,5.355922243,0.034343396,34.3433958,3.331309393,3.331309393,0.199336887,199.3368867,19.33567801,19.33567801,0.224461401,224.4614006,21.77275586,21.77275586,9.858404913,6.131791201,35.59031189,40.07613136,91.65663937,FALSE,0.513357376,49.79566551,49.79566551,10.75580011,10.75580011,6.689958571,6.689958571,38.83004236,38.83004236,43.72419896,43.72419896
364,kaase 1c,1.066,14.9,1.16,295.9807342,1.35,6.560989798,Long-duration,Low-intensity,Moderate,,NA,NA,NA,NA,NA,NA,NA,NA,NA,NA,679.4409526,27.76794743,34.68,8,36.94,4.28,12.26,kaase1,NA,NA,NA,NA,NA,NA,NA,NA,NA,NA,NA,NA,NA,NA,NA,NA,NA,NA,NA,NA,NA,NA,NA,NA,NA,NA,NA,NA,NA,NA,NA,NA,NA,NA,NA,NA,NA,NA,NA,0,FALSE,0,0,0,NA,NA,NA,NA,NA,NA,NA,NA
365,kaase 2a,1.042,14.2,0.7,178.7271133,0.81,4.225932231,Long-duration,Low-intensity,Moderate,,1.354900564,1.412157744,98.85104208,1412.157744,NA,NA,NA,NA,NA,98.85104208,570.0841002,38.58371041,55.77,8,73.21,5.13,11.27,kaase2,0.139441394,0.027363977,0.506970536,0.172979173,>=LOQ,LOD–LOQ,>=LOQ,>=LOQ,TRUE,FALSE,TRUE,TRUE,0.139441394,NA,0.506970536,0.172979173,3,FALSE,PPa+PCa+POCC,0.145297933,145.2979325,10.17085528,10.17085528,0.028513264,28.51326403,1.995928482,1.995928482,0.528263299,528.2632985,36.9784309,36.9784309,0.180244298,180.2442983,12.61710088,12.61710088,10.28907239,2.019127407,37.40823578,12.76375101,62.48018659,FALSE,0.882318793,61.76231554,61.76231554,16.46773634,16.46773634,3.231628324,3.231628324,59.8721576,59.8721576,20.42847774,20.42847774
366,kaase 2b,1.108,5.89,0.66,169.191789,0.7,10.75005535,Long-duration,Low-intensity,Moderate,,NA,NA,NA,NA,NA,NA,NA,NA,NA,NA,639.5768375,45.72660376,77.13,8.62,86.22,5.72,19.28,kaase2,NA,NA,NA,NA,NA,NA,NA,NA,NA,NA,NA,NA,NA,NA,NA,NA,NA,NA,NA,NA,NA,NA,NA,NA,NA,NA,NA,NA,NA,NA,NA,NA,NA,NA,NA,NA,NA,NA,NA,0,FALSE,0,0,0,NA,NA,NA,NA,NA,NA,NA,NA
367,kaase 2c,1.091,1.16,0.61,156.1530342,0.62,9.078892328,Long-duration,Low-intensity,Moderate,,NA,NA,NA,NA,NA,NA,NA,NA,NA,NA,697.2683613,54.01383754,84.39,8.6,83.79,5.13,16.04,kaase2,NA,NA,NA,NA,NA,NA,NA,NA,NA,NA,NA,NA,NA,NA,NA,NA,NA,NA,NA,NA,NA,NA,NA,NA,NA,NA,NA,NA,NA,NA,NA,NA,NA,NA,NA,NA,NA,NA,NA,0,FALSE,0,0,0,NA,NA,NA,NA,NA,NA,NA,NA
368,kaase 3a,1.083,5.59,1.23,312.6919308,1.29,8.307879616,Long-duration,Low-intensity,Moderate,,NA,NA,NA,NA,NA,NA,NA,NA,NA,NA,531.1758145,20.54835783,24.8,7.98,24.48,3,7.55,kaase3,NA,NA,NA,NA,NA,NA,NA,NA,NA,NA,NA,NA,NA,NA,NA,NA,NA,NA,NA,NA,NA,NA,NA,NA,NA,NA,NA,NA,NA,NA,NA,NA,NA,NA,NA,NA,NA,NA,NA,0,FALSE,0,0,0,NA,NA,NA,NA,NA,NA,NA,NA
369,kaase 3b,1.077,25.88,0.82,208.3598464,1.08,7.698293997,Long-duration,Low-intensity,Moderate,,0.850871027,0.91637358,75.14263356,916.37358,NA,NA,NA,NA,NA,75.14263356,402.5274396,23.36882971,32.96,7.89,44.31,3.62,9.71,kaase3,0.080458043,0.028182588,0.218571645,0.22074704,>=LOQ,LOD–LOQ,>=LOQ,>=LOQ,TRUE,FALSE,TRUE,TRUE,0.080458043,NA,0.218571645,0.22074704,3,FALSE,PPa+PCa+POCC,0.086653312,86.65331231,7.10557161,7.10557161,0.030352647,30.35264728,2.488917077,2.488917077,0.235401662,235.4016617,19.30293626,19.30293626,0.237744562,237.7445621,19.49505409,19.49505409,9.456112027,3.312256916,25.68839465,25.94406553,64.40082912,FALSE,0.590152183,48.39247903,48.39247903,14.68321473,14.68321473,5.143189864,5.143189864,39.88829802,39.88829802,40.28529739,40.28529739
370,kaase 3c,1.027,28.96,1,255.6127552,1.4,2.702230098,Long-duration,Low-intensity,Moderate,,NA,NA,NA,NA,NA,NA,NA,NA,NA,NA,445.8820249,21.10050964,26.94,7.85,33.44,3.35,10.88,kaase3,NA,NA,NA,NA,NA,NA,NA,NA,NA,NA,NA,NA,NA,NA,NA,NA,NA,NA,NA,NA,NA,NA,NA,NA,NA,NA,NA,NA,NA,NA,NA,NA,NA,NA,NA,NA,NA,NA,NA,0,FALSE,0,0,0,NA,NA,NA,NA,NA,NA,NA,NA
371,kentinkrono 1a,1.013,0.32,1.55,396.2459464,1.56,1.315862942,Long-duration,High-intensity,Strong,,0.436366115,0.442108095,68.52675473,442.108095,NA,NA,NA,NA,NA,68.52675473,154.427588,4.714281998,9.64,7.91,13.46,2.09,10.23,kentinkrono1,0.047342942,0.026383547,0.022585433,0.114468614,>=LOQ,LOD–LOQ,>=LOQ,>=LOQ,TRUE,FALSE,TRUE,TRUE,0.047342942,NA,0.022585433,0.114468614,3,FALSE,PPa+PCa+POCC,0.0479584,47.95840025,7.433552038,7.433552038,0.026726533,26.72653311,4.142612632,4.142612632,0.022879044,22.87904363,3.546251762,3.546251762,0.115956706,115.956706,17.97328943,17.97328943,10.84766391,6.045248529,5.174988626,26.22813454,48.2960356,FALSE,0.213520683,33.09570586,33.09570586,22.46077503,22.46077503,12.51706989,12.51706989,10.71514165,10.71514165,54.30701343,54.30701343
372,kentinkrono 1b,1.015,11.52,1.18,300.9378509,1.33,1.51930012,Long-duration,High-intensity,Strong,,NA,NA,NA,NA,NA,NA,NA,NA,NA,NA,184.4779207,7.415203625,10.98,6.55,23.05,2.72,10.2,kentinkrono1,NA,NA,NA,NA,NA,NA,NA,NA,NA,NA,NA,NA,NA,NA,NA,NA,NA,NA,NA,NA,NA,NA,NA,NA,NA,NA,NA,NA,NA,NA,NA,NA,NA,NA,NA,NA,NA,NA,NA,0,FALSE,0,0,0,NA,NA,NA,NA,NA,NA,NA,NA
373,kentinkrono 1c,1.016,20.06,1.13,287.2765765,1.4,1.637245727,Long-duration,High-intensity,Strong,,NA,NA,NA,NA,NA,NA,NA,NA,NA,NA,103.6055552,4.362529004,6.4,5.82,18.96,2.13,10.79,kentinkrono1,NA,NA,NA,NA,NA,NA,NA,NA,NA,NA,NA,NA,NA,NA,NA,NA,NA,NA,NA,NA,NA,NA,NA,NA,NA,NA,NA,NA,NA,NA,NA,NA,NA,NA,NA,NA,NA,NA,NA,0,FALSE,0,0,0,NA,NA,NA,NA,NA,NA,NA,NA
374,kentinkrono 2a,1.016,3.79,1.41,360.2689474,1.47,1.624079069,Long-duration,High-intensity,Strong,,0.212518353,0.215969819,30.45174448,215.969819,NA,NA,NA,NA,NA,30.45174448,87.13289535,2.925572173,4.41,5.71,14.14,2,11.12,kentinkrono2,0.002075764,0.006855689,0.001257783,0.070209993,<LOD,<LOD,<LOD,>=LOQ,FALSE,FALSE,FALSE,TRUE,NA,NA,NA,0.070209993,1,FALSE,POCC,0.002108976,2.108976224,0.297365648,0,0.00696538,6.965380024,0.982118583,0,0.001277908,1.277907528,0.180184961,0,0.071333353,71.33335289,10.05800276,10.05800276,0.976514327,3.225163616,0.591706533,33.02931549,37.82269997,FALSE,0.081685617,11.51767195,10.05800276,2.581820778,0,8.527058139,0,1.564421719,0,87.32669936,100
375,kentinkrono 2b,1.012,11.36,1.38,352.4254363,1.56,1.221411192,Long-duration,High-intensity,Strong,,NA,NA,NA,NA,NA,NA,NA,NA,NA,NA,15.29013706,0.524807018,1.77,4.92,10.88,1.5,11.85,kentinkrono2,NA,NA,NA,NA,NA,NA,NA,NA,NA,NA,NA,NA,NA,NA,NA,NA,NA,NA,NA,NA,NA,NA,NA,NA,NA,NA,NA,NA,NA,NA,NA,NA,NA,NA,NA,NA,NA,NA,NA,0,FALSE,0,0,0,NA,NA,NA,NA,NA,NA,NA,NA
376,kentinkrono 2c,1.011,3,1.48,377.0506167,1.52,1.060701962,Long-duration,High-intensity,Strong,,NA,NA,NA,NA,NA,NA,NA,NA,NA,NA,32.78720424,1.051865552,2.45,4.59,9.88,1.46,10.71,kentinkrono2,NA,NA,NA,NA,NA,NA,NA,NA,NA,NA,NA,NA,NA,NA,NA,NA,NA,NA,NA,NA,NA,NA,NA,NA,NA,NA,NA,NA,NA,NA,NA,NA,NA,NA,NA,NA,NA,NA,NA,0,FALSE,0,0,0,NA,NA,NA,NA,NA,NA,NA,NA
377,kentinkrono 3a,1.014,16.44,1.1,281.7543058,1.32,1.350713761,Long-duration,High-intensity,Strong,,NA,NA,NA,NA,NA,NA,NA,NA,NA,NA,98.83789213,4.243345702,5.99,5.68,19.97,2.21,11.34,kentinkrono3,NA,NA,NA,NA,NA,NA,NA,NA,NA,NA,NA,NA,NA,NA,NA,NA,NA,NA,NA,NA,NA,NA,NA,NA,NA,NA,NA,NA,NA,NA,NA,NA,NA,NA,NA,NA,NA,NA,NA,0,FALSE,0,0,0,NA,NA,NA,NA,NA,NA,NA,NA
378,kentinkrono 3b,1.032,12.85,1.13,287.1958071,1.29,3.156102092,Long-duration,High-intensity,Strong,,0.230684096,0.237964722,26.89001359,237.964722,NA,NA,NA,NA,NA,26.89001359,59.50217335,2.506168317,4.41,5.15,18.16,2.04,11.94,kentinkrono3,0.00608201,0.005005411,0.000695343,0.067630306,LOD–LOQ,<LOD,<LOD,>=LOQ,FALSE,FALSE,FALSE,TRUE,NA,NA,NA,0.067630306,1,FALSE,POCC,0.006276634,6.27663432,0.709259678,0.709259678,0.005165584,5.165584152,0.583711009,0,0.000717594,0.717593976,0.081088119,0,0.069794476,69.79447579,7.886775764,7.886775764,2.637632279,2.170735271,0.301554772,29.32975746,34.43967978,FALSE,0.081954288,9.260834571,8.596035443,7.658701521,8.251009234,6.303006545,0,0.875602719,0,85.16268921,91.74899077
379,kentinkrono 3c,1.013,23.69,1.05,267.1632426,1.37,1.342534008,Long-duration,High-intensity,Strong,,NA,NA,NA,NA,NA,NA,NA,NA,NA,NA,72.94680024,3.302821039,4.58,5.58,17.09,1.79,12.34,kentinkrono3,NA,NA,NA,NA,NA,NA,NA,NA,NA,NA,NA,NA,NA,NA,NA,NA,NA,NA,NA,NA,NA,NA,NA,NA,NA,NA,NA,NA,NA,NA,NA,NA,NA,NA,NA,NA,NA,NA,NA,0,FALSE,0,0,0,NA,NA,NA,NA,NA,NA,NA,NA
380,kenyasi 1a,1.008,17.97,1.24,316.2043311,1.51,0.786095778,Long-duration,High-intensity,Strong,,0.274413153,0.276570304,34.2947177,276.570304,NA,NA,NA,NA,NA,34.2947177,171.1361041,6.546803842,7.44,7.42,10.68,1.32,11.67,kenyasi1,0.019962422,0.01774337,0.06635329,0.086139823,>=LOQ,LOD–LOQ,>=LOQ,>=LOQ,TRUE,FALSE,TRUE,TRUE,0.019962422,NA,0.06635329,0.086139823,3,FALSE,PPa+PCa+POCC,0.020122121,20.12212138,2.495143051,2.495143051,0.017885317,17.88531696,2.217779303,2.217779303,0.066884116,66.88411632,8.293630424,8.293630424,0.086828942,86.82894158,10.76678876,10.76678876,7.275589998,6.466824782,24.18340485,31.39488959,69.32070923,FALSE,0.191720496,23.77334153,23.77334153,10.49555043,10.49555043,9.328849711,9.328849711,34.88626288,34.88626288,45.28933697,45.28933697
381,kenyasi 1b,1.009,22.25,1.18,301.7841179,1.52,0.91319652,Long-duration,High-intensity,Strong,,NA,NA,NA,NA,NA,NA,NA,NA,NA,NA,112.6000688,4.513337153,5.36,6.39,11.62,1.37,13.73,kenyasi1,NA,NA,NA,NA,NA,NA,NA,NA,NA,NA,NA,NA,NA,NA,NA,NA,NA,NA,NA,NA,NA,NA,NA,NA,NA,NA,NA,NA,NA,NA,NA,NA,NA,NA,NA,NA,NA,NA,NA,0,FALSE,0,0,0,NA,NA,NA,NA,NA,NA,NA,NA
382,kenyasi 1c,1.014,36.62,0.98,248.9405175,1.53,1.433869643,Long-duration,High-intensity,Strong,,NA,NA,NA,NA,NA,NA,NA,NA,NA,NA,150.7867591,7.326948192,8.51,6.58,16.18,1.58,10.95,kenyasi1,NA,NA,NA,NA,NA,NA,NA,NA,NA,NA,NA,NA,NA,NA,NA,NA,NA,NA,NA,NA,NA,NA,NA,NA,NA,NA,NA,NA,NA,NA,NA,NA,NA,NA,NA,NA,NA,NA,NA,0,FALSE,0,0,0,NA,NA,NA,NA,NA,NA,NA,NA
383,kenyasi 2a,1.031,19.83,0.94,240.2746884,1.17,3.106990454,Long-duration,High-intensity,Strong,,NA,NA,NA,NA,NA,NA,NA,NA,NA,NA,509.5330448,25.65191745,28.53,7.07,42.32,3.98,11.04,kenyasi2,0.269563929,0.067837278,1.394457249,0.163665876,>=LOQ,>=LOQ,>=LOQ,>=LOQ,TRUE,TRUE,TRUE,TRUE,0.269563929,0.067837278,1.394457249,0.163665876,4,TRUE,PPa+PSOM+PCa+POCC,0.27792041,277.9204103,26.12451857,26.12451857,0.069940233,69.9402331,6.574381912,6.574381912,1.437685423,1437.685423,135.1424298,135.1424298,0.168739518,168.7395182,15.86151471,15.86151471,NA,NA,NA,NA,0,FALSE,1.954285585,183.702845,183.702845,14.22107457,14.22107457,3.578813335,3.578813335,73.56577946,73.56577946,8.634332642,8.634332642
384,kenyasi 2b,1.013,9.18,1.33,339.8090363,1.46,1.333385279,Long-duration,High-intensity,Strong,,NA,NA,NA,NA,1942,1967.246,1.967246,261.643718,249.8453795,249.8453795,307.1397472,10.93343432,12.63,7.07,15.86,2.11,10.68,kenyasi2,NA,NA,NA,NA,NA,NA,NA,NA,NA,NA,NA,NA,NA,NA,NA,NA,NA,NA,NA,NA,NA,NA,NA,NA,NA,NA,NA,NA,NA,NA,NA,NA,NA,NA,NA,NA,NA,NA,NA,0,FALSE,0,0,0,NA,NA,NA,NA,NA,NA,NA,NA
385,kenyasi 2c,1.014,10.05,1.2,307.0779396,1.34,1.420505953,Long-duration,High-intensity,Strong,,2.137731397,2.168097999,260.1717599,2168.097999,NA,NA,NA,NA,NA,260.1717599,447.7552677,17.6379289,19.94,7.27,25.49,3.07,14.19,kenyasi2,NA,NA,NA,NA,NA,NA,NA,NA,NA,NA,NA,NA,NA,NA,NA,NA,NA,NA,NA,NA,NA,NA,NA,NA,NA,NA,NA,NA,NA,NA,NA,NA,NA,NA,NA,NA,NA,NA,NA,0,FALSE,0,0,0,NA,NA,NA,NA,NA,NA,NA,NA
386,kenyasi 3a,1.05,30.1,0.73,185.8959154,1.03,5.048031644,Long-duration,Low-intensity,Moderate,,NA,NA,NA,NA,NA,NA,NA,NA,NA,NA,567.8464495,36.95018092,40.86,7.7,37.91,2.76,16.09,kenyasi3,NA,NA,NA,NA,NA,NA,NA,NA,NA,NA,NA,NA,NA,NA,NA,NA,NA,NA,NA,NA,NA,NA,NA,NA,NA,NA,NA,NA,NA,NA,NA,NA,NA,NA,NA,NA,NA,NA,NA,0,FALSE,0,0,0,NA,NA,NA,NA,NA,NA,NA,NA
387,kenyasi 3b,1.026,13.38,0.77,197.5909943,0.89,2.55022034,Long-duration,Low-intensity,Moderate,,NA,NA,NA,NA,NA,NA,NA,NA,NA,NA,593.2099116,36.31589518,45.24,7.91,44.01,3.41,15.23,kenyasi3,NA,NA,NA,NA,NA,NA,NA,NA,NA,NA,NA,NA,NA,NA,NA,NA,NA,NA,NA,NA,NA,NA,NA,NA,NA,NA,NA,NA,NA,NA,NA,NA,NA,NA,NA,NA,NA,NA,NA,0,FALSE,0,0,0,NA,NA,NA,NA,NA,NA,NA,NA
388,kenyasi 3c,1.014,5.71,1.11,284.2189639,1.18,1.446432712,Long-duration,Low-intensity,Moderate,,0.417078395,0.423111154,46.96533809,423.111154,NA,NA,NA,NA,NA,46.96533809,405.9218632,17.27606753,20.97,7.71,17.76,1.98,15.78,kenyasi3,0.045589094,0.020280453,0.127794109,0.072253789,>=LOQ,LOD–LOQ,>=LOQ,>=LOQ,TRUE,FALSE,TRUE,TRUE,0.045589094,NA,0.127794109,0.072253789,3,FALSE,PPa+PCa+POCC,0.046227341,46.22734132,5.131234886,5.131234886,0.020564379,20.56437934,2.282646107,2.282646107,0.129583227,129.5832265,14.38373814,14.38373814,0.073265342,73.26534205,8.132452967,8.132452967,10.92557851,4.860278238,30.62628468,17.31586165,63.72800307,FALSE,0.269640289,29.9300721,29.9300721,17.14407793,17.14407793,7.62659742,7.62659742,48.05781321,48.05781321,27.17151144,27.17151144
389,kenyasi 4a,1.017,18.1,1.03,262.0539398,1.25,1.669908192,Long-duration,Low-intensity,Moderate,,0.884559891,0.899331229,92.63111659,899.331229,NA,NA,NA,NA,NA,92.63111659,431.6507216,19.92495181,22.15,7.55,23.47,2.41,13.65,kenyasi4,0.065726098,0.025212272,0.265482523,0.11689983,>=LOQ,LOD–LOQ,>=LOQ,>=LOQ,TRUE,FALSE,TRUE,TRUE,0.065726098,NA,0.265482523,0.11689983,3,FALSE,PPa+PCa+POCC,0.066843442,66.84344167,6.884874492,6.884874492,0.025640881,25.64088062,2.641010704,2.641010704,0.269995726,269.9957259,27.80955977,27.80955977,0.118887127,118.8871271,12.24537409,12.24537409,7.432572061,2.851105332,30.02183369,13.21950392,53.52501501,FALSE,0.481367175,49.58081905,49.58081905,13.8861653,13.8861653,5.326678249,5.326678249,56.08935128,56.08935128,24.69780517,24.69780517
390,kenyasi 4b,1.018,4.2,1.39,354.2012395,1.45,1.843234787,Long-duration,Low-intensity,Moderate,,NA,NA,NA,NA,NA,NA,NA,NA,NA,NA,277.7401591,9.485147851,11.5,7.35,16.59,2.3,10.24,kenyasi4,NA,NA,NA,NA,NA,NA,NA,NA,NA,NA,NA,NA,NA,NA,NA,NA,NA,NA,NA,NA,NA,NA,NA,NA,NA,NA,NA,NA,NA,NA,NA,NA,NA,NA,NA,NA,NA,NA,NA,0,FALSE,0,0,0,NA,NA,NA,NA,NA,NA,NA,NA
391,kenyasi 4c,1.017,8.68,1.01,258.9097453,1.11,1.676358165,Long-duration,Low-intensity,Moderate,,NA,NA,NA,NA,NA,NA,NA,NA,NA,NA,239.9913007,11.21250381,13.57,7.53,24.11,2.45,9.3,kenyasi4,NA,NA,NA,NA,NA,NA,NA,NA,NA,NA,NA,NA,NA,NA,NA,NA,NA,NA,NA,NA,NA,NA,NA,NA,NA,NA,NA,NA,NA,NA,NA,NA,NA,NA,NA,NA,NA,NA,NA,0,FALSE,0,0,0,NA,NA,NA,NA,NA,NA,NA,NA
392,kenyasi 5a,1.024,11.93,1.29,329.1763953,1.46,2.391910473,Long-duration,Low-intensity,Moderate,,NA,NA,NA,NA,NA,NA,NA,NA,NA,NA,174.378071,6.407943673,7.4,6.71,12.03,1.55,14.52,kenyasi5,NA,NA,NA,NA,NA,NA,NA,NA,NA,NA,NA,NA,NA,NA,NA,NA,NA,NA,NA,NA,NA,NA,NA,NA,NA,NA,NA,NA,NA,NA,NA,NA,NA,NA,NA,NA,NA,NA,NA,0,FALSE,0,0,0,NA,NA,NA,NA,NA,NA,NA,NA
393,kenyasi 5b,1.009,13.27,1.3,332.6737662,1.5,0.888628485,Long-duration,Low-intensity,Moderate,,0.27270482,0.275128153,35.76665989,275.128153,NA,NA,NA,NA,NA,35.76665989,189.9646256,6.907321697,7.72,6.88,10.79,1.41,13.52,kenyasi5,0.010148177,0.01097024,0.017818596,0.088242257,LOD–LOQ,LOD–LOQ,>=LOQ,>=LOQ,FALSE,FALSE,TRUE,TRUE,NA,NA,0.017818596,0.088242257,2,FALSE,PCa+POCC,0.010239511,10.23951059,1.331136377,1.331136377,0.011068972,11.06897216,1.438966381,1.438966381,0.017978963,17.97896336,2.337265237,2.337265237,0.089036437,89.03643731,11.57473685,11.57473685,3.721724033,4.023205928,6.53475959,32.36180534,46.64149489,FALSE,0.128323883,16.68210485,16.68210485,7.979426993,7.979426993,8.625808278,8.625808278,14.01061352,14.01061352,69.38415121,69.38415121
394,kenyasi 5c,1.037,13.2,1.31,334.5982467,1.5,3.667608382,Long-duration,Low-intensity,Moderate,,NA,NA,NA,NA,NA,NA,NA,NA,NA,NA,120.0345647,4.339484714,5.48,6.13,10.28,1.35,11.82,kenyasi5,NA,NA,NA,NA,NA,NA,NA,NA,NA,NA,NA,NA,NA,NA,NA,NA,NA,NA,NA,NA,NA,NA,NA,NA,NA,NA,NA,NA,NA,NA,NA,NA,NA,NA,NA,NA,NA,NA,NA,0,FALSE,0,0,0,NA,NA,NA,NA,NA,NA,NA,NA
395,kenyasi 6a,1.014,18.05,1.21,308.6898905,1.47,1.350905766,Long-duration,Low-intensity,Moderate,,0.220995406,0.223980845,27.10168225,223.980845,NA,NA,NA,NA,NA,27.10168225,179.6975732,7.04166414,8.44,7.13,12.75,1.54,17.38,kenyasi6,0.00320999,0.008122328,0.002778648,0.098435502,<LOD,<LOD,<LOD,>=LOQ,FALSE,FALSE,FALSE,TRUE,NA,NA,NA,0.098435502,1,FALSE,POCC,0.00325493,3.25492986,0.393846513,0,0.008236041,8.236040592,0.996560912,0,0.002817549,2.817549072,0.340923438,0,0.099813599,99.81359903,12.07744548,12.07744548,1.453217957,3.677118279,1.257941978,44.5634532,50.95173141,FALSE,0.114122119,13.80877634,12.07744548,2.852146369,0,7.216866193,0,2.468889561,0,87.46209788,100
396,kenyasi 6b,1.008,9.42,1.15,294.1142406,1.27,0.800967487,Long-duration,Low-intensity,Moderate,,NA,NA,NA,NA,NA,NA,NA,NA,NA,NA,109.9793862,4.523251547,5.23,6.79,7.31,0.84,19.81,kenyasi6,NA,NA,NA,NA,NA,NA,NA,NA,NA,NA,NA,NA,NA,NA,NA,NA,NA,NA,NA,NA,NA,NA,NA,NA,NA,NA,NA,NA,NA,NA,NA,NA,NA,NA,NA,NA,NA,NA,NA,0,FALSE,0,0,0,NA,NA,NA,NA,NA,NA,NA,NA
397,kenyasi 6c,1.033,5.47,1.29,329.0099279,1.36,3.319070704,Long-duration,Low-intensity,Moderate,,NA,NA,NA,NA,NA,NA,NA,NA,NA,NA,190.400485,7.000266099,8.03,7.59,6.13,0.79,12.93,kenyasi6,NA,NA,NA,NA,NA,NA,NA,NA,NA,NA,NA,NA,NA,NA,NA,NA,NA,NA,NA,NA,NA,NA,NA,NA,NA,NA,NA,NA,NA,NA,NA,NA,NA,NA,NA,NA,NA,NA,NA,0,FALSE,0,0,0,NA,NA,NA,NA,NA,NA,NA,NA
398,knust 10a,1.008,16.41,1.27,323.7845872,1.52,0.801586257,Long-duration,High-intensity,Strong,,NA,NA,NA,NA,NA,NA,NA,NA,NA,NA,242.0420634,9.042534548,10.67,6.84,10.45,1.33,9.81,knust10,NA,NA,NA,NA,NA,NA,NA,NA,NA,NA,NA,NA,NA,NA,NA,NA,NA,NA,NA,NA,NA,NA,NA,NA,NA,NA,NA,NA,NA,NA,NA,NA,NA,NA,NA,NA,NA,NA,NA,0,FALSE,0,0,0,NA,NA,NA,NA,NA,NA,NA,NA
399,knust 10b,1.008,12.73,1.37,348.6949309,1.56,0.755694699,Long-duration,High-intensity,Strong,,NA,NA,NA,NA,NA,NA,NA,NA,NA,NA,189.1669332,6.562285046,8.09,6.88,9.2,1.26,10.31,knust10,NA,NA,NA,NA,NA,NA,NA,NA,NA,NA,NA,NA,NA,NA,NA,NA,NA,NA,NA,NA,NA,NA,NA,NA,NA,NA,NA,NA,NA,NA,NA,NA,NA,NA,NA,NA,NA,NA,NA,0,FALSE,0,0,0,NA,NA,NA,NA,NA,NA,NA,NA
400,knust 10c,1.006,13.04,1.34,341.6721913,1.54,0.584715054,Long-duration,High-intensity,Strong,,0.49721441,0.500121697,67.0163074,500.121697,NA,NA,NA,NA,NA,67.0163074,75.38391994,2.668852582,3.44,5.63,7.35,0.98,10.86,knust10,0.125541633,0.063648908,0.0296069,0.045306022,>=LOQ,>=LOQ,>=LOQ,>=LOQ,TRUE,TRUE,TRUE,TRUE,0.125541633,0.063648908,0.0296069,0.045306022,4,TRUE,PPa+PSOM+PCa+POCC,0.126294883,126.2948828,16.92351429,16.92351429,0.064030801,64.03080145,8.580127394,8.580127394,0.029784541,29.7845414,3.991128548,3.991128548,0.045577858,45.57785813,6.10743299,6.10743299,25.25283017,12.80304411,5.955458757,9.113353491,53.12468653,FALSE,0.265688084,35.60220323,35.60220323,47.53501964,47.53501964,24.09998993,24.09998993,11.21034146,11.21034146,17.15464897,17.15464897
401,knust 11a,1.008,19.1,1.29,329.2189874,1.59,0.841692836,Long-duration,High-intensity,Strong,,0.228391442,0.230313796,29.71047968,230.313796,NA,NA,NA,NA,NA,29.71047968,62.39739545,2.29264646,3.18,5.19,13.29,1.71,10.38,knust11,0.014825044,0.022061966,0.002740196,0.062041729,>=LOQ,LOD–LOQ,<LOD,>=LOQ,TRUE,FALSE,FALSE,TRUE,0.014825044,NA,NA,0.062041729,2,FALSE,PPa+POCC,0.014943644,14.94364435,1.927730121,1.927730121,0.022238462,22.23846173,2.868761563,2.868761563,0.002762118,2.762117568,0.356313166,0,0.062538063,62.53806283,8.067410105,8.067410105,6.488384375,9.655722807,1.199284461,27.15341587,44.49680751,FALSE,0.102482286,13.22021496,12.86390179,14.58168515,14.98557866,21.69981027,22.30086649,2.69521462,0,61.02328996,62.71355485
402,knust 11b,1.009,7.59,1.36,346.6607122,1.47,0.882502012,Long-duration,High-intensity,Strong,,NA,NA,NA,NA,NA,NA,NA,NA,NA,NA,130.6339592,4.558342631,6.13,6.33,10.92,1.48,11.9,knust11,NA,NA,NA,NA,NA,NA,NA,NA,NA,NA,NA,NA,NA,NA,NA,NA,NA,NA,NA,NA,NA,NA,NA,NA,NA,NA,NA,NA,NA,NA,NA,NA,NA,NA,NA,NA,NA,NA,NA,0,FALSE,0,0,0,NA,NA,NA,NA,NA,NA,NA,NA
403,knust 11c,1.01,1.15,1.38,352.1587472,1.4,1.031140867,Long-duration,High-intensity,Strong,,NA,NA,NA,NA,378,381.78,0.38178,52.68564,50.30987872,50.30987872,108.0886433,3.7127618,4.7,5.23,16.83,2.32,11.23,knust11,NA,NA,NA,NA,NA,NA,NA,NA,NA,NA,NA,NA,NA,NA,NA,NA,NA,NA,NA,NA,NA,NA,NA,NA,NA,NA,NA,NA,NA,NA,NA,NA,NA,NA,NA,NA,NA,NA,NA,0,FALSE,0,0,0,NA,NA,NA,NA,NA,NA,NA,NA
404,knust 12a,1.01,37.63,0.87,221.7848124,1.39,1.043889138,Long-duration,High-intensity,Strong,,0.329640912,0.333081998,28.97813383,333.081998,NA,NA,NA,NA,NA,28.97813383,38.66994875,2.1091006,3.63,4.81,16.76,1.46,11.4,knust12,0.018105522,0.012510778,0.002155348,0.100319023,>=LOQ,LOD–LOQ,<LOD,>=LOQ,TRUE,FALSE,FALSE,TRUE,0.018105522,NA,NA,0.100319023,2,FALSE,PPa+POCC,0.018286577,18.28657722,1.590932218,1.590932218,0.012635886,12.63588578,1.099322063,1.099322063,0.002176901,2.17690148,0.189390429,0,0.101322213,101.3222132,8.815032551,8.815032551,5.490112744,3.793626151,0.653563235,30.41960053,40.35690266,FALSE,0.134421578,11.69467726,11.50528683,13.60390016,13.82783621,9.400191543,9.55492965,1.619458362,0,75.37644994,76.61723414
405,knust 12b,1.01,25.54,0.93,238.4817413,1.25,1.039181726,Long-duration,High-intensity,Strong,,NA,NA,NA,NA,NA,NA,NA,NA,NA,NA,84.58138239,4.290176371,5.64,5.13,18.75,1.75,10.38,knust12,NA,NA,NA,NA,NA,NA,NA,NA,NA,NA,NA,NA,NA,NA,NA,NA,NA,NA,NA,NA,NA,NA,NA,NA,NA,NA,NA,NA,NA,NA,NA,NA,NA,NA,NA,NA,NA,NA,NA,0,FALSE,0,0,0,NA,NA,NA,NA,NA,NA,NA,NA
406,knust 12c,1.01,16.33,1.14,291.6486075,1.36,0.967394457,Long-duration,High-intensity,Strong,,NA,NA,NA,NA,242,244.42,0.24442,27.86388,26.60740998,26.60740998,66.75500933,2.768722662,3.95,5.02,15.09,1.72,10.67,knust12,NA,NA,NA,NA,NA,NA,NA,NA,NA,NA,NA,NA,NA,NA,NA,NA,NA,NA,NA,NA,NA,NA,NA,NA,NA,NA,NA,NA,NA,NA,NA,NA,NA,NA,NA,NA,NA,NA,NA,0,FALSE,0,0,0,NA,NA,NA,NA,NA,NA,NA,NA
407,knust 1a,1.015,6.61,1.31,333.158626,1.4,1.486191138,Long-duration,Low-intensity,Moderate,,NA,NA,NA,NA,NA,NA,NA,NA,NA,NA,190.7399511,6.925419832,8.39,6.27,17.45,2.28,10.76,knust1,NA,NA,NA,NA,NA,NA,NA,NA,NA,NA,NA,NA,NA,NA,NA,NA,NA,NA,NA,NA,NA,NA,NA,NA,NA,NA,NA,NA,NA,NA,NA,NA,NA,NA,NA,NA,NA,NA,NA,0,FALSE,0,0,0,NA,NA,NA,NA,NA,NA,NA,NA
408,knust 1b,1.016,4.28,1.18,301.7727446,1.23,1.596318928,Long-duration,Low-intensity,Moderate,,NA,NA,NA,NA,NA,NA,NA,NA,NA,NA,150.549237,6.034677249,7.36,5.93,18.92,2.24,10.96,knust1,NA,NA,NA,NA,NA,NA,NA,NA,NA,NA,NA,NA,NA,NA,NA,NA,NA,NA,NA,NA,NA,NA,NA,NA,NA,NA,NA,NA,NA,NA,NA,NA,NA,NA,NA,NA,NA,NA,NA,0,FALSE,0,0,0,NA,NA,NA,NA,NA,NA,NA,NA
409,knust 1c,1.019,3.23,1.08,276.0089689,1.12,1.898862605,Long-duration,Low-intensity,Moderate,,0.655219095,0.667660805,72.10736694,667.660805,NA,NA,NA,NA,NA,72.10736694,188.4089664,8.257220346,11.16,5.89,29.02,3.14,11.31,knust1,0.064564956,0.041085447,0.045972182,0.175411526,>=LOQ,>=LOQ,>=LOQ,>=LOQ,TRUE,TRUE,TRUE,TRUE,0.064564956,0.041085447,0.045972182,0.175411526,4,TRUE,PPa+PSOM+PCa+POCC,0.06579169,65.79169016,7.105502538,7.105502538,0.04186607,41.86607049,4.521535613,4.521535613,0.046845653,46.84565346,5.059330573,5.059330573,0.178744345,178.744345,19.30438926,19.30438926,9.854059078,6.270559868,7.016385133,26.77172955,49.91273362,FALSE,0.333247759,35.99075798,35.99075798,19.74257542,19.74257542,12.56304637,12.56304637,14.05730487,14.05730487,53.63707335,53.63707335
410,knust 2a,1.013,1.92,1.47,376.0079675,1.5,1.266471155,Long-duration,Low-intensity,Moderate,,0.287479151,0.291119991,42.79463868,291.119991,NA,NA,NA,NA,NA,42.79463868,110.1125266,3.542380283,4.69,5.5,13.28,1.96,10.6,knust2,0.006741198,0.004565354,0.000577479,0.107424616,LOD–LOQ,<LOD,<LOD,>=LOQ,FALSE,FALSE,FALSE,TRUE,NA,NA,NA,0.107424616,1,FALSE,POCC,0.006828834,6.828833574,1.003838535,1.003838535,0.004624704,4.624703602,0.679831429,0,0.000584986,0.584986227,0.085992975,0,0.108821136,108.821136,15.99670699,15.99670699,2.345710973,1.588590184,0.200943338,37.38016604,41.51541053,FALSE,0.120859659,17.76636993,17.00054553,5.650217457,5.904743078,3.826507227,0,0.484021079,0,90.03925424,94.09525692
411,knust 2b,1.012,3.65,1.46,371.7471322,1.51,1.248931707,Long-duration,Low-intensity,Moderate,,NA,NA,NA,NA,NA,NA,NA,NA,NA,NA,172.9428364,5.627434546,6.79,6.1,12.94,1.88,11.1,knust2,NA,NA,NA,NA,NA,NA,NA,NA,NA,NA,NA,NA,NA,NA,NA,NA,NA,NA,NA,NA,NA,NA,NA,NA,NA,NA,NA,NA,NA,NA,NA,NA,NA,NA,NA,NA,NA,NA,NA,0,FALSE,0,0,0,NA,NA,NA,NA,NA,NA,NA,NA
412,knust 2c,1.021,5.57,1.38,352.0262216,1.46,2.060578992,Long-duration,Low-intensity,Moderate,,NA,NA,NA,NA,NA,NA,NA,NA,NA,NA,138.7594933,4.768076259,6.05,5.91,12.94,1.78,10.61,knust2,NA,NA,NA,NA,NA,NA,NA,NA,NA,NA,NA,NA,NA,NA,NA,NA,NA,NA,NA,NA,NA,NA,NA,NA,NA,NA,NA,NA,NA,NA,NA,NA,NA,NA,NA,NA,NA,NA,NA,0,FALSE,0,0,0,NA,NA,NA,NA,NA,NA,NA,NA
413,knust 3a,1.011,2.71,1.38,353.353425,1.42,1.054631077,Long-duration,High-intensity,Strong,,0.375219233,0.379176412,52.32634486,379.176412,NA,NA,NA,NA,NA,52.32634486,180.8096388,6.189673986,8.06,6.42,14.48,2.01,10.92,knust3,0.028909002,0.019012406,0.021749172,0.12455868,>=LOQ,LOD–LOQ,>=LOQ,>=LOQ,TRUE,FALSE,TRUE,TRUE,0.028909002,NA,0.021749172,0.12455868,3,FALSE,PPa+PCa+POCC,0.029227001,29.22700102,4.033326141,4.033326141,0.019221542,19.22154247,2.65257286,2.65257286,0.021988413,21.98841289,3.034400979,3.034400979,0.125928825,125.9288255,17.37817792,17.37817792,7.708021938,5.069287503,5.798992816,33.21114434,51.78744659,FALSE,0.196365782,27.0984779,27.0984779,14.88395827,14.88395827,9.788641526,9.788641526,11.19768051,11.19768051,64.12971969,64.12971969
414,knust 3b,1.009,2.75,1.35,344.8335609,1.39,0.912451537,Long-duration,High-intensity,Strong,,NA,NA,NA,NA,NA,NA,NA,NA,NA,NA,132.3633661,4.643161375,6.6,6.52,12.54,1.69,11.01,knust3,NA,NA,NA,NA,NA,NA,NA,NA,NA,NA,NA,NA,NA,NA,NA,NA,NA,NA,NA,NA,NA,NA,NA,NA,NA,NA,NA,NA,NA,NA,NA,NA,NA,NA,NA,NA,NA,NA,NA,0,FALSE,0,0,0,NA,NA,NA,NA,NA,NA,NA,NA
415,knust 3c,1.007,1.85,1.3,332.8763631,1.33,0.661998614,Long-duration,High-intensity,Strong,,NA,NA,NA,NA,NA,NA,NA,NA,NA,NA,44.40485733,1.61362652,2.45,5.21,8.8,1.15,10.45,knust3,NA,NA,NA,NA,NA,NA,NA,NA,NA,NA,NA,NA,NA,NA,NA,NA,NA,NA,NA,NA,NA,NA,NA,NA,NA,NA,NA,NA,NA,NA,NA,NA,NA,NA,NA,NA,NA,NA,NA,0,FALSE,0,0,0,NA,NA,NA,NA,NA,NA,NA,NA
416,knust 4a,1.003,6.28,1.42,361.371197,1.51,0.312366631,Long-duration,High-intensity,Strong,,NA,NA,NA,NA,NA,NA,NA,NA,NA,NA,51.54706506,1.725464031,2.39,5.58,6.49,0.92,8.07,knust4,NA,NA,NA,NA,NA,NA,NA,NA,NA,NA,NA,NA,NA,NA,NA,NA,NA,NA,NA,NA,NA,NA,NA,NA,NA,NA,NA,NA,NA,NA,NA,NA,NA,NA,NA,NA,NA,NA,NA,0,FALSE,0,0,0,NA,NA,NA,NA,NA,NA,NA,NA
417,knust 4b,1.004,6.34,1.51,385.7411052,1.61,0.391167751,Long-duration,High-intensity,Strong,,0.232296959,0.23320563,35.21405013,233.20563,NA,NA,NA,NA,NA,35.21405013,78.15256892,2.450771602,3.01,5.86,6.6,1,11.36,knust4,0.027015208,0.035083085,0.035907986,0.047698871,>=LOQ,>=LOQ,>=LOQ,>=LOQ,TRUE,TRUE,TRUE,TRUE,0.027015208,0.035083085,0.035907986,0.047698871,4,TRUE,PPa+PSOM+PCa+POCC,0.027123269,27.12326883,4.095613594,4.095613594,0.035223417,35.22341734,5.318736018,5.318736018,0.036051618,36.05161794,5.44379431,5.44379431,0.047889666,47.88966648,7.231339639,7.231339639,11.63062351,15.10401672,15.4591542,20.53538179,62.72917622,FALSE,0.146287971,22.08948356,22.08948356,18.54101108,18.54101108,24.07813657,24.07813657,24.64428059,24.64428059,32.73657177,32.73657177
418,knust 4c,1.006,21.56,1.06,269.9216399,1.35,0.625500107,Long-duration,High-intensity,Strong,,NA,NA,NA,NA,305,306.83,0.30683,32.52398,31.05737141,31.05737141,73.47654745,3.292808994,4.5,6.42,10.92,1.16,11.22,knust4,NA,NA,NA,NA,NA,NA,NA,NA,NA,NA,NA,NA,NA,NA,NA,NA,NA,NA,NA,NA,NA,NA,NA,NA,NA,NA,NA,NA,NA,NA,NA,NA,NA,NA,NA,NA,NA,NA,NA,0,FALSE,0,0,0,NA,NA,NA,NA,NA,NA,NA,NA
419,knust 5a,1.008,10.64,1.39,355.7391231,1.56,0.767662789,Long-duration,High-intensity,Strong,,0.287460641,0.289667369,40.26376429,289.667369,NA,NA,NA,NA,NA,40.26376429,107.8247368,3.666420548,4.54,6.12,12.88,1.8,12.17,knust5,0.020832576,0.015023593,0.011772044,0.082796669,>=LOQ,LOD–LOQ,>=LOQ,>=LOQ,TRUE,FALSE,TRUE,TRUE,0.020832576,NA,0.011772044,0.082796669,3,FALSE,PPa+PCa+POCC,0.020999237,20.99923661,2.918893889,2.918893889,0.015143782,15.14378174,2.104985662,2.104985662,0.01186622,11.86622035,1.649404629,1.649404629,0.083459042,83.45904235,11.60080689,11.60080689,7.249431194,5.227990228,4.09649882,28.81202762,45.38594786,FALSE,0.131468281,18.27409107,18.27409107,15.97285401,15.97285401,11.51896231,11.51896231,9.025918843,9.025918843,63.48226483,63.48226483
420,knust 5b,1.007,10.25,1.54,391.8621155,1.71,0.662958843,Long-duration,High-intensity,Strong,,NA,NA,NA,NA,NA,NA,NA,NA,NA,NA,116.1301877,3.584819977,4.48,6.36,12.7,1.95,13.13,knust5,NA,NA,NA,NA,NA,NA,NA,NA,NA,NA,NA,NA,NA,NA,NA,NA,NA,NA,NA,NA,NA,NA,NA,NA,NA,NA,NA,NA,NA,NA,NA,NA,NA,NA,NA,NA,NA,NA,NA,0,FALSE,0,0,0,NA,NA,NA,NA,NA,NA,NA,NA
421,knust 5c,1.01,28.2,0.95,242.0297348,1.32,1.049567416,Long-duration,High-intensity,Strong,,NA,NA,NA,NA,NA,NA,NA,NA,NA,NA,96.41382616,4.818657902,6.01,5.87,18.08,1.71,12.95,knust5,NA,NA,NA,NA,NA,NA,NA,NA,NA,NA,NA,NA,NA,NA,NA,NA,NA,NA,NA,NA,NA,NA,NA,NA,NA,NA,NA,NA,NA,NA,NA,NA,NA,NA,NA,NA,NA,NA,NA,0,FALSE,0,0,0,NA,NA,NA,NA,NA,NA,NA,NA
422,knust 6a,1.014,28.5,0.99,253.1877383,1.38,1.438561654,Long-duration,High-intensity,Strong,,0.499630184,0.506817672,50.17494953,506.817672,NA,NA,NA,NA,NA,50.17494953,96.65962446,4.618042612,6,5.38,20.2,2,12.65,knust6,0.061443765,0.021152013,0.007193015,0.141411984,>=LOQ,LOD–LOQ,LOD–LOQ,>=LOQ,TRUE,FALSE,FALSE,TRUE,0.061443765,NA,NA,0.141411984,2,FALSE,PPa+POCC,0.062303978,62.30397771,6.168093793,6.168093793,0.021448141,21.44814118,2.123365977,2.123365977,0.007293717,7.29371721,0.722078004,0.722078004,0.143391752,143.3917518,14.19578343,14.19578343,12.29317389,4.23192449,1.439120538,28.29257141,46.25679033,FALSE,0.234437588,23.2093212,23.2093212,26.57593361,26.57593361,9.148763804,9.148763804,3.111155202,3.111155202,61.16414739,61.16414739
423,knust 6b,1.012,27.59,0.95,243.6782464,1.31,1.170294689,Long-duration,High-intensity,Strong,,NA,NA,NA,NA,NA,NA,NA,NA,NA,NA,90.49594757,4.492290915,6.87,6.13,15.57,1.49,10.76,knust6,NA,NA,NA,NA,NA,NA,NA,NA,NA,NA,NA,NA,NA,NA,NA,NA,NA,NA,NA,NA,NA,NA,NA,NA,NA,NA,NA,NA,NA,NA,NA,NA,NA,NA,NA,NA,NA,NA,NA,0,FALSE,0,0,0,NA,NA,NA,NA,NA,NA,NA,NA
424,knust 6c,1.011,19.11,1.2,305.1941087,1.48,1.056996591,Long-duration,High-intensity,Strong,,NA,NA,NA,NA,NA,NA,NA,NA,NA,NA,49.6758182,1.968903291,3.36,5.24,14.67,1.75,11.53,knust6,NA,NA,NA,NA,NA,NA,NA,NA,NA,NA,NA,NA,NA,NA,NA,NA,NA,NA,NA,NA,NA,NA,NA,NA,NA,NA,NA,NA,NA,NA,NA,NA,NA,NA,NA,NA,NA,NA,NA,0,FALSE,0,0,0,NA,NA,NA,NA,NA,NA,NA,NA
425,knust 7a,1.01,3.43,1.43,364.1151942,1.48,0.976286041,Long-duration,High-intensity,Strong,,NA,NA,NA,NA,NA,NA,NA,NA,NA,NA,93.49963017,3.106179812,4.24,5.18,13.58,1.94,11.03,knust7,NA,NA,NA,NA,NA,NA,NA,NA,NA,NA,NA,NA,NA,NA,NA,NA,NA,NA,NA,NA,NA,NA,NA,NA,NA,NA,NA,NA,NA,NA,NA,NA,NA,NA,NA,NA,NA,NA,NA,0,FALSE,0,0,0,NA,NA,NA,NA,NA,NA,NA,NA
426,knust 7b,1.009,5.17,1.23,313.2684046,1.29,0.926233003,Long-duration,High-intensity,Strong,,0.240309895,0.242535724,29.83189399,242.5357235,NA,NA,NA,NA,NA,29.83189399,86.02101228,3.321570351,4.89,5.35,14.53,1.78,11.11,knust7,0.011072647,0.005289418,0.001575613,0.093261401,LOD–LOQ,<LOD,<LOD,>=LOQ,FALSE,FALSE,FALSE,TRUE,NA,NA,NA,0.093261401,1,FALSE,POCC,0.011172301,11.17230082,1.374193001,1.374193001,0.005337023,5.337022762,0.6564538,0,0.001589794,1.589793517,0.195544603,0,0.094100754,94.10075361,11.57439269,11.57439269,4.606455767,2.200509964,0.655488393,38.79871891,46.26117303,FALSE,0.112199871,13.8005841,12.9485857,9.957498839,10.61268801,4.75671026,0,1.416929901,0,83.868861,89.38731199
427,knust 7c,1.009,5.16,1.42,362.4436629,1.5,0.854294737,Long-duration,High-intensity,Strong,,NA,NA,NA,NA,NA,NA,NA,NA,NA,NA,65.56245551,2.188115295,3.25,4.84,10.74,1.53,10.54,knust7,NA,NA,NA,NA,NA,NA,NA,NA,NA,NA,NA,NA,NA,NA,NA,NA,NA,NA,NA,NA,NA,NA,NA,NA,NA,NA,NA,NA,NA,NA,NA,NA,NA,NA,NA,NA,NA,NA,NA,0,FALSE,0,0,0,NA,NA,NA,NA,NA,NA,NA,NA
428,knust 8a,1.018,26.06,0.97,248.6661922,1.31,1.750864397,Long-duration,Low-intensity,Moderate,,NA,NA,NA,NA,NA,NA,NA,NA,NA,NA,256.5928079,12.48197294,14.57,6.49,26.05,2.54,14.61,knust8,NA,NA,NA,NA,NA,NA,NA,NA,NA,NA,NA,NA,NA,NA,NA,NA,NA,NA,NA,NA,NA,NA,NA,NA,NA,NA,NA,NA,NA,NA,NA,NA,NA,NA,NA,NA,NA,NA,NA,0,FALSE,0,0,0,NA,NA,NA,NA,NA,NA,NA,NA
429,knust 8b,1.015,6.7,1.44,368.417163,1.55,1.545214919,Long-duration,Low-intensity,Moderate,,0.187001669,0.189891247,27.34433957,189.891247,218,221.27,0.22127,31.86288,30.42608249,27.34433957,43.91501071,1.441878416,2.65,4.82,10.62,1.53,11.86,knust8,0.011322876,0.005475525,0.000626994,0.071226877,LOD–LOQ,<LOD,<LOD,>=LOQ,FALSE,FALSE,FALSE,TRUE,NA,NA,NA,0.071226877,1,FALSE,POCC,0.011492719,11.49271914,1.654951556,1.654951556,0.005557658,5.557657875,0.800302734,0,0.000636399,0.63639891,0.091641443,0,0.07229528,72.29528016,10.41052034,10.41052034,6.052263768,2.926758322,0.335138623,38.07193923,47.38609994,FALSE,0.089982056,12.95741608,12.0654719,12.77223442,13.71642626,6.176406849,0,0.707250909,0,80.34410782,86.28357374
430,knust 8c,1.017,18.27,1.23,314.9762792,1.51,1.687022541,Long-duration,Low-intensity,Moderate,,NA,NA,NA,NA,NA,NA,NA,NA,NA,NA,83.47802108,3.205898723,4.75,5.28,14.2,1.75,10.54,knust8,NA,NA,NA,NA,NA,NA,NA,NA,NA,NA,NA,NA,NA,NA,NA,NA,NA,NA,NA,NA,NA,NA,NA,NA,NA,NA,NA,NA,NA,NA,NA,NA,NA,NA,NA,NA,NA,NA,NA,0,FALSE,0,0,0,NA,NA,NA,NA,NA,NA,NA,NA
431,knust 9a,1.024,54.54,0.59,151.1405438,1.29,2.381529218,Long-duration,Low-intensity,Moderate,,NA,NA,NA,NA,NA,NA,NA,NA,NA,NA,157.687476,12.6203594,15.25,6.36,31.09,1.84,12.19,knust9,NA,NA,NA,NA,NA,NA,NA,NA,NA,NA,NA,NA,NA,NA,NA,NA,NA,NA,NA,NA,NA,NA,NA,NA,NA,NA,NA,NA,NA,NA,NA,NA,NA,NA,NA,NA,NA,NA,NA,0,FALSE,0,0,0,NA,NA,NA,NA,NA,NA,NA,NA
432,knust 9b,1.018,67.32,0.49,125.2989116,1.48,1.844460066,Long-duration,Low-intensity,Moderate,,1.513130528,1.541039617,75.51094123,1541.039617,NA,NA,NA,NA,NA,75.51094123,119.0666598,11.49471939,14.66,6.81,29.8,1.46,12.77,knust9,0.138926664,0.047351609,0.387394326,0.371467987,>=LOQ,>=LOQ,>=LOQ,>=LOQ,TRUE,TRUE,TRUE,TRUE,0.138926664,0.047351609,0.387394326,0.371467987,4,TRUE,PPa+PSOM+PCa+POCC,0.141427344,141.427344,6.929939854,6.929939854,0.048203938,48.20393796,2.36199296,2.36199296,0.394367424,394.3674239,19.32400377,19.32400377,0.378154411,378.1544108,18.52956613,18.52956613,9.177398322,3.128014194,25.59099841,24.53891559,62.43532651,FALSE,0.962153117,47.14550271,47.14550271,14.69904753,14.69904753,5.010006945,5.010006945,40.98801086,40.98801086,39.30293466,39.30293466
433,knust 9c,1.029,53.29,0.67,170.2871855,1.41,2.920251757,Long-duration,Low-intensity,Moderate,,NA,NA,NA,NA,2868,2951.172,2.951172,197.728524,188.8123227,188.8123227,421.1159655,29.91405178,33.41,7.58,23.43,1.56,10.08,knust9,NA,NA,NA,NA,NA,NA,NA,NA,NA,NA,NA,NA,NA,NA,NA,NA,NA,NA,NA,NA,NA,NA,NA,NA,NA,NA,NA,NA,NA,NA,NA,NA,NA,NA,NA,NA,NA,NA,NA,0,FALSE,0,0,0,NA,NA,NA,NA,NA,NA,NA,NA
434,kontonpo 1a,1.019,6.08,1.46,371.6273164,1.55,1.878947875,Long-duration,Low-intensity,Moderate,,0.17037222,0.173573425,25.34172005,173.573425,NA,NA,NA,NA,NA,25.34172005,49.56180021,1.613225006,2.97,4.62,12.93,1.88,11.54,kontonpo1,0.008550544,0.004644341,0.000342525,0.062194633,LOD–LOQ,<LOD,<LOD,>=LOQ,FALSE,FALSE,FALSE,TRUE,NA,NA,NA,0.062194633,1,FALSE,POCC,0.008713004,8.713004336,1.272098633,1.272098633,0.004732583,4.732583479,0.690957188,0,0.000349033,0.349032975,0.050958814,0,0.063376331,63.37633103,9.25294433,9.25294433,5.019780151,2.726559944,0.201086644,36.51269255,44.46011929,FALSE,0.077170952,11.26695897,10.52504296,11.29052335,12.08639848,6.132597004,0,0.452285435,0,82.12459421,87.91360152
435,kontonpo 1b,1.014,4.13,1.49,380.8533768,1.56,1.356591141,Long-duration,Low-intensity,Moderate,,NA,NA,NA,NA,NA,NA,NA,NA,NA,NA,35.58311305,1.130164422,2.9,4.55,11.49,1.72,11.85,kontonpo1,NA,NA,NA,NA,NA,NA,NA,NA,NA,NA,NA,NA,NA,NA,NA,NA,NA,NA,NA,NA,NA,NA,NA,NA,NA,NA,NA,NA,NA,NA,NA,NA,NA,NA,NA,NA,NA,NA,NA,0,FALSE,0,0,0,NA,NA,NA,NA,NA,NA,NA,NA
436,kontonpo 1c,1.013,2.7,1.5,382.909705,1.54,1.266694203,Long-duration,Low-intensity,Moderate,,NA,NA,NA,NA,NA,NA,NA,NA,NA,NA,61.95701713,1.957264994,3.26,4.82,12.73,1.91,10.74,kontonpo1,NA,NA,NA,NA,NA,NA,NA,NA,NA,NA,NA,NA,NA,NA,NA,NA,NA,NA,NA,NA,NA,NA,NA,NA,NA,NA,NA,NA,NA,NA,NA,NA,NA,NA,NA,NA,NA,NA,NA,0,FALSE,0,0,0,NA,NA,NA,NA,NA,NA,NA,NA
437,kontonpo 2a,1.016,37.84,1.02,261.3476951,1.64,1.619415431,Long-duration,Low-intensity,Moderate,,NA,NA,NA,NA,NA,NA,NA,NA,NA,NA,34.61848629,1.602303944,3.29,4.74,11.32,1.16,11.29,kontonpo2,NA,NA,NA,NA,NA,NA,NA,NA,NA,NA,NA,NA,NA,NA,NA,NA,NA,NA,NA,NA,NA,NA,NA,NA,NA,NA,NA,NA,NA,NA,NA,NA,NA,NA,NA,NA,NA,NA,NA,0,FALSE,0,0,0,NA,NA,NA,NA,NA,NA,NA,NA
438,kontonpo 2b,1.013,29.91,1.05,267.2034626,1.49,1.345992068,Long-duration,Low-intensity,Moderate,,NA,NA,NA,NA,NA,NA,NA,NA,NA,NA,46.35302697,2.098415667,4.28,4.41,19.1,2,12.26,kontonpo2,NA,NA,NA,NA,NA,NA,NA,NA,NA,NA,NA,NA,NA,NA,NA,NA,NA,NA,NA,NA,NA,NA,NA,NA,NA,NA,NA,NA,NA,NA,NA,NA,NA,NA,NA,NA,NA,NA,NA,0,FALSE,0,0,0,NA,NA,NA,NA,NA,NA,NA,NA
439,kontonpo 2c,1.016,30.33,1.04,264.5936987,1.48,1.616176564,Long-duration,Low-intensity,Moderate,,0.272470453,0.276874057,28.79490193,276.874057,NA,NA,NA,NA,NA,28.79490193,108.5572552,4.962892391,6.25,5.4,17.08,1.77,11.13,kontonpo2,0.004412702,0.005077218,0.001884875,0.106904854,LOD–LOQ,<LOD,<LOD,>=LOQ,FALSE,FALSE,FALSE,TRUE,NA,NA,NA,0.106904854,1,FALSE,POCC,0.004483305,4.483305232,0.466263744,0.466263744,0.005158453,5.158453488,0.536479163,0,0.001915033,1.915033,0.199163432,0,0.108615332,108.6153317,11.29599449,11.29599449,1.619257969,1.863104671,0.69166213,39.2291473,43.40317207,FALSE,0.120172123,12.49790083,11.76225824,3.730736468,3.964066548,4.292554165,0,1.593575071,0,90.3831343,96.03593345
440,kontonpo 3a,1.02,2.93,1.37,349.3258162,1.41,1.990744303,Long-duration,Low-intensity,Moderate,,NA,NA,NA,NA,NA,NA,NA,NA,NA,NA,255.3180435,8.841100492,10.69,6.11,20.57,2.82,12.66,kontonpo3,NA,NA,NA,NA,NA,NA,NA,NA,NA,NA,NA,NA,NA,NA,NA,NA,NA,NA,NA,NA,NA,NA,NA,NA,NA,NA,NA,NA,NA,NA,NA,NA,NA,NA,NA,NA,NA,NA,NA,0,FALSE,0,0,0,NA,NA,NA,NA,NA,NA,NA,NA
441,kontonpo 3b,1.032,31.84,1.01,257.7527099,1.47,3.211329992,Long-duration,Low-intensity,Moderate,,NA,NA,NA,NA,NA,NA,NA,NA,NA,NA,55.48399183,2.603873974,4.92,4.63,18.61,1.88,10.71,kontonpo3,NA,NA,NA,NA,NA,NA,NA,NA,NA,NA,NA,NA,NA,NA,NA,NA,NA,NA,NA,NA,NA,NA,NA,NA,NA,NA,NA,NA,NA,NA,NA,NA,NA,NA,NA,NA,NA,NA,NA,0,FALSE,0,0,0,NA,NA,NA,NA,NA,NA,NA,NA
442,kontonpo 3c,1.029,11.14,1.25,319.7723072,1.41,2.879452848,Long-duration,Low-intensity,Moderate,,0.214006703,0.220168925,27.52111563,220.168925,NA,NA,NA,NA,NA,27.52111563,46.93371924,1.775413927,3.34,4.85,14.35,1.8,11.1,kontonpo3,0.004951963,0.003514259,0.001614052,0.091777472,LOD–LOQ,<LOD,<LOD,>=LOQ,FALSE,FALSE,FALSE,TRUE,NA,NA,NA,0.091777472,1,FALSE,POCC,0.00509557,5.095569927,0.636946241,0.636946241,0.003616173,3.616172511,0.452021564,0,0.00166086,1.660859508,0.207607439,0,0.094439019,94.43901869,11.80487734,11.80487734,2.314391064,1.642453635,0.754356914,42.89389099,47.60509261,FALSE,0.104811621,13.10145258,12.44182358,4.861645967,5.11939618,3.450163721,0,1.584613899,0,90.10357641,94.88060382
443,kontonpo 4a,1.014,19,1.05,266.8919139,1.29,1.38935872,Long-duration,Low-intensity,Moderate,,0.361613511,0.36663762,38.4969501,366.63762,389,394.446,0.394446,41.41683,39.54921482,38.4969501,174.3410826,7.90168703,10.38,6.49,22.47,2.35,12.04,kontonpo4,0.023238889,0.011898985,0.005972222,0.200715813,>=LOQ,LOD–LOQ,LOD–LOQ,>=LOQ,TRUE,FALSE,FALSE,TRUE,0.023238889,NA,NA,0.200715813,2,FALSE,PPa+POCC,0.023564233,23.56423345,2.474244512,2.474244512,0.012065571,12.06557079,1.266884933,1.266884933,0.006055833,6.055833108,0.635862476,0.635862476,0.203525834,203.5258344,21.37021261,21.37021261,6.427118266,3.290870912,1.651721694,55.51144326,66.88115413,FALSE,0.245211472,25.74720453,25.74720453,9.609759805,9.609759805,4.920475663,4.920475663,2.469636949,2.469636949,83.00012758,83.00012758
444,kontonpo 4b,1.02,26.9,1.06,270.612985,1.44,2.020233789,Long-duration,Low-intensity,Moderate,,NA,NA,NA,NA,NA,NA,NA,NA,NA,NA,142.6450969,6.37622624,8.18,6.46,15.5,1.64,12.42,kontonpo4,NA,NA,NA,NA,NA,NA,NA,NA,NA,NA,NA,NA,NA,NA,NA,NA,NA,NA,NA,NA,NA,NA,NA,NA,NA,NA,NA,NA,NA,NA,NA,NA,NA,NA,NA,NA,NA,NA,NA,0,FALSE,0,0,0,NA,NA,NA,NA,NA,NA,NA,NA
445,kontonpo 4c,1.036,40.03,0.82,208.8875884,1.35,3.60596419,Long-duration,Low-intensity,Moderate,,NA,NA,NA,NA,NA,NA,NA,NA,NA,NA,273.3732685,15.83065597,19.45,7.53,27.6,2.26,13.46,kontonpo4,NA,NA,NA,NA,NA,NA,NA,NA,NA,NA,NA,NA,NA,NA,NA,NA,NA,NA,NA,NA,NA,NA,NA,NA,NA,NA,NA,NA,NA,NA,NA,NA,NA,NA,NA,NA,NA,NA,NA,0,FALSE,0,0,0,NA,NA,NA,NA,NA,NA,NA,NA
446,kontonpo 5a,1.016,12.1,1.2,306.4920355,1.36,1.562182347,Long-duration,Low-intensity,Moderate,,NA,NA,NA,NA,NA,NA,NA,NA,NA,NA,228.5280415,9.019361749,11.04,7.02,15.61,1.88,11.68,kontonpo5,NA,NA,NA,NA,NA,NA,NA,NA,NA,NA,NA,NA,NA,NA,NA,NA,NA,NA,NA,NA,NA,NA,NA,NA,NA,NA,NA,NA,NA,NA,NA,NA,NA,NA,NA,NA,NA,NA,NA,0,FALSE,0,0,0,NA,NA,NA,NA,NA,NA,NA,NA
447,kontonpo 5b,1.037,30.17,0.92,233.6701975,1.3,3.684595888,Long-duration,Low-intensity,Moderate,,0.472517711,0.489928079,45.07338327,489.928079,NA,NA,NA,NA,NA,45.07338327,198.5420659,10.27790769,13.39,6.49,27.53,2.52,11.08,kontonpo5,0.019483018,0.011369357,0.025537729,0.169113796,>=LOQ,LOD–LOQ,>=LOQ,>=LOQ,TRUE,FALSE,TRUE,TRUE,0.019483018,NA,0.025537729,0.169113796,3,FALSE,PPa+PCa+POCC,0.02020389,20.20388967,1.858757849,1.858757849,0.011790023,11.79002321,1.084682135,1.084682135,0.026482625,26.48262497,2.436401498,2.436401498,0.175371006,175.3710065,16.13413259,16.13413259,4.123848077,2.406480403,5.405410734,35.79525526,47.73099447,FALSE,0.233847544,21.51397408,21.51397408,8.639769867,8.639769867,5.041756262,5.041756262,11.32473939,11.32473939,74.99373448,74.99373448
448,kontonpo 5c,1.014,26.01,1.04,265.1852656,1.4,1.400807245,Long-duration,Low-intensity,Moderate,,NA,NA,NA,NA,NA,NA,NA,NA,NA,NA,168.6192044,7.69153725,9.62,6.35,21.08,2.19,12.02,kontonpo5,NA,NA,NA,NA,NA,NA,NA,NA,NA,NA,NA,NA,NA,NA,NA,NA,NA,NA,NA,NA,NA,NA,NA,NA,NA,NA,NA,NA,NA,NA,NA,NA,NA,NA,NA,NA,NA,NA,NA,0,FALSE,0,0,0,NA,NA,NA,NA,NA,NA,NA,NA
449,kontonpo 6a,1.033,20.2,1.12,285.7514075,1.39,3.257584115,Long-duration,Low-intensity,Moderate,,0.398673672,0.411660803,46.10600994,411.660803,NA,NA,NA,NA,NA,46.10600994,137.3556468,5.81451696,8.5,5.82,17.84,2,10.74,kontonpo6,0.014085612,0.008591582,0.006352273,0.152761578,>=LOQ,<LOD,LOD–LOQ,>=LOQ,TRUE,FALSE,FALSE,TRUE,0.014085612,NA,NA,0.152761578,2,FALSE,PPa+POCC,0.014550437,14.5504372,1.629648966,1.629648966,0.008875104,8.875104206,0.994011671,0,0.006561898,6.561898009,0.734932577,0.734932577,0.15780271,157.8027101,17.67390353,17.67390353,3.534569502,2.155926467,1.594006027,38.33318813,45.61769013,FALSE,0.187790149,21.03249674,20.03848507,7.748243045,8.132595654,4.726075479,0,3.494271679,3.667605482,84.0314098,88.19979886
450,kontonpo 6b,1.038,49.35,0.79,202.3253839,1.54,3.758607024,Long-duration,Low-intensity,Moderate,,NA,NA,NA,NA,NA,NA,NA,NA,NA,NA,71.44083357,4.271217053,5.99,5.31,17.75,1.41,11.02,kontonpo6,NA,NA,NA,NA,NA,NA,NA,NA,NA,NA,NA,NA,NA,NA,NA,NA,NA,NA,NA,NA,NA,NA,NA,NA,NA,NA,NA,NA,NA,NA,NA,NA,NA,NA,NA,NA,NA,NA,NA,0,FALSE,0,0,0,NA,NA,NA,NA,NA,NA,NA,NA
451,kontonpo 6c,1.018,5.99,1.25,319.1720699,1.33,1.753890952,Long-duration,Low-intensity,Moderate,,NA,NA,NA,NA,NA,NA,NA,NA,NA,NA,104.4146274,3.95723612,6.91,5.53,18.56,2.32,10.81,kontonpo6,NA,NA,NA,NA,NA,NA,NA,NA,NA,NA,NA,NA,NA,NA,NA,NA,NA,NA,NA,NA,NA,NA,NA,NA,NA,NA,NA,NA,NA,NA,NA,NA,NA,NA,NA,NA,NA,NA,NA,0,FALSE,0,0,0,NA,NA,NA,NA,NA,NA,NA,NA
452,"ks profile 1 (0-8cm, Ah)",1.011,13.73,NA,537.2507483,NA,1.098044383,Profile,Profile,Profile,"ks profile 1 (0-8cm, Ah)",NA,NA,NA,NA,NA,NA,NA,NA,NA,NA,0,1.267790326,3.24,4.29,5.5,0,13.33,ks1,NA,NA,NA,NA,NA,NA,NA,NA,NA,NA,NA,NA,NA,NA,NA,NA,NA,NA,NA,NA,NA,NA,NA,NA,NA,NA,NA,NA,NA,NA,NA,NA,NA,NA,NA,NA,NA,NA,NA,0,FALSE,0,0,0,NA,NA,NA,NA,NA,NA,NA,NA
453,"ks profile 1 (8-15cm, ABt)",1.017,42.58,NA,304.4226955,NA,1.730260117,Profile,Profile,Profile,"ks profile 1 (8-15cm, ABt)",NA,NA,NA,NA,NA,NA,NA,NA,NA,NA,0,0.969325787,2.98,4.36,5.39,0,12.32,ks1,NA,NA,NA,NA,NA,NA,NA,NA,NA,NA,NA,NA,NA,NA,NA,NA,NA,NA,NA,NA,NA,NA,NA,NA,NA,NA,NA,NA,NA,NA,NA,NA,NA,NA,NA,NA,NA,NA,NA,0,FALSE,0,0,0,NA,NA,NA,NA,NA,NA,NA,NA
454,"ks profile 1 (15-47cm, Bt1)",1.025,40.13,NA,411.581713,NA,2.482687314,Profile,Profile,Profile,"ks profile 1 (15-47cm, Bt1)",NA,NA,NA,NA,NA,NA,NA,NA,NA,NA,0,1.042933184,3.04,4.77,4.5,0,11.05,ks1,NA,NA,NA,NA,NA,NA,NA,NA,NA,NA,NA,NA,NA,NA,NA,NA,NA,NA,NA,NA,NA,NA,NA,NA,NA,NA,NA,NA,NA,NA,NA,NA,NA,NA,NA,NA,NA,NA,NA,0,FALSE,0,0,0,NA,NA,NA,NA,NA,NA,NA,NA
455,"ks profile 1 (47-67cm, Bt2)",1.02,33.5,NA,304.1108621,NA,1.979257778,Profile,Profile,Profile,"ks profile 1 (47-67cm, Bt2)",NA,NA,NA,NA,NA,NA,NA,NA,NA,NA,0,0.881347969,3.26,4.46,3.59,0,12.54,ks1,NA,NA,NA,NA,NA,NA,NA,NA,NA,NA,NA,NA,NA,NA,NA,NA,NA,NA,NA,NA,NA,NA,NA,NA,NA,NA,NA,NA,NA,NA,NA,NA,NA,NA,NA,NA,NA,NA,NA,0,FALSE,0,0,0,NA,NA,NA,NA,NA,NA,NA,NA
456,"ks profile 1 (67-101cm, 2Btg)",1.022,21.87,NA,429.9949159,NA,2.245394942,Profile,Profile,Profile,"ks profile 1 (67-101cm, 2Btg)",NA,NA,NA,NA,NA,NA,NA,NA,NA,NA,0,0.903548903,3.39,4.86,3.2,0,11.49,ks1,NA,NA,NA,NA,NA,NA,NA,NA,NA,NA,NA,NA,NA,NA,NA,NA,NA,NA,NA,NA,NA,NA,NA,NA,NA,NA,NA,NA,NA,NA,NA,NA,NA,NA,NA,NA,NA,NA,NA,0,FALSE,0,0,0,NA,NA,NA,NA,NA,NA,NA,NA
457,"ks profile 1 (101-145cm, 2Btg2a)",1.024,33.24,NA,364.1133567,NA,2.41865429,Profile,Profile,Profile,"ks profile 1 (101-145cm, 2Btg2a)",NA,NA,NA,NA,NA,NA,NA,NA,NA,NA,0,0.792075455,3.34,4.71,2.07,0,10.13,ks1,NA,NA,NA,NA,NA,NA,NA,NA,NA,NA,NA,NA,NA,NA,NA,NA,NA,NA,NA,NA,NA,NA,NA,NA,NA,NA,NA,NA,NA,NA,NA,NA,NA,NA,NA,NA,NA,NA,NA,0,FALSE,0,0,0,NA,NA,NA,NA,NA,NA,NA,NA
458,"ks profile 1 (145-189cm, 2Btg2b)",1.023,29.03,NA,320.156713,NA,2.265542677,Profile,Profile,Profile,"ks profile 1 (145-189cm, 2Btg2b)",NA,NA,NA,NA,NA,NA,NA,NA,NA,NA,0,1.077318274,3.96,4.6,1.63,0,8.88,ks1,NA,NA,NA,NA,NA,NA,NA,NA,NA,NA,NA,NA,NA,NA,NA,NA,NA,NA,NA,NA,NA,NA,NA,NA,NA,NA,NA,NA,NA,NA,NA,NA,NA,NA,NA,NA,NA,NA,NA,0,FALSE,0,0,0,NA,NA,NA,NA,NA,NA,NA,NA
459,"ks profile 1 (189-233cm, 2Btg2c)",1.026,35.35,NA,415.8109482,NA,2.589891344,Profile,Profile,Profile,"ks profile 1 (189-233cm, 2Btg2c)",NA,NA,NA,NA,NA,NA,NA,NA,NA,NA,0,0.933886031,4.34,4.71,0.81,0,5.47,ks1,NA,NA,NA,NA,NA,NA,NA,NA,NA,NA,NA,NA,NA,NA,NA,NA,NA,NA,NA,NA,NA,NA,NA,NA,NA,NA,NA,NA,NA,NA,NA,NA,NA,NA,NA,NA,NA,NA,NA,0,FALSE,0,0,0,NA,NA,NA,NA,NA,NA,NA,NA
460,"ks profile 1 (233-254cm, 2Btg3brown)",1.027,36.92,NA,297.7169821,NA,2.667976103,Profile,Profile,Profile,"ks profile 1 (233-254cm, 2Btg3brown)",NA,NA,NA,NA,NA,NA,NA,NA,NA,NA,0,0.580541232,4.41,4.3,1.29,0,6.46,ks1,NA,NA,NA,NA,NA,NA,NA,NA,NA,NA,NA,NA,NA,NA,NA,NA,NA,NA,NA,NA,NA,NA,NA,NA,NA,NA,NA,NA,NA,NA,NA,NA,NA,NA,NA,NA,NA,NA,NA,0,FALSE,0,0,0,NA,NA,NA,NA,NA,NA,NA,NA
461,"ks profile 1 (233-254cm, 2Btg3red)",1.018,26.2,NA,457.12141,NA,1.808838927,Profile,Profile,Profile,"ks profile 1 (233-254cm, 2Btg3red)",NA,NA,NA,NA,NA,NA,NA,NA,NA,NA,0,0.559811905,3.43,4.22,0.65,0,4.16,ks1,NA,NA,NA,NA,NA,NA,NA,NA,NA,NA,NA,NA,NA,NA,NA,NA,NA,NA,NA,NA,NA,NA,NA,NA,NA,NA,NA,NA,NA,NA,NA,NA,NA,NA,NA,NA,NA,NA,NA,0,FALSE,0,0,0,NA,NA,NA,NA,NA,NA,NA,NA
462,"ks profile 1 (254-275cm, 2Btg4pink)",1.011,21.7,NA,385.0363546,NA,1.060586976,Profile,Profile,Profile,"ks profile 1 (254-275cm, 2Btg4pink)",NA,NA,NA,NA,NA,NA,NA,NA,NA,NA,0,0.365979079,2.53,4.55,0.17,0,3.83,ks1,NA,NA,NA,NA,NA,NA,NA,NA,NA,NA,NA,NA,NA,NA,NA,NA,NA,NA,NA,NA,NA,NA,NA,NA,NA,NA,NA,NA,NA,NA,NA,NA,NA,NA,NA,NA,NA,NA,NA,0,FALSE,0,0,0,NA,NA,NA,NA,NA,NA,NA,NA
463,"ks profile 1 (254-275cm, 2Btg4red)",1.015,34.62,NA,367.1432198,NA,1.453596288,Profile,Profile,Profile,"ks profile 1 (254-275cm, 2Btg4red)",NA,NA,NA,NA,NA,NA,NA,NA,NA,NA,0,0.391263458,3.3,4.42,0.55,0,4.12,ks1,NA,NA,NA,NA,NA,NA,NA,NA,NA,NA,NA,NA,NA,NA,NA,NA,NA,NA,NA,NA,NA,NA,NA,NA,NA,NA,NA,NA,NA,NA,NA,NA,NA,NA,NA,NA,NA,NA,NA,0,FALSE,0,0,0,NA,NA,NA,NA,NA,NA,NA,NA
464,"ks profile 1 (254-275cm, 2Btg4brown)",1.028,41.03,NA,291.0652255,NA,2.832620938,Profile,Profile,Profile,"ks profile 1 (254-275cm, 2Btg4brown)",NA,NA,NA,NA,NA,NA,NA,NA,NA,NA,0,0.492230856,4.61,4.32,0.84,0,4.38,ks1,NA,NA,NA,NA,NA,NA,NA,NA,NA,NA,NA,NA,NA,NA,NA,NA,NA,NA,NA,NA,NA,NA,NA,NA,NA,NA,NA,NA,NA,NA,NA,NA,NA,NA,NA,NA,NA,NA,NA,0,FALSE,0,0,0,NA,NA,NA,NA,NA,NA,NA,NA
465,"ks profile 1 (275-313cm, Csaprolite)",1.009,23.2,NA,375.4469065,NA,0.943700285,Profile,Profile,Profile,"ks profile 1 (275-313cm, Csaprolite)",NA,NA,NA,NA,NA,NA,NA,NA,NA,NA,0,0.326229239,2.46,4.67,0.4,0,4.6,ks1,NA,NA,NA,NA,NA,NA,NA,NA,NA,NA,NA,NA,NA,NA,NA,NA,NA,NA,NA,NA,NA,NA,NA,NA,NA,NA,NA,NA,NA,NA,NA,NA,NA,NA,NA,NA,NA,NA,NA,0,FALSE,0,0,0,NA,NA,NA,NA,NA,NA,NA,NA
466,kwamo 1a,1.007,7.42,1.38,351.842801,1.49,0.738170282,Short-duration,Low-intensity,Weak,,NA,NA,NA,NA,NA,NA,NA,NA,NA,NA,100.1815156,3.444248121,4.9,6.08,12.2,1.68,12.24,kwamo1,NA,NA,NA,NA,NA,NA,NA,NA,NA,NA,NA,NA,NA,NA,NA,NA,NA,NA,NA,NA,NA,NA,NA,NA,NA,NA,NA,NA,NA,NA,NA,NA,NA,NA,NA,NA,NA,NA,NA,0,FALSE,0,0,0,NA,NA,NA,NA,NA,NA,NA,NA
467,kwamo 1b,1.007,2.65,1.53,389.5191648,1.57,0.711347598,Short-duration,Low-intensity,Weak,,NA,NA,NA,NA,NA,NA,NA,NA,NA,NA,98.71465892,3.065549412,4.16,6.01,9.57,1.46,15.23,kwamo1,NA,NA,NA,NA,NA,NA,NA,NA,NA,NA,NA,NA,NA,NA,NA,NA,NA,NA,NA,NA,NA,NA,NA,NA,NA,NA,NA,NA,NA,NA,NA,NA,NA,NA,NA,NA,NA,NA,NA,0,FALSE,0,0,0,NA,NA,NA,NA,NA,NA,NA,NA
468,kwamo 1c,1.008,2.4,1.45,370.1686045,1.49,0.832430255,Short-duration,Low-intensity,Weak,,0.184042519,0.185574545,26.90830903,185.574545,NA,NA,NA,NA,NA,26.90830903,189.2207026,6.183360547,7.41,7.53,11.37,1.65,13.51,kwamo1,0.006455495,0.012482453,0.011623438,0.063032525,LOD–LOQ,LOD–LOQ,>=LOQ,>=LOQ,FALSE,FALSE,TRUE,TRUE,NA,NA,0.011623438,0.063032525,2,FALSE,PCa+POCC,0.006507139,6.50713896,0.943535149,0.943535149,0.012582313,12.58231262,1.82443533,1.82443533,0.011716426,11.7164255,1.698881698,1.698881698,0.063536785,63.5367852,9.212833854,9.212833854,3.506482508,6.780193169,6.313595167,34.2378774,50.83814824,FALSE,0.094342662,13.67968603,13.67968603,6.897345063,6.897345063,13.33682167,13.33682167,12.41901089,12.41901089,67.34682238,67.34682238
469,kwamo 2a,1.004,5.23,1.36,346.7961719,1.43,0.407682727,Short-duration,Low-intensity,Weak,,NA,NA,NA,NA,NA,NA,NA,NA,NA,NA,48.61635229,1.695756839,2.68,5.92,7.63,1.04,16.23,kwamo2,NA,NA,NA,NA,NA,NA,NA,NA,NA,NA,NA,NA,NA,NA,NA,NA,NA,NA,NA,NA,NA,NA,NA,NA,NA,NA,NA,NA,NA,NA,NA,NA,NA,NA,NA,NA,NA,NA,NA,0,FALSE,0,0,0,NA,NA,NA,NA,NA,NA,NA,NA
470,kwamo 2b,1.005,8.26,1.32,337.2057104,1.44,0.472794365,Short-duration,Low-intensity,Weak,,NA,NA,NA,NA,NA,NA,NA,NA,NA,NA,61.78808859,2.216487782,3.42,6.38,7.22,0.95,21,kwamo2,NA,NA,NA,NA,NA,NA,NA,NA,NA,NA,NA,NA,NA,NA,NA,NA,NA,NA,NA,NA,NA,NA,NA,NA,NA,NA,NA,NA,NA,NA,NA,NA,NA,NA,NA,NA,NA,NA,NA,0,FALSE,0,0,0,NA,NA,NA,NA,NA,NA,NA,NA
471,kwamo 2c,1.006,3,1.37,348.3575389,1.41,0.592052941,Short-duration,Low-intensity,Weak,,0.158724551,0.159664284,21.87400691,159.664284,NA,NA,NA,NA,NA,21.87400691,66.64050195,2.314027669,3.55,5.78,8.53,1.16,14.69,kwamo2,0.010229517,0.010592081,0.006755687,0.04787625,LOD–LOQ,LOD–LOQ,LOD–LOQ,>=LOQ,FALSE,FALSE,FALSE,TRUE,NA,NA,NA,0.04787625,1,FALSE,POCC,0.010290894,10.2908941,1.409852492,1.409852492,0.010655633,10.65563349,1.459821788,1.459821788,0.006796221,6.796221122,0.931082294,0.931082294,0.048163508,48.1635075,6.598400528,6.598400528,6.445332572,6.673774008,4.256569442,30.16548616,47.54116219,FALSE,0.075906256,10.3991571,10.3991571,13.55737276,13.55737276,14.0378857,14.0378857,8.953440021,8.953440021,63.45130152,63.45130152
472,kwamo 3a,1.006,4.06,1.36,348.275097,1.42,0.644577517,Short-duration,Low-intensity,Weak,,NA,NA,NA,NA,NA,NA,NA,NA,NA,NA,142.717427,4.956899196,6.21,7.15,10.1,1.38,11.56,kwamo3,NA,NA,NA,NA,NA,NA,NA,NA,NA,NA,NA,NA,NA,NA,NA,NA,NA,NA,NA,NA,NA,NA,NA,NA,NA,NA,NA,NA,NA,NA,NA,NA,NA,NA,NA,NA,NA,NA,NA,0,FALSE,0,0,0,NA,NA,NA,NA,NA,NA,NA,NA
473,kwamo 3b,1.007,6.43,1.35,343.6343512,1.44,0.656409582,Short-duration,Low-intensity,Weak,,0.172942212,0.174077422,23.50045197,174.077422,NA,NA,NA,NA,NA,23.50045197,145.241501,5.112692331,5.91,7,9.81,1.32,12.59,kwamo3,0.004821783,0.00851207,0.003648645,0.065171495,LOD–LOQ,<LOD,LOD–LOQ,>=LOQ,FALSE,FALSE,FALSE,TRUE,NA,NA,NA,0.065171495,1,FALSE,POCC,0.004855535,4.855535481,0.65549729,0.65549729,0.008571654,8.57165449,1.157173356,0,0.003674186,3.674185515,0.496015045,0.496015045,0.065627695,65.62769547,8.859738888,8.859738888,2.789296524,4.924047238,2.110661723,37.70029146,47.52429695,FALSE,0.082729071,11.16842458,10.01125122,5.869201026,6.547606042,10.36111538,0,4.441226612,4.954575942,79.32845699,88.49781802
474,kwamo 3c,1.008,12.71,1.25,319.7466445,1.43,0.779790996,Short-duration,Low-intensity,Weak,,NA,NA,NA,NA,NA,NA,NA,NA,NA,NA,115.4012797,4.365762751,5.95,6.91,11.93,1.5,12.57,kwamo3,NA,NA,NA,NA,NA,NA,NA,NA,NA,NA,NA,NA,NA,NA,NA,NA,NA,NA,NA,NA,NA,NA,NA,NA,NA,NA,NA,NA,NA,NA,NA,NA,NA,NA,NA,NA,NA,NA,NA,0,FALSE,0,0,0,NA,NA,NA,NA,NA,NA,NA,NA
475,louis 1a(OFF GRID),1.006,3.06,1.53,389.178671,1.57,0.552786968,Long-duration,Low-intensity,Moderate,,0.086027355,0.086502903,13.23494416,86.502903,NA,NA,NA,NA,NA,13.23494416,64.12223446,1.993035887,2.52,5.67,5.19,0.79,10.21,louis1,0.001585394,0.004167814,0.000679057,0.032904952,<LOD,<LOD,<LOD,LOD–LOQ,FALSE,FALSE,FALSE,FALSE,NA,NA,NA,NA,0,FALSE,NA,0.001594906,1.594906364,0.244020674,0,0.004192821,4.192820884,0.641501595,0,0.000683131,0.683131342,0.104519095,0,0.033102382,33.10238171,5.064664402,5.064664402,1.843760508,4.847029104,0.789720713,38.2673651,45.74787542,FALSE,0.03957324,6.054705766,5.064664402,4.030264774,0,10.59509116,0,1.726245657,0,83.64839841,100
476,louis 1b(OFF GRID),1.01,7.53,1.31,333.6947669,1.41,0.966521922,Long-duration,Low-intensity,Moderate,,NA,NA,NA,NA,NA,NA,NA,NA,NA,NA,109.6898838,3.976240846,5.43,5.6,13.75,1.8,12.41,louis1,NA,NA,NA,NA,NA,NA,NA,NA,NA,NA,NA,NA,NA,NA,NA,NA,NA,NA,NA,NA,NA,NA,NA,NA,NA,NA,NA,NA,NA,NA,NA,NA,NA,NA,NA,NA,NA,NA,NA,0,FALSE,0,0,0,NA,NA,NA,NA,NA,NA,NA,NA
477,louis 1c(OFF GRID),1.008,1.84,1.51,386.0688906,1.54,0.803252857,Long-duration,Low-intensity,Moderate,,NA,NA,NA,NA,NA,NA,NA,NA,NA,NA,82.10337171,2.572478102,3.66,5.53,8.55,1.29,11.03,louis1,NA,NA,NA,NA,NA,NA,NA,NA,NA,NA,NA,NA,NA,NA,NA,NA,NA,NA,NA,NA,NA,NA,NA,NA,NA,NA,NA,NA,NA,NA,NA,NA,NA,NA,NA,NA,NA,NA,NA,0,FALSE,0,0,0,NA,NA,NA,NA,NA,NA,NA,NA
478,louis 2a(OFF GRID),1.01,9.16,1.38,353.0703705,1.52,0.982701965,Long-duration,Low-intensity,Moderate,,NA,NA,NA,NA,NA,NA,NA,NA,NA,NA,128.5963389,4.40578026,5.41,6.56,8.73,1.21,10.66,louis2,NA,NA,NA,NA,NA,NA,NA,NA,NA,NA,NA,NA,NA,NA,NA,NA,NA,NA,NA,NA,NA,NA,NA,NA,NA,NA,NA,NA,NA,NA,NA,NA,NA,NA,NA,NA,NA,NA,NA,0,FALSE,0,0,0,NA,NA,NA,NA,NA,NA,NA,NA
479,louis 2b(OFF GRID),1.01,3.93,1.17,298.7714583,1.22,1.017012025,Long-duration,Low-intensity,Moderate,,0.194570719,0.196549526,22.99629454,196.549526,NA,NA,NA,NA,NA,22.99629454,117.2148301,4.745685536,5.99,5.72,15.02,1.76,11.46,louis2,0.0062645,0.007200113,0.005319745,0.075344031,LOD–LOQ,<LOD,LOD–LOQ,>=LOQ,FALSE,FALSE,FALSE,TRUE,NA,NA,NA,0.075344031,1,FALSE,POCC,0.006327145,6.327145,0.740275965,0.740275965,0.007272114,7.27211413,0.850837353,0,0.005372942,5.37294245,0.628634267,0.628634267,0.076097471,76.09747131,8.903404143,8.903404143,3.219109773,3.699888918,2.733632871,38.71669032,48.36932188,FALSE,0.095069673,11.12315173,10.27231437,6.655271663,7.206515864,7.64924703,0,5.65158403,6.119694586,80.04389728,86.67378955
480,louis 2c(OFF GRID),1.013,6.68,1.48,376.9450447,1.58,1.285321386,Long-duration,Low-intensity,Moderate,,NA,NA,NA,NA,NA,NA,NA,NA,NA,NA,149.4309112,4.79532347,6.11,5.78,12.94,1.91,11.81,louis2,NA,NA,NA,NA,NA,NA,NA,NA,NA,NA,NA,NA,NA,NA,NA,NA,NA,NA,NA,NA,NA,NA,NA,NA,NA,NA,NA,NA,NA,NA,NA,NA,NA,NA,NA,NA,NA,NA,NA,0,FALSE,0,0,0,NA,NA,NA,NA,NA,NA,NA,NA
481,louis 3a(OFF GRID),1.013,23.29,0.98,251.2757718,1.28,1.326919887,Long-duration,High-intensity,Strong,,NA,NA,NA,NA,NA,NA,NA,NA,NA,NA,108.590464,5.227530494,7.18,5.41,26.3,2.59,12.42,louis3,NA,NA,NA,NA,NA,NA,NA,NA,NA,NA,NA,NA,NA,NA,NA,NA,NA,NA,NA,NA,NA,NA,NA,NA,NA,NA,NA,NA,NA,NA,NA,NA,NA,NA,NA,NA,NA,NA,NA,0,FALSE,0,0,0,NA,NA,NA,NA,NA,NA,NA,NA
482,louis 3b(OFF GRID),1.02,11.76,0.99,253.7649722,1.12,2.015655577,Long-duration,High-intensity,Strong,,NA,NA,NA,NA,NA,NA,NA,NA,NA,NA,173.4941131,8.270058274,12.71,6.25,25,2.49,12.29,louis3,NA,NA,NA,NA,NA,NA,NA,NA,NA,NA,NA,NA,NA,NA,NA,NA,NA,NA,NA,NA,NA,NA,NA,NA,NA,NA,NA,NA,NA,NA,NA,NA,NA,NA,NA,NA,NA,NA,NA,0,FALSE,0,0,0,NA,NA,NA,NA,NA,NA,NA,NA
483,louis 3c(OFF GRID),1.022,15.75,1.27,323.8044381,1.5,2.228370275,Long-duration,High-intensity,Strong,,0.254555587,0.260228028,33.04895956,260.228028,NA,NA,NA,NA,NA,33.04895956,136.2602016,5.0902807,7.08,5.57,20.13,2.56,12.84,louis3,0.008448626,0.006205291,0.004007947,0.087520166,LOD–LOQ,<LOD,LOD–LOQ,>=LOQ,FALSE,FALSE,FALSE,TRUE,NA,NA,NA,0.087520166,1,FALSE,POCC,0.008634496,8.634495772,1.096580963,1.096580963,0.006341807,6.341807402,0.80540954,0,0.004096122,4.096121834,0.520207473,0.520207473,0.08944561,89.44560965,11.35959243,11.35959243,3.31804988,2.437019352,1.574050983,34.37201225,41.70113246,FALSE,0.108518035,13.7817904,12.97638086,7.956738066,8.450591692,5.8440124,0,3.77460009,4.008879505,82.42464944,87.5405288
484,maxima 8c,1.011,10.54,1.22,312.3686816,1.37,1.143302312,Long-duration,High-intensity,Strong,,NA,NA,NA,NA,392,396.312,0.396312,48.350064,46.16980748,46.16980748,334.2444166,12.94351342,14.93,7.28,14.34,1.76,9.89,maxima8,NA,NA,NA,NA,NA,NA,NA,NA,NA,NA,NA,NA,NA,NA,NA,NA,NA,NA,NA,NA,NA,NA,NA,NA,NA,NA,NA,NA,NA,NA,NA,NA,NA,NA,NA,NA,NA,NA,NA,0,FALSE,0,0,0,NA,NA,NA,NA,NA,NA,NA,NA
485,maxima 1a,1.015,10.12,1.17,297.7384077,1.3,1.468266175,Long-duration,High-intensity,Strong,,NA,NA,NA,NA,NA,NA,NA,NA,NA,NA,333.0671169,13.53170116,15.15,7.99,11.71,1.37,12.34,maxima1,NA,NA,NA,NA,NA,NA,NA,NA,NA,NA,NA,NA,NA,NA,NA,NA,NA,NA,NA,NA,NA,NA,NA,NA,NA,NA,NA,NA,NA,NA,NA,NA,NA,NA,NA,NA,NA,NA,NA,0,FALSE,0,0,0,NA,NA,NA,NA,NA,NA,NA,NA
486,maxima 1b,1.012,7.56,1.29,329.8880165,1.4,1.234353268,Long-duration,High-intensity,Strong,,0.362553228,0.367028415,47.34666554,367.028415,NA,NA,NA,NA,NA,47.34666554,320.0753597,11.73657029,12.67,7.93,11.07,1.43,11.14,maxima1,0.015614593,0.0182312,0.106148396,0.081401417,>=LOQ,LOD–LOQ,>=LOQ,>=LOQ,TRUE,FALSE,TRUE,TRUE,0.015614593,NA,0.106148396,0.081401417,3,FALSE,PPa+PCa+POCC,0.015801968,15.80196812,2.038453887,2.038453887,0.018449974,18.4499744,2.380046698,2.380046698,0.107422177,107.4221768,13.8574608,13.8574608,0.082378234,82.378234,10.62679219,10.62679219,4.305380039,5.026851777,29.26808181,22.44464751,61.04496113,FALSE,0.224052353,28.90275357,28.90275357,7.052801671,7.052801671,8.234671107,8.234671107,47.94512317,47.94512317,36.76740405,36.76740405
487,maxima 1c,1.012,6.42,1.31,333.3545611,1.4,1.15355821,Long-duration,High-intensity,Strong,,NA,NA,NA,NA,NA,NA,NA,NA,NA,NA,233.2070422,8.462345658,9.18,7.39,10.33,1.35,11.63,maxima1,NA,NA,NA,NA,NA,NA,NA,NA,NA,NA,NA,NA,NA,NA,NA,NA,NA,NA,NA,NA,NA,NA,NA,NA,NA,NA,NA,NA,NA,NA,NA,NA,NA,NA,NA,NA,NA,NA,NA,0,FALSE,0,0,0,NA,NA,NA,NA,NA,NA,NA,NA
488,maxima 2a,1.017,31.14,1.02,260.4260946,1.47,1.706397887,Long-duration,High-intensity,Strong,,NA,NA,NA,NA,NA,NA,NA,NA,NA,NA,318.1946293,14.77963976,19.1,7.21,22.89,2.34,9.73,maxima2,NA,NA,NA,NA,NA,NA,NA,NA,NA,NA,NA,NA,NA,NA,NA,NA,NA,NA,NA,NA,NA,NA,NA,NA,NA,NA,NA,NA,NA,NA,NA,NA,NA,NA,NA,NA,NA,NA,NA,0,FALSE,0,0,0,NA,NA,NA,NA,NA,NA,NA,NA
489,maxima 2b,1.037,28.81,0.67,170.5844646,0.93,3.690567848,Long-duration,High-intensity,Strong,,NA,NA,NA,NA,NA,NA,NA,NA,NA,NA,461.2119987,32.70518591,48.95,7.78,62.16,4.16,12.28,maxima2,NA,NA,NA,NA,NA,NA,NA,NA,NA,NA,NA,NA,NA,NA,NA,NA,NA,NA,NA,NA,NA,NA,NA,NA,NA,NA,NA,NA,NA,NA,NA,NA,NA,NA,NA,NA,NA,NA,NA,0,FALSE,0,0,0,NA,NA,NA,NA,NA,NA,NA,NA
490,maxima 2c,1.037,35.71,0.74,188.5068521,1.13,3.662014296,Long-duration,High-intensity,Strong,,2.899405205,3.005581838,222.413056,3005.581838,NA,NA,NA,NA,NA,222.413056,354.0647725,22.72014399,38.24,7.58,48.78,3.6,9.53,maxima2,0.939088698,0.094179746,1.431572565,0.165227906,>=LOQ,>=LOQ,>=LOQ,>=LOQ,TRUE,TRUE,TRUE,TRUE,0.939088698,0.094179746,1.431572565,0.165227906,4,TRUE,PPa+PSOM+PCa+POCC,0.97383498,973.8349798,72.06378851,72.06378851,0.097664397,97.6643966,7.227165349,7.227165349,1.48454075,1484.54075,109.8560155,109.8560155,0.171341339,171.3413385,12.67925905,12.67925905,32.40088051,3.249433949,49.39279081,5.700771024,90.74387629,FALSE,2.727381465,201.8262284,201.8262284,35.70585899,35.70585899,3.580885104,3.580885104,54.43099064,54.43099064,6.282265269,6.282265269
491,maxima 3a,1.012,23.73,1,254.4355198,1.3,1.247656062,Long-duration,High-intensity,Strong,,NA,NA,NA,NA,NA,NA,NA,NA,NA,NA,218.410814,10.38369443,12.32,7.01,24.36,2.43,12.42,maxima3,NA,NA,NA,NA,NA,NA,NA,NA,NA,NA,NA,NA,NA,NA,NA,NA,NA,NA,NA,NA,NA,NA,NA,NA,NA,NA,NA,NA,NA,NA,NA,NA,NA,NA,NA,NA,NA,NA,NA,0,FALSE,0,0,0,NA,NA,NA,NA,NA,NA,NA,NA
492,maxima 3b,1.018,11.26,0.99,253.2493212,1.12,1.789019124,Long-duration,High-intensity,Strong,,NA,NA,NA,NA,NA,NA,NA,NA,NA,NA,285.1280063,13.61905862,17.2,7.15,33.71,3.35,11.9,maxima3,NA,NA,NA,NA,NA,NA,NA,NA,NA,NA,NA,NA,NA,NA,NA,NA,NA,NA,NA,NA,NA,NA,NA,NA,NA,NA,NA,NA,NA,NA,NA,NA,NA,NA,NA,NA,NA,NA,NA,0,FALSE,0,0,0,NA,NA,NA,NA,NA,NA,NA,NA
493,maxima 3c,1.011,24.22,1.03,261.8562588,1.35,1.135638761,Long-duration,High-intensity,Strong,,0.624631233,0.631724788,65.06765311,631.7247875,NA,NA,NA,NA,NA,65.06765311,394.1351532,18.20697159,19.7,7.89,31.51,3.23,36.41,maxima3,0.053731333,0.023989451,0.42958209,0.045891052,>=LOQ,LOD–LOQ,>=LOQ,>=LOQ,TRUE,FALSE,TRUE,TRUE,0.053731333,NA,0.42958209,0.045891052,3,FALSE,PPa+PCa+POCC,0.054322378,54.32237766,5.595204899,5.595204899,0.024253335,24.25333496,2.498093501,2.498093501,0.434307493,434.307493,44.73367178,44.73367178,0.046395854,46.39585357,4.778772918,4.778772918,8.599057491,3.83922484,68.74947787,7.344314247,88.53207445,FALSE,0.559279059,57.6057431,57.6057431,9.712928952,9.712928952,4.336535503,4.336535503,77.65488192,77.65488192,8.295653629,8.295653629
494,maxima 4a,1.008,16.09,1.11,284.0472253,1.32,0.800139724,Long-duration,High-intensity,Strong,,0.775829045,0.782036761,86.80608047,782.036761,NA,NA,NA,NA,NA,86.80608047,228.3135356,9.722917707,11.38,7.59,11.17,1.24,11.98,maxima4,0.191253313,0.029333203,0.207640945,0.185898152,>=LOQ,LOD–LOQ,>=LOQ,>=LOQ,TRUE,FALSE,TRUE,TRUE,0.191253313,NA,0.207640945,0.185898152,3,FALSE,PPa+PCa+POCC,0.19278334,192.7833395,21.39895068,21.39895068,0.029567869,29.56786862,3.282033417,3.282033417,0.209302073,209.3020726,23.23253005,23.23253005,0.187385337,187.3853372,20.79977243,20.79977243,24.65144212,3.780879634,26.76371278,23.96119295,79.15722748,FALSE,0.619038618,68.71328659,68.71328659,31.14237689,31.14237689,4.776417459,4.776417459,33.81082642,33.81082642,30.27037923,30.27037923
495,maxima 4b,1.019,11.62,1.3,331.3845883,1.47,1.948012044,Long-duration,High-intensity,Strong,,NA,NA,NA,NA,794,809.086,0.809086,105.18118,100.4382296,100.4382296,127.5569292,4.656153083,5.67,7.2,9.46,1.23,12.05,maxima4,NA,NA,NA,NA,NA,NA,NA,NA,NA,NA,NA,NA,NA,NA,NA,NA,NA,NA,NA,NA,NA,NA,NA,NA,NA,NA,NA,NA,NA,NA,NA,NA,NA,NA,NA,NA,NA,NA,NA,0,FALSE,0,0,0,NA,NA,NA,NA,NA,NA,NA,NA
496,maxima 4c,1.013,22.12,1.08,276.5146797,1.39,1.332775655,Long-duration,High-intensity,Strong,,NA,NA,NA,NA,NA,NA,NA,NA,NA,NA,110.9255947,4.852539456,6.34,6.18,12.25,1.33,10.1,maxima4,NA,NA,NA,NA,NA,NA,NA,NA,NA,NA,NA,NA,NA,NA,NA,NA,NA,NA,NA,NA,NA,NA,NA,NA,NA,NA,NA,NA,NA,NA,NA,NA,NA,NA,NA,NA,NA,NA,NA,0,FALSE,0,0,0,NA,NA,NA,NA,NA,NA,NA,NA
497,maxima 5a,1.032,9.31,1.11,282.784206,1.22,3.23419547,Long-duration,High-intensity,Strong,,1.458993843,1.506180556,167.1860417,1506.180556,NA,NA,NA,NA,NA,167.1860417,423.4031671,18.11150142,20.15,7.45,29.51,3.27,11.9,maxima5,0.176390109,0.045554459,1.234120536,0.122574574,>=LOQ,>=LOQ,>=LOQ,>=LOQ,TRUE,TRUE,TRUE,TRUE,0.176390109,0.045554459,1.234120536,0.122574574,4,TRUE,PPa+PSOM+PCa+POCC,0.182034592,182.0345925,20.20583977,20.20583977,0.047012202,47.01220169,5.218354387,5.218354387,1.273612393,1273.612393,141.3709756,141.3709756,0.12649696,126.4969604,14.0411626,14.0411626,12.08584135,3.121285924,84.55907813,8.398525652,108.1647311,TRUE,1.629156148,180.8363324,180.8363324,11.17355097,11.17355097,2.88567807,2.88567807,78.17620152,78.17620152,7.76456944,7.76456944
498,maxima 5b,1.02,9.71,1.01,256.5797197,1.11,2.026769823,Long-duration,High-intensity,Strong,,NA,NA,NA,NA,NA,NA,NA,NA,NA,NA,312.4312562,14.72948798,16.34,7.4,27.36,2.75,14.7,maxima5,NA,NA,NA,NA,NA,NA,NA,NA,NA,NA,NA,NA,NA,NA,NA,NA,NA,NA,NA,NA,NA,NA,NA,NA,NA,NA,NA,NA,NA,NA,NA,NA,NA,NA,NA,NA,NA,NA,NA,0,FALSE,0,0,0,NA,NA,NA,NA,NA,NA,NA,NA
499,maxima 5c,1.017,10.31,1.08,276.6225879,1.21,1.708975429,Long-duration,High-intensity,Strong,,NA,NA,NA,NA,NA,NA,NA,NA,NA,NA,446.90911,19.54281268,24.02,8.52,23.97,2.6,12.85,maxima5,NA,NA,NA,NA,NA,NA,NA,NA,NA,NA,NA,NA,NA,NA,NA,NA,NA,NA,NA,NA,NA,NA,NA,NA,NA,NA,NA,NA,NA,NA,NA,NA,NA,NA,NA,NA,NA,NA,NA,0,FALSE,0,0,0,NA,NA,NA,NA,NA,NA,NA,NA
500,maxima 6a,1.008,22.73,1.07,273.7342834,1.39,0.769255702,Long-duration,High-intensity,Strong,,0.479502509,0.483191109,51.70144866,483.191109,NA,NA,NA,NA,NA,51.70144866,183.9247056,8.127675911,9.58,7.07,10.67,1.14,10.66,maxima6,0.04399919,0.015925348,0.032846002,0.209108531,>=LOQ,LOD–LOQ,>=LOQ,>=LOQ,TRUE,FALSE,TRUE,TRUE,0.04399919,NA,0.032846002,0.209108531,3,FALSE,PPa+PCa+POCC,0.044351184,44.35118352,4.745576637,4.745576637,0.016052751,16.05275078,1.717644334,1.717644334,0.03310877,33.10877002,3.542638392,3.542638392,0.210781399,210.7813992,22.55360972,22.55360972,9.178807866,3.322236375,6.85210663,43.62278099,62.97593186,FALSE,0.304294104,32.55946908,32.55946908,14.57510448,14.57510448,5.275406456,5.275406456,10.88051646,10.88051646,69.26897261,69.26897261
501,maxima 6b,1.024,6.35,1.09,277.9969482,1.16,2.425584846,Long-duration,High-intensity,Strong,,NA,NA,NA,NA,NA,NA,NA,NA,NA,NA,541.250632,23.55124606,28.08,8.06,17.98,1.96,12.53,maxima6,NA,NA,NA,NA,NA,NA,NA,NA,NA,NA,NA,NA,NA,NA,NA,NA,NA,NA,NA,NA,NA,NA,NA,NA,NA,NA,NA,NA,NA,NA,NA,NA,NA,NA,NA,NA,NA,NA,NA,0,FALSE,0,0,0,NA,NA,NA,NA,NA,NA,NA,NA
502,maxima 6c,1.015,16.23,0.9,229.4143502,1.07,1.501932976,Long-duration,High-intensity,Strong,,NA,NA,NA,NA,NA,NA,NA,NA,NA,NA,478.204745,25.21440954,29.35,7.67,27.68,2.49,13.02,maxima6,NA,NA,NA,NA,NA,NA,NA,NA,NA,NA,NA,NA,NA,NA,NA,NA,NA,NA,NA,NA,NA,NA,NA,NA,NA,NA,NA,NA,NA,NA,NA,NA,NA,NA,NA,NA,NA,NA,NA,0,FALSE,0,0,0,NA,NA,NA,NA,NA,NA,NA,NA
503,maxima 7a,1.011,12.6,1.28,327.1585499,1.46,1.14361983,Long-duration,High-intensity,Strong,,0.365088573,0.369263799,47.26576627,369.263799,NA,NA,NA,NA,NA,47.26576627,155.4030328,5.745882191,7.12,6.92,14.12,1.81,12.85,maxima7,0.024559333,0.021102622,0.057272328,0.151587324,>=LOQ,LOD–LOQ,>=LOQ,>=LOQ,TRUE,FALSE,TRUE,TRUE,0.024559333,NA,0.057272328,0.151587324,3,FALSE,PPa+PCa+POCC,0.024829486,24.82948566,3.178174165,3.178174165,0.021334751,21.33475084,2.730848108,2.730848108,0.057902324,57.90232361,7.411497422,7.411497422,0.153254785,153.2547846,19.61661242,19.61661242,6.724050863,5.777644844,15.6804766,41.50279149,69.6849638,FALSE,0.257321345,32.93713212,32.93713212,9.649213397,9.649213397,8.291092552,8.291092552,22.50195128,22.50195128,59.55774277,59.55774277
504,maxima 7b,1.01,21.51,1.09,277.1789566,1.38,1.035808562,Long-duration,High-intensity,Strong,,NA,NA,NA,NA,NA,NA,NA,NA,NA,NA,400.8663754,17.49423175,19.42,7.58,23.25,2.53,15.69,maxima7,NA,NA,NA,NA,NA,NA,NA,NA,NA,NA,NA,NA,NA,NA,NA,NA,NA,NA,NA,NA,NA,NA,NA,NA,NA,NA,NA,NA,NA,NA,NA,NA,NA,NA,NA,NA,NA,NA,NA,0,FALSE,0,0,0,NA,NA,NA,NA,NA,NA,NA,NA
505,maxima 7c,1.015,5.82,1.14,290.6653421,1.21,1.494728567,Long-duration,High-intensity,Strong,,NA,NA,NA,NA,NA,NA,NA,NA,NA,NA,419.5537249,17.46022483,19.7,7.56,28.47,3.24,14.59,maxima7,NA,NA,NA,NA,NA,NA,NA,NA,NA,NA,NA,NA,NA,NA,NA,NA,NA,NA,NA,NA,NA,NA,NA,NA,NA,NA,NA,NA,NA,NA,NA,NA,NA,NA,NA,NA,NA,NA,NA,0,FALSE,0,0,0,NA,NA,NA,NA,NA,NA,NA,NA
506,maxima 8a,1.011,19.17,1.06,271.2209333,1.31,1.14263552,Long-duration,High-intensity,Strong,,1.279632042,1.294253572,137.1908786,1294.253572,NA,NA,NA,NA,NA,137.1908786,223.7832044,9.980672014,11.72,6.87,16.66,1.77,10.39,maxima8,0.264998593,0.065268184,0.966471754,0.113222621,>=LOQ,>=LOQ,>=LOQ,>=LOQ,TRUE,TRUE,TRUE,TRUE,0.264998593,0.065268184,0.966471754,0.113222621,4,TRUE,PPa+PSOM+PCa+POCC,0.267913578,267.9135775,28.39883922,28.39883922,0.065986134,65.98613402,6.994530207,6.994530207,0.977102943,977.1029433,103.572912,103.572912,0.11446807,114.4680698,12.1336154,12.1336154,20.7002386,5.098393039,75.49547974,8.844330996,110.1384424,TRUE,1.425470725,151.0998968,151.0998968,18.79474428,18.79474428,4.629076759,4.629076759,68.54598459,68.54598459,8.030194367,8.030194367
507,maxima 8b,1.017,8.12,1.42,362.5833776,1.54,1.692472078,Long-duration,High-intensity,Strong,,NA,NA,NA,NA,NA,NA,NA,NA,NA,NA,156.8697211,5.23343381,6.52,6.32,10.84,1.54,10.92,maxima8,NA,NA,NA,NA,NA,NA,NA,NA,NA,NA,NA,NA,NA,NA,NA,NA,NA,NA,NA,NA,NA,NA,NA,NA,NA,NA,NA,NA,NA,NA,NA,NA,NA,NA,NA,NA,NA,NA,NA,0,FALSE,0,0,0,NA,NA,NA,NA,NA,NA,NA,NA
508,maxima 9a,1.009,28.04,1.14,290.0197069,1.58,0.924176214,Long-duration,High-intensity,Strong,,NA,NA,NA,NA,NA,NA,NA,NA,NA,NA,92.58278306,3.861519427,4.84,6.19,10.67,1.21,11.41,maxima9,NA,NA,NA,NA,NA,NA,NA,NA,NA,NA,NA,NA,NA,NA,NA,NA,NA,NA,NA,NA,NA,NA,NA,NA,NA,NA,NA,NA,NA,NA,NA,NA,NA,NA,NA,NA,NA,NA,NA,0,FALSE,0,0,0,NA,NA,NA,NA,NA,NA,NA,NA
509,maxima 9b,1.023,29.74,0.95,242.8409837,1.35,2.30151278,Long-duration,High-intensity,Strong,,0.536166532,0.548506473,52.10811494,548.506473,NA,NA,NA,NA,NA,52.10811494,134.1059999,6.680080973,8.64,5.92,21.85,2.08,12.65,maxima9,0.044764167,0.04675197,0.024354133,0.166507769,>=LOQ,>=LOQ,>=LOQ,>=LOQ,TRUE,TRUE,TRUE,TRUE,0.044764167,0.04675197,0.024354133,0.166507769,4,TRUE,PPa+PSOM+PCa+POCC,0.045793743,45.79374284,4.35040557,4.35040557,0.047827265,47.82726531,4.543590204,4.543590204,0.024914278,24.91427806,2.366856416,2.366856416,0.170337448,170.3374477,16.18205753,16.18205753,8.348806276,8.719544374,4.542203107,31.05477439,52.66532814,FALSE,0.288872734,27.44290972,27.44290972,15.85256671,15.85256671,16.5565177,16.5565177,8.624655475,8.624655475,58.96626012,58.96626012
510,maxima 9c,1.012,10.29,1.3,331.7994571,1.45,1.15146147,Long-duration,High-intensity,Strong,,NA,NA,NA,NA,NA,NA,NA,NA,NA,NA,118.9429296,4.336291426,5.24,6.55,10.13,1.32,12.08,maxima9,NA,NA,NA,NA,NA,NA,NA,NA,NA,NA,NA,NA,NA,NA,NA,NA,NA,NA,NA,NA,NA,NA,NA,NA,NA,NA,NA,NA,NA,NA,NA,NA,NA,NA,NA,NA,NA,NA,NA,0,FALSE,0,0,0,NA,NA,NA,NA,NA,NA,NA,NA
511,oforikrom 1a1,1.076,8.42,1.11,283.3469758,1.21,7.631288165,Long-duration,High-intensity,Strong,,NA,NA,NA,NA,317,341.092,0.341092,37.861212,36.15393082,36.15393082,98.96968153,4.225120435,5.46,7.19,2.86,0.32,7.06,oforikrom1,NA,NA,NA,NA,NA,NA,NA,NA,NA,NA,NA,NA,NA,NA,NA,NA,NA,NA,NA,NA,NA,NA,NA,NA,NA,NA,NA,NA,NA,NA,NA,NA,NA,NA,NA,NA,NA,NA,NA,0,FALSE,0,0,0,NA,NA,NA,NA,NA,NA,NA,NA
512,Oforikrom 1a2,1.018,27.41,1,255.1129107,1.37,1.813741732,Long-duration,High-intensity,Strong,,NA,NA,NA,NA,NA,NA,NA,NA,NA,NA,108.4306802,5.141327228,6.64,7.32,5.95,0.6,8.14,Oforikrom1,NA,NA,NA,NA,NA,NA,NA,NA,NA,NA,NA,NA,NA,NA,NA,NA,NA,NA,NA,NA,NA,NA,NA,NA,NA,NA,NA,NA,NA,NA,NA,NA,NA,NA,NA,NA,NA,NA,NA,0,FALSE,0,0,0,NA,NA,NA,NA,NA,NA,NA,NA
513,Oforikrom 1a3,1.082,13.98,1.14,292.0897308,1.32,8.189356436,Long-duration,High-intensity,Strong,,0.445012971,0.481456669,54.88606027,481.456669,NA,NA,NA,NA,NA,54.88606027,195.6611436,8.102961973,10,7.26,9.86,1.13,9.79,Oforikrom1,0.024524058,0.011707741,0.001599941,0.215899505,>=LOQ,LOD–LOQ,<LOD,>=LOQ,TRUE,FALSE,FALSE,TRUE,0.024524058,NA,NA,0.215899505,2,FALSE,PPa+POCC,0.026535031,26.53503076,3.024993506,3.024993506,0.012667776,12.66777576,1.444126437,1.444126437,0.001731136,1.731136162,0.197349522,0,0.233603264,233.6032644,26.63077214,26.63077214,5.511405795,2.631135173,0.359562194,48.52010149,57.02220465,FALSE,0.274537207,31.29724161,31.09989209,9.665367779,9.726700973,4.614229123,4.643509479,0.630565227,0,85.08983787,85.62978955
514,oforikrom 1b,1.06,26.35,1.06,270.642367,1.42,6.040308169,Long-duration,High-intensity,Strong,,NA,NA,NA,NA,NA,NA,NA,NA,NA,NA,264.3386015,11.81463493,13.24,7.99,9.27,0.98,9.89,oforikrom1,NA,NA,NA,NA,NA,NA,NA,NA,NA,NA,NA,NA,NA,NA,NA,NA,NA,NA,NA,NA,NA,NA,NA,NA,NA,NA,NA,NA,NA,NA,NA,NA,NA,NA,NA,NA,NA,NA,NA,0,FALSE,0,0,0,NA,NA,NA,NA,NA,NA,NA,NA
515,oforikrom 1c,1.021,13.78,1.2,305.1899139,1.38,2.103636385,Long-duration,High-intensity,Strong,,0.370724521,0.378523217,45.42278604,378.523217,NA,NA,NA,NA,NA,45.42278604,122.4781769,4.854494777,7.49,8.12,5.64,0.67,9.04,oforikrom1,0.028808008,0.010145565,0.017441467,0.33429667,>=LOQ,LOD–LOQ,>=LOQ,>=LOQ,TRUE,FALSE,TRUE,TRUE,0.028808008,NA,0.017441467,0.33429667,3,FALSE,PPa+PCa+POCC,0.029412976,29.41297617,3.52955714,3.52955714,0.010358622,10.35862187,1.243034624,1.243034624,0.017807738,17.80773781,2.136928537,2.136928537,0.3413169,341.3169001,40.95802801,40.95802801,7.770454981,2.736588246,4.70452987,90.1706645,105.3822376,TRUE,0.398896236,47.86754831,47.86754831,7.373590804,7.373590804,2.596821161,2.596821161,4.464253158,4.464253158,85.56533488,85.56533488
516,oforikrom 2a,1.019,9.52,1.02,259.0708682,1.12,1.921918844,Long-duration,High-intensity,Strong,,NA,NA,NA,NA,NA,NA,NA,NA,NA,NA,331.9522195,15.49931476,18.43,7.15,35.55,3.61,15.18,oforikrom2,NA,NA,NA,NA,NA,NA,NA,NA,NA,NA,NA,NA,NA,NA,NA,NA,NA,NA,NA,NA,NA,NA,NA,NA,NA,NA,NA,NA,NA,NA,NA,NA,NA,NA,NA,NA,NA,NA,NA,0,FALSE,0,0,0,NA,NA,NA,NA,NA,NA,NA,NA
517,oforikrom 2b,1.052,4.8,0.89,228.1257869,0.94,5.227034274,Long-duration,High-intensity,Strong,,NA,NA,NA,NA,NA,NA,NA,NA,NA,NA,456.8531957,24.2246655,28.01,7.07,71.88,6.43,17.28,oforikrom2,NA,NA,NA,NA,NA,NA,NA,NA,NA,NA,NA,NA,NA,NA,NA,NA,NA,NA,NA,NA,NA,NA,NA,NA,NA,NA,NA,NA,NA,NA,NA,NA,NA,NA,NA,NA,NA,NA,NA,0,FALSE,0,0,0,NA,NA,NA,NA,NA,NA,NA,NA
518,oforikrom 2c,1.023,6.9,1.48,378.0712175,1.59,2.287606702,Long-duration,High-intensity,Strong,,0.199168071,0.203724253,30.15118944,203.724253,NA,NA,NA,NA,NA,30.15118944,118.6614989,3.796572659,5.31,6.41,7.68,1.14,13.42,oforikrom2,0.006953595,0.00577037,0.00088779,0.092057637,LOD–LOQ,<LOD,<LOD,>=LOQ,FALSE,FALSE,FALSE,TRUE,NA,NA,NA,0.092057637,1,FALSE,POCC,0.007113528,7.113527685,1.052802097,1.052802097,0.005903089,5.90308851,0.873657099,0,0.000908209,0.90820917,0.134414957,0,0.094174963,94.17496265,13.93789447,13.93789447,3.491743168,2.89758751,0.445803166,46.22668203,53.06181587,FALSE,0.108099788,15.99876863,14.99069657,6.580519551,7.023036538,5.460777138,0,0.840158142,0,87.11854517,92.97696346
519,oforikrom 3a,1.034,3.85,1.36,346.1442521,1.41,3.387532174,Long-duration,High-intensity,Strong,,0.273278209,0.282535596,38.42484099,282.5355955,NA,NA,NA,NA,NA,38.42484099,139.8071245,4.885709952,6.71,5.65,15.68,2.13,15.52,oforikrom3,0.013543193,0.008090426,0.000732952,0.139901735,>=LOQ,<LOD,<LOD,>=LOQ,TRUE,FALSE,FALSE,TRUE,0.013543193,NA,NA,0.139901735,2,FALSE,PPa+POCC,0.014003662,14.00366156,1.904497972,1.904497972,0.0083655,8.365500484,1.137708066,0,0.000757872,0.757872368,0.103070642,0,0.144658394,144.658394,19.67354158,19.67354158,4.956423822,2.960866035,0.268239606,51.20005985,59.38558931,FALSE,0.167785428,22.81881826,21.57803956,8.346172665,8.82609362,4.985832538,0,0.45169141,0,86.21630339,91.17390638
520,oforikrom 3b,1.026,7.37,1.14,291.3822578,1.23,2.552572098,Long-duration,High-intensity,Strong,,NA,NA,NA,NA,NA,NA,NA,NA,NA,NA,231.8012686,9.622949487,11.49,6.15,27.07,3.09,15.15,oforikrom3,NA,NA,NA,NA,NA,NA,NA,NA,NA,NA,NA,NA,NA,NA,NA,NA,NA,NA,NA,NA,NA,NA,NA,NA,NA,NA,NA,NA,NA,NA,NA,NA,NA,NA,NA,NA,NA,NA,NA,0,FALSE,0,0,0,NA,NA,NA,NA,NA,NA,NA,NA
521,oforikrom 3c,1.018,24.59,0.97,248.4486676,1.29,1.787625776,Long-duration,High-intensity,Strong,,NA,NA,NA,NA,NA,NA,NA,NA,NA,NA,203.4299424,9.904526214,12.14,6.38,22.89,2.23,16.65,oforikrom3,NA,NA,NA,NA,NA,NA,NA,NA,NA,NA,NA,NA,NA,NA,NA,NA,NA,NA,NA,NA,NA,NA,NA,NA,NA,NA,NA,NA,NA,NA,NA,NA,NA,NA,NA,NA,NA,NA,NA,0,FALSE,0,0,0,NA,NA,NA,NA,NA,NA,NA,NA
522,oforikrom 4a,1.01,18.03,1.12,286.6509357,1.37,0.983448498,Long-duration,High-intensity,Strong,,NA,NA,NA,NA,NA,NA,NA,NA,NA,NA,200.0559666,8.442161316,9.42,7.18,17.27,1.94,19.53,oforikrom4,NA,NA,NA,NA,NA,NA,NA,NA,NA,NA,NA,NA,NA,NA,NA,NA,NA,NA,NA,NA,NA,NA,NA,NA,NA,NA,NA,NA,NA,NA,NA,NA,NA,NA,NA,NA,NA,NA,NA,0,FALSE,0,0,0,NA,NA,NA,NA,NA,NA,NA,NA
523,oforikrom 4b,1.035,19.86,1,254.4966706,1.24,3.498407041,Long-duration,High-intensity,Strong,,NA,NA,NA,NA,NA,NA,NA,NA,NA,NA,323.8456422,15.39258122,16.99,7.24,32.25,3.22,16.85,oforikrom4,NA,NA,NA,NA,NA,NA,NA,NA,NA,NA,NA,NA,NA,NA,NA,NA,NA,NA,NA,NA,NA,NA,NA,NA,NA,NA,NA,NA,NA,NA,NA,NA,NA,NA,NA,NA,NA,NA,NA,0,FALSE,0,0,0,NA,NA,NA,NA,NA,NA,NA,NA
524,oforikrom 4c,1.013,27.9,0.94,240.6462437,1.3,1.289758898,Long-duration,High-intensity,Strong,,0.793158348,0.803388178,75.51848873,803.388178,NA,NA,NA,NA,NA,75.51848873,261.5941729,13.14935591,14.84,7.18,21.05,1.99,16.59,oforikrom4,0.158690349,0.025997808,0.246692914,0.193592235,>=LOQ,LOD–LOQ,>=LOQ,>=LOQ,TRUE,FALSE,TRUE,TRUE,0.158690349,NA,0.246692914,0.193592235,3,FALSE,PPa+PCa+POCC,0.160753324,160.7533235,15.11081241,15.11081241,0.02633578,26.3357795,2.475563273,2.475563273,0.249899922,249.8999219,23.49059266,23.49059266,0.196108934,196.1089341,18.4342398,18.4342398,20.00942109,3.278089002,31.10575046,24.41023398,78.80349454,FALSE,0.633097959,59.51120814,59.51120814,25.39154032,25.39154032,4.159826948,4.159826948,39.47255213,39.47255213,30.9760806,30.9760806
525,oforikrom 5a,1.023,14.32,1.16,296.4795157,1.35,2.297117987,Long-duration,High-intensity,Strong,,NA,NA,NA,NA,NA,NA,NA,NA,NA,NA,217.0164365,8.854283779,10.94,7.18,16.58,1.93,17,oforikrom5,NA,NA,NA,NA,NA,NA,NA,NA,NA,NA,NA,NA,NA,NA,NA,NA,NA,NA,NA,NA,NA,NA,NA,NA,NA,NA,NA,NA,NA,NA,NA,NA,NA,NA,NA,NA,NA,NA,NA,0,FALSE,0,0,0,NA,NA,NA,NA,NA,NA,NA,NA
526,oforikrom 5b,1.029,6.46,1.44,367.8674402,1.54,2.854984894,Long-duration,High-intensity,Strong,,NA,NA,NA,NA,NA,NA,NA,NA,NA,NA,134.5603069,4.424672389,6.57,6.36,10.43,1.5,13.07,oforikrom5,NA,NA,NA,NA,NA,NA,NA,NA,NA,NA,NA,NA,NA,NA,NA,NA,NA,NA,NA,NA,NA,NA,NA,NA,NA,NA,NA,NA,NA,NA,NA,NA,NA,NA,NA,NA,NA,NA,NA,0,FALSE,0,0,0,NA,NA,NA,NA,NA,NA,NA,NA
527,oforikrom 5c,1.031,21.24,1.1,281.8550613,1.39,3.06360958,Long-duration,High-intensity,Strong,,0.443978973,0.457580755,50.33388305,457.580755,NA,NA,NA,NA,NA,50.33388305,219.823918,9.434189772,12.31,7.09,25.75,2.84,13.72,oforikrom5,0.024614931,0.0131391,0.100074951,0.171622234,>=LOQ,LOD–LOQ,>=LOQ,>=LOQ,TRUE,FALSE,TRUE,TRUE,0.024614931,NA,0.100074951,0.171622234,3,FALSE,PPa+PCa+POCC,0.025377994,25.37799386,2.791579325,2.791579325,0.013546412,13.5464121,1.490105331,1.490105331,0.103177274,103.1772745,11.34950019,11.34950019,0.176942523,176.9425233,19.46367756,19.46367756,5.546123517,2.960441835,22.54842962,38.66913574,69.7241307,FALSE,0.319044204,35.09486241,35.09486241,7.954381734,7.954381734,4.245935812,4.245935812,32.33949192,32.33949192,55.46019053,55.46019053
528,oforikrom 6a,1.034,3.5,1.46,371.7702502,1.51,3.364914154,Long-duration,High-intensity,Strong,,NA,NA,NA,NA,NA,NA,NA,NA,NA,NA,271.134792,8.821980994,10.08,7.49,13.54,1.97,15.15,oforikrom6,NA,NA,NA,NA,NA,NA,NA,NA,NA,NA,NA,NA,NA,NA,NA,NA,NA,NA,NA,NA,NA,NA,NA,NA,NA,NA,NA,NA,NA,NA,NA,NA,NA,NA,NA,NA,NA,NA,NA,0,FALSE,0,0,0,NA,NA,NA,NA,NA,NA,NA,NA
529,oforikrom 6b,1.013,20.43,1.24,316.0812753,1.55,1.331532421,Long-duration,High-intensity,Strong,,NA,NA,NA,NA,283,286.679,0.286679,35.548196,33.94521599,33.94521599,205.5843954,7.86768348,9.02,6.91,13.44,1.66,15,oforikrom6,NA,NA,NA,NA,NA,NA,NA,NA,NA,NA,NA,NA,NA,NA,NA,NA,NA,NA,NA,NA,NA,NA,NA,NA,NA,NA,NA,NA,NA,NA,NA,NA,NA,NA,NA,NA,NA,NA,NA,0,FALSE,0,0,0,NA,NA,NA,NA,NA,NA,NA,NA
530,oforikrom 6c,1.011,8.43,1.34,341.4447125,1.46,1.052963293,Long-duration,High-intensity,Strong,,0.456230248,0.461034185,61.77858079,461.034185,NA,NA,NA,NA,NA,61.77858079,279.2367385,9.892536621,10.98,7.26,15.9,2.13,14.42,oforikrom6,0.024499777,0.021160612,0.26919703,0.1337485,>=LOQ,LOD–LOQ,>=LOQ,>=LOQ,TRUE,FALSE,TRUE,TRUE,0.024499777,NA,0.26919703,0.1337485,3,FALSE,PPa+PCa+POCC,0.024769275,24.76927455,3.319082789,3.319082789,0.021393379,21.39337873,2.86671275,2.86671275,0.272158197,272.1581973,36.46919844,36.46919844,0.135219734,135.2197335,18.11944429,18.11944429,5.372546191,4.640302049,59.03210785,29.32965448,98.37461057,FALSE,0.453540584,60.77443827,60.77443827,5.461313808,5.461313808,4.7169712,4.7169712,60.00746281,60.00746281,29.81425218,29.81425218
531,onwe 1a,1.018,10.9,1.22,312.2224988,1.37,1.786386692,Short-duration,Low-intensity,Weak,,NA,NA,NA,NA,NA,NA,NA,NA,NA,NA,217.4250068,8.423659408,11.48,6.93,20.63,2.52,9.56,onwe1,NA,NA,NA,NA,NA,NA,NA,NA,NA,NA,NA,NA,NA,NA,NA,NA,NA,NA,NA,NA,NA,NA,NA,NA,NA,NA,NA,NA,NA,NA,NA,NA,NA,NA,NA,NA,NA,NA,NA,0,FALSE,0,0,0,NA,NA,NA,NA,NA,NA,NA,NA
532,onwe 1b,1.014,27.59,1.02,260.5357014,1.4,1.35655058,Short-duration,Low-intensity,Weak,,0.337476571,0.342054611,34.88957032,342.054611,NA,NA,NA,NA,NA,34.88957032,147.7439467,6.859586774,9.34,6.25,20.49,2.09,9.5,onwe1,0.006364333,0.015362026,0.018251982,0.137435623,LOD–LOQ,LOD–LOQ,>=LOQ,>=LOQ,FALSE,FALSE,TRUE,TRUE,NA,NA,0.018251982,0.137435623,2,FALSE,PCa+POCC,0.006453434,6.453433662,0.658250234,0.658250234,0.015577094,15.57709436,1.588863625,1.588863625,0.01850751,18.50750975,1.887765994,1.887765994,0.139359722,139.3597217,14.21469162,14.21469162,1.886667642,4.553978769,5.410688572,40.74195092,52.5932859,FALSE,0.179897759,18.34957147,18.34957147,3.587278508,3.587278508,8.65885957,8.65885957,10.28779336,10.28779336,77.46606857,77.46606857
533,onwe 1c,1.013,21.55,1.09,279.3564734,1.39,1.314996057,Short-duration,Low-intensity,Weak,,NA,NA,NA,NA,NA,NA,NA,NA,NA,NA,141.5595366,6.129653066,8.76,6.18,19.66,2.15,9.64,onwe1,NA,NA,NA,NA,NA,NA,NA,NA,NA,NA,NA,NA,NA,NA,NA,NA,NA,NA,NA,NA,NA,NA,NA,NA,NA,NA,NA,NA,NA,NA,NA,NA,NA,NA,NA,NA,NA,NA,NA,0,FALSE,0,0,0,NA,NA,NA,NA,NA,NA,NA,NA
534,onwe 2a,1.058,6.39,1.2,305.328917,1.27,5.790831469,Short-duration,Low-intensity,Weak,,NA,NA,NA,NA,NA,NA,NA,NA,NA,NA,164.3146569,6.509743383,8.74,6.06,22.21,2.66,9.78,onwe2,NA,NA,NA,NA,NA,NA,NA,NA,NA,NA,NA,NA,NA,NA,NA,NA,NA,NA,NA,NA,NA,NA,NA,NA,NA,NA,NA,NA,NA,NA,NA,NA,NA,NA,NA,NA,NA,NA,NA,0,FALSE,0,0,0,NA,NA,NA,NA,NA,NA,NA,NA
535,onwe 2b,1.014,3.36,1.46,373.5154338,1.51,1.449623142,Short-duration,Low-intensity,Weak,,NA,NA,NA,NA,NA,NA,NA,NA,NA,NA,131.4191536,4.256039165,6.01,5.6,15.63,2.29,9.99,onwe2,NA,NA,NA,NA,NA,NA,NA,NA,NA,NA,NA,NA,NA,NA,NA,NA,NA,NA,NA,NA,NA,NA,NA,NA,NA,NA,NA,NA,NA,NA,NA,NA,NA,NA,NA,NA,NA,NA,NA,0,FALSE,0,0,0,NA,NA,NA,NA,NA,NA,NA,NA
536,onwe 2c,1.049,36.27,1.03,262.7976585,1.59,4.852532383,Short-duration,Low-intensity,Weak,,0.319957953,0.335484016,34.5548536,335.4840155,NA,NA,NA,NA,NA,34.5548536,181.2335843,8.342048108,10.49,6.35,23.45,2.41,9.79,onwe2,0.006325917,0.018825262,0.030715917,0.129002903,LOD–LOQ,LOD–LOQ,>=LOQ,>=LOQ,FALSE,FALSE,TRUE,TRUE,NA,NA,0.030715917,0.129002903,2,FALSE,PCa+POCC,0.006635887,6.635886933,0.683496354,0.683496354,0.0197477,19.74769984,2.034013083,2.034013083,0.032220997,32.22099693,3.318762684,3.318762684,0.135324045,135.3240452,13.93837666,13.93837666,1.978003907,5.88633107,9.604331487,40.33695765,57.80562411,FALSE,0.193928629,19.97464878,19.97464878,3.421819135,3.421819135,10.18297295,10.18297295,16.61487378,16.61487378,69.78033413,69.78033413
537,onwe 3a,1.088,10.69,1.13,289.1864788,1.26,8.819057273,Short-duration,Low-intensity,Weak,,NA,NA,NA,NA,NA,NA,NA,NA,NA,NA,339.7164236,14.20999947,18.65,7.21,32.47,3.68,8.81,onwe3,NA,NA,NA,NA,NA,NA,NA,NA,NA,NA,NA,NA,NA,NA,NA,NA,NA,NA,NA,NA,NA,NA,NA,NA,NA,NA,NA,NA,NA,NA,NA,NA,NA,NA,NA,NA,NA,NA,NA,0,FALSE,0,0,0,NA,NA,NA,NA,NA,NA,NA,NA
538,onwe 3b,1.029,0.91,1.23,313.6828921,1.24,2.928788324,Short-duration,Low-intensity,Weak,,0.3612997,0.371881404,45.74141269,371.881404,NA,NA,NA,NA,NA,45.74141269,194.6305379,7.505431252,10.21,6.16,18.69,2.3,8.83,onwe3,0.006891571,0.024898392,0.023130015,0.147278675,LOD–LOQ,LOD–LOQ,>=LOQ,>=LOQ,FALSE,FALSE,TRUE,TRUE,NA,NA,0.023130015,0.147278675,2,FALSE,PCa+POCC,0.007091427,7.091426559,0.872245467,0.872245467,0.025620445,25.62044537,3.15131478,3.15131478,0.023800785,23.80078544,2.927496609,2.927496609,0.151549757,151.5497566,18.64062006,18.64062006,1.906905396,6.889412886,6.400100994,40.75217393,55.94859321,FALSE,0.208062414,25.59167691,25.59167691,3.408316968,3.408316968,12.31382684,12.31382684,11.43925276,11.43925276,72.83860343,72.83860343
539,onwe 3c,1.023,4.73,1.21,308.9125555,1.27,2.300794952,Short-duration,Low-intensity,Weak,,NA,NA,NA,NA,NA,NA,NA,NA,NA,NA,238.7226312,9.347888725,12.1,6.67,23.11,2.8,9.31,onwe3,NA,NA,NA,NA,NA,NA,NA,NA,NA,NA,NA,NA,NA,NA,NA,NA,NA,NA,NA,NA,NA,NA,NA,NA,NA,NA,NA,NA,NA,NA,NA,NA,NA,NA,NA,NA,NA,NA,NA,0,FALSE,0,0,0,NA,NA,NA,NA,NA,NA,NA,NA
540,paakoso 1a,1.015,1.51,1.28,326.7556655,1.3,1.482555623,Short-duration,Low-intensity,Weak,,0.274847691,0.278922461,35.70207501,278.922461,NA,NA,NA,NA,NA,35.70207501,132.9372878,4.921292625,6.47,6.03,18.03,2.31,12.7,paakoso1,0.006463373,0.010442199,0.020269826,0.118528264,LOD–LOQ,LOD–LOQ,>=LOQ,>=LOQ,FALSE,FALSE,TRUE,TRUE,NA,NA,0.020269826,0.118528264,2,FALSE,PCa+POCC,0.006560324,6.560323595,0.83972142,0.83972142,0.010598832,10.59883199,1.356650494,1.356650494,0.020573873,20.57387339,2.633455794,2.633455794,0.120306188,120.306188,15.39919206,15.39919206,2.352024133,3.799920575,7.376198143,43.13248475,56.6606276,FALSE,0.158039217,20.22901977,20.22901977,4.15107321,4.15107321,6.70645691,6.70645691,13.01820763,13.01820763,76.12426225,76.12426225
541,paakoso 1b,1.006,2.68,1.32,337.923001,1.36,0.558410944,Short-duration,Low-intensity,Weak,,NA,NA,NA,NA,NA,NA,NA,NA,NA,NA,50.16394979,1.79568218,2.63,5.61,9.14,1.21,11.15,paakoso1,NA,NA,NA,NA,NA,NA,NA,NA,NA,NA,NA,NA,NA,NA,NA,NA,NA,NA,NA,NA,NA,NA,NA,NA,NA,NA,NA,NA,NA,NA,NA,NA,NA,NA,NA,NA,NA,NA,NA,0,FALSE,0,0,0,NA,NA,NA,NA,NA,NA,NA,NA
542,paakoso 1c,1.016,2.33,1.48,377.6093434,1.51,1.612951762,Short-duration,Low-intensity,Weak,,NA,NA,NA,NA,NA,NA,NA,NA,NA,NA,45.2732161,1.450287543,2.02,5.56,8.35,1.24,11.31,paakoso1,NA,NA,NA,NA,NA,NA,NA,NA,NA,NA,NA,NA,NA,NA,NA,NA,NA,NA,NA,NA,NA,NA,NA,NA,NA,NA,NA,NA,NA,NA,NA,NA,NA,NA,NA,NA,NA,NA,NA,0,FALSE,0,0,0,NA,NA,NA,NA,NA,NA,NA,NA
543,paakoso 2a,1.005,1.06,1.5,381.6012429,1.51,0.505437846,Short-duration,Low-intensity,Weak,,NA,NA,NA,NA,NA,NA,NA,NA,NA,NA,61.16032405,1.938721823,2.97,5.65,8.17,1.22,13.04,paakoso2,NA,NA,NA,NA,NA,NA,NA,NA,NA,NA,NA,NA,NA,NA,NA,NA,NA,NA,NA,NA,NA,NA,NA,NA,NA,NA,NA,NA,NA,NA,NA,NA,NA,NA,NA,NA,NA,NA,NA,0,FALSE,0,0,0,NA,NA,NA,NA,NA,NA,NA,NA
544,paakoso 2b,1.01,2.92,1.51,386.2161914,1.56,0.961588012,Short-duration,Low-intensity,Weak,,NA,NA,NA,NA,NA,NA,NA,NA,NA,NA,64.2895865,2.013565017,3.17,5.3,11,1.66,11.41,paakoso2,NA,NA,NA,NA,NA,NA,NA,NA,NA,NA,NA,NA,NA,NA,NA,NA,NA,NA,NA,NA,NA,NA,NA,NA,NA,NA,NA,NA,NA,NA,NA,NA,NA,NA,NA,NA,NA,NA,NA,0,FALSE,0,0,0,NA,NA,NA,NA,NA,NA,NA,NA
545,paakoso 2c,1.009,2.37,1.46,372.2649096,1.49,0.906636736,Short-duration,Low-intensity,Weak,,0.187363614,0.189062321,27.60309887,189.062321,NA,NA,NA,NA,NA,27.60309887,115.3883018,3.74942942,5,5.99,11.15,1.63,13.15,paakoso2,0.017636548,0.017137728,0.001541012,0.064175042,>=LOQ,LOD–LOQ,<LOD,>=LOQ,TRUE,FALSE,FALSE,TRUE,0.017636548,NA,NA,0.064175042,2,FALSE,PPa+POCC,0.017795277,17.79527693,2.598110432,2.598110432,0.017291968,17.29196755,2.524627263,2.524627263,0.001554881,1.554881108,0.227012642,0,0.064752617,64.75261738,9.453882137,9.453882137,9.412386793,9.146173315,0.822417232,34.24935071,53.63032805,FALSE,0.101394743,14.80363247,14.57661983,17.55049267,17.82381966,17.0541066,17.319703,1.533492825,0,63.86190791,64.85647733
546,paakoso 3a,1.011,5.08,1.28,327.2404424,1.35,1.057191324,Short-duration,Low-intensity,Weak,,0.214607517,0.216876329,27.76017011,216.876329,NA,NA,NA,NA,NA,27.76017011,136.0458045,5.028907919,6.6,6.78,12.25,1.57,11.84,paakoso3,0.011351816,0.018121636,0.00216782,0.078682455,LOD–LOQ,LOD–LOQ,<LOD,>=LOQ,FALSE,FALSE,FALSE,TRUE,NA,NA,NA,0.078682455,1,FALSE,POCC,0.011476686,11.47668598,1.469015805,1.469015805,0.018320974,18.320974,2.345084671,2.345084671,0.002191666,2.19166602,0.280533251,0,0.079547962,79.54796201,10.18213914,10.18213914,5.29181125,8.447659586,1.010560272,36.6789508,51.4289819,FALSE,0.111537288,14.27677286,13.99623961,10.28955086,10.49578919,16.42587365,16.7551052,1.964962623,0,71.31961287,72.7491056
547,paakoso 3b,1.031,5.19,1.37,350.124718,1.45,3.066130845,Short-duration,Low-intensity,Weak,,NA,NA,NA,NA,NA,NA,NA,NA,NA,NA,184.0937258,6.360213831,8.37,7.25,13.19,1.81,12.3,paakoso3,NA,NA,NA,NA,NA,NA,NA,NA,NA,NA,NA,NA,NA,NA,NA,NA,NA,NA,NA,NA,NA,NA,NA,NA,NA,NA,NA,NA,NA,NA,NA,NA,NA,NA,NA,NA,NA,NA,NA,0,FALSE,0,0,0,NA,NA,NA,NA,NA,NA,NA,NA
548,paakoso 3c,1.004,3.43,1.43,364.4567779,1.48,0.401480274,Short-duration,Low-intensity,Weak,,NA,NA,NA,NA,NA,NA,NA,NA,NA,NA,95.70322084,3.176406121,3.61,7.25,5.24,0.75,10.47,paakoso3,NA,NA,NA,NA,NA,NA,NA,NA,NA,NA,NA,NA,NA,NA,NA,NA,NA,NA,NA,NA,NA,NA,NA,NA,NA,NA,NA,NA,NA,NA,NA,NA,NA,NA,NA,NA,NA,NA,NA,0,FALSE,0,0,0,NA,NA,NA,NA,NA,NA,NA,NA
549,prabon 1a,1.013,0.07,1.08,274.7602307,1.08,1.3392656,Short-duration,Low-intensity,Weak,,0.186940047,0.189443671,20.45991647,189.443671,NA,NA,NA,NA,NA,20.45991647,71.53958198,3.14954652,5.18,4.92,16.43,1.77,11.16,prabon1,0.005903132,0.003668811,NA,0.069571469,LOD–LOQ,<LOD,NA,>=LOQ,FALSE,FALSE,FALSE,TRUE,NA,NA,NA,0.069571469,1,FALSE,POCC,0.005979873,5.979872716,0.645826253,0.645826253,0.003716506,3.716505543,0.401382599,0,NA,NA,NA,NA,0.070475898,70.4758981,7.611396994,7.611396994,3.15654394,1.961799792,NA,37.20150572,42.31984945,FALSE,0.080172276,8.658605846,8.257223248,7.458778755,7.821349065,4.635649269,0,NA,NA,87.90557198,92.17865093
550,prabon 1b,1.014,0.51,1.18,302.3265001,1.19,1.400307258,Short-duration,Low-intensity,Weak,,NA,NA,NA,NA,NA,NA,NA,NA,NA,NA,115.2867178,4.612735586,6.82,5.55,18.64,2.21,10.36,prabon1,NA,NA,NA,NA,NA,NA,NA,NA,NA,NA,NA,NA,NA,NA,NA,NA,NA,NA,NA,NA,NA,NA,NA,NA,NA,NA,NA,NA,NA,NA,NA,NA,NA,NA,NA,NA,NA,NA,NA,0,FALSE,0,0,0,NA,NA,NA,NA,NA,NA,NA,NA
551,prabon 1c,1.011,0.45,1.3,330.6292363,1.3,1.137456475,Short-duration,Low-intensity,Weak,,NA,NA,NA,NA,NA,NA,NA,NA,NA,NA,38.60415559,1.412369417,3.63,4.43,14.24,1.85,11.63,prabon1,NA,NA,NA,NA,NA,NA,NA,NA,NA,NA,NA,NA,NA,NA,NA,NA,NA,NA,NA,NA,NA,NA,NA,NA,NA,NA,NA,NA,NA,NA,NA,NA,NA,NA,NA,NA,NA,NA,NA,0,FALSE,0,0,0,NA,NA,NA,NA,NA,NA,NA,NA
552,prabon 2a,1.032,7.44,0.93,237.187761,1,3.162995814,Short-duration,Low-intensity,Weak,,0.741908174,0.765374699,71.17984701,765.374699,NA,NA,NA,NA,NA,71.17984701,472.2857194,24.08618624,27.68,7.34,41.91,3.9,11.18,prabon2,0.073798,0.067755207,0.287605098,0.204387464,>=LOQ,>=LOQ,>=LOQ,>=LOQ,TRUE,TRUE,TRUE,TRUE,0.073798,0.067755207,0.287605098,0.204387464,4,TRUE,PPa+PSOM+PCa+POCC,0.076159536,76.159536,7.082836848,7.082836848,0.069923374,69.92337362,6.502873747,6.502873747,0.296808461,296.8084611,27.60318689,27.60318689,0.210927863,210.9278628,19.61629124,19.61629124,9.950621062,9.135835522,38.77949735,27.5587713,85.42472523,FALSE,0.653819234,60.80518873,60.80518873,11.64840863,11.64840863,10.69460334,10.69460334,45.39610429,45.39610429,32.26088374,32.26088374
553,prabon 2b,1.012,10.54,1.12,285.2255307,1.25,1.214642066,Short-duration,Low-intensity,Weak,,NA,NA,NA,NA,NA,NA,NA,NA,NA,NA,105.0498984,4.455154213,6.6,5.79,18.38,2.05,10.45,prabon2,NA,NA,NA,NA,NA,NA,NA,NA,NA,NA,NA,NA,NA,NA,NA,NA,NA,NA,NA,NA,NA,NA,NA,NA,NA,NA,NA,NA,NA,NA,NA,NA,NA,NA,NA,NA,NA,NA,NA,0,FALSE,0,0,0,NA,NA,NA,NA,NA,NA,NA,NA
554,prabon 2c,1.01,15.55,1.1,279.9173968,1.3,1.026232479,Short-duration,Low-intensity,Weak,,NA,NA,NA,NA,NA,NA,NA,NA,NA,NA,103.9792514,4.493371201,5.93,5.63,17.62,1.93,10.7,prabon2,NA,NA,NA,NA,NA,NA,NA,NA,NA,NA,NA,NA,NA,NA,NA,NA,NA,NA,NA,NA,NA,NA,NA,NA,NA,NA,NA,NA,NA,NA,NA,NA,NA,NA,NA,NA,NA,NA,NA,0,FALSE,0,0,0,NA,NA,NA,NA,NA,NA,NA,NA
555,prabon 3a,1.107,14.15,0.91,231.4014989,1.04,10.72961984,Short-duration,Low-intensity,Weak,,NA,NA,NA,NA,NA,NA,NA,NA,NA,NA,680.0560479,35.54954457,40.71,7.63,46.43,4.21,10,prabon3,NA,NA,NA,NA,NA,NA,NA,NA,NA,NA,NA,NA,NA,NA,NA,NA,NA,NA,NA,NA,NA,NA,NA,NA,NA,NA,NA,NA,NA,NA,NA,NA,NA,NA,NA,NA,NA,NA,NA,0,FALSE,0,0,0,NA,NA,NA,NA,NA,NA,NA,NA
556,prabon 3b,1.022,7.55,0.99,251.9982165,1.07,2.151516604,Short-duration,Low-intensity,Weak,,0.312238171,0.318956027,31.57664667,318.956027,NA,NA,NA,NA,NA,31.57664667,168.4246355,8.084695191,11.08,5.98,25.28,2.5,9.92,prabon3,0.01193817,0.018224968,0.0074812,0.164941568,>=LOQ,LOD–LOQ,LOD–LOQ,>=LOQ,TRUE,FALSE,FALSE,TRUE,0.01193817,NA,NA,0.164941568,2,FALSE,PPa+POCC,0.01220081,12.20080974,1.207880164,1.207880164,0.018625917,18.6259173,1.843965812,1.843965812,0.007645786,7.6457864,0.756932854,0.756932854,0.168570282,168.5702825,16.68845797,16.68845797,3.825232542,5.839650522,2.39712868,52.85063401,64.91264576,FALSE,0.207042796,20.4972368,20.4972368,5.892892667,5.892892667,8.996167779,8.996167779,3.692853144,3.692853144,81.41808641,81.41808641
557,prabon 3c,1.038,4.09,1.06,270.5575726,1.1,3.841114951,Short-duration,Low-intensity,Weak,,NA,NA,NA,NA,NA,NA,NA,NA,NA,NA,313.3668869,14.01034762,18.53,7.09,27.97,2.97,9.13,prabon3,NA,NA,NA,NA,NA,NA,NA,NA,NA,NA,NA,NA,NA,NA,NA,NA,NA,NA,NA,NA,NA,NA,NA,NA,NA,NA,NA,NA,NA,NA,NA,NA,NA,NA,NA,NA,NA,NA,NA,0,FALSE,0,0,0,NA,NA,NA,NA,NA,NA,NA,NA
558,sawaba 1a,1.024,42.1,0.79,202.2946368,1.36,2.4396906,Long-duration,High-intensity,Strong,,NA,NA,NA,NA,NA,NA,NA,NA,NA,NA,262.5973411,15.70223444,17.79,7.73,22.87,1.81,14.59,sawaba1,NA,NA,NA,NA,NA,NA,NA,NA,NA,NA,NA,NA,NA,NA,NA,NA,NA,NA,NA,NA,NA,NA,NA,NA,NA,NA,NA,NA,NA,NA,NA,NA,NA,NA,NA,NA,NA,NA,NA,0,FALSE,0,0,0,NA,NA,NA,NA,NA,NA,NA,NA
559,sawaba 1b,1.016,30.77,0.95,242.4798615,1.37,1.554825416,Long-duration,High-intensity,Strong,,0.531465551,0.539728912,51.27424664,539.728912,NA,NA,NA,NA,NA,51.27424664,370.3330442,18.47448291,20.39,7.69,20.49,1.95,12.31,sawaba1,0.029130238,0.019084699,0.118030129,0.16950172,>=LOQ,LOD–LOQ,>=LOQ,>=LOQ,TRUE,FALSE,TRUE,TRUE,0.029130238,NA,0.118030129,0.16950172,3,FALSE,PPa+PCa+POCC,0.029596322,29.59632181,2.811650572,2.811650572,0.019390054,19.39005418,1.842055147,1.842055147,0.119918611,119.9186111,11.39226805,11.39226805,0.172213748,172.2137475,16.36030601,16.36030601,5.48355316,3.59255429,22.21830411,31.90745274,63.2018643,FALSE,0.341118735,32.40627978,32.40627978,8.676252228,8.676252228,5.684253668,5.684253668,35.15450748,35.15450748,50.48498662,50.48498662
560,sawaba 1c,1.015,19.9,1.13,287.1165909,1.4,1.533665835,Long-duration,High-intensity,Strong,,NA,NA,NA,NA,NA,NA,NA,NA,NA,NA,564.1768178,23.76908424,25.82,7.84,17.71,1.99,11.38,sawaba1,NA,NA,NA,NA,NA,NA,NA,NA,NA,NA,NA,NA,NA,NA,NA,NA,NA,NA,NA,NA,NA,NA,NA,NA,NA,NA,NA,NA,NA,NA,NA,NA,NA,NA,NA,NA,NA,NA,NA,0,FALSE,0,0,0,NA,NA,NA,NA,NA,NA,NA,NA
561,sawaba 2a,1.015,20.78,1.18,300.8088595,1.48,1.49634573,Long-duration,High-intensity,Strong,,1.203036362,1.221037945,144.0824775,1221.037945,NA,NA,NA,NA,NA,144.0824775,721.6950434,29.02141618,32.56,8.21,16.93,2,12.2,sawaba2,0.104205777,0.028805886,0.341983267,0.384715241,>=LOQ,LOD–LOQ,>=LOQ,>=LOQ,TRUE,FALSE,TRUE,TRUE,0.104205777,NA,0.341983267,0.384715241,3,FALSE,PPa+PCa+POCC,0.105768864,105.7688637,12.48072591,12.48072591,0.029237974,29.23797429,3.450080966,3.450080966,0.347113016,347.113016,40.95933589,40.95933589,0.39048597,390.4859696,46.07734441,46.07734441,8.6622094,2.394518075,28.42770099,31.97983906,71.46426752,FALSE,0.872605824,102.9674872,102.9674872,12.12103573,12.12103573,3.350650832,3.350650832,39.77890207,39.77890207,44.74941137,44.74941137
562,sawaba 2b,1.026,14.73,1.19,303.5932281,1.39,2.643923241,Long-duration,High-intensity,Strong,,NA,NA,NA,NA,NA,NA,NA,NA,NA,NA,774.6646767,30.86577422,34.11,7.94,26.37,3.14,14.44,sawaba2,NA,NA,NA,NA,NA,NA,NA,NA,NA,NA,NA,NA,NA,NA,NA,NA,NA,NA,NA,NA,NA,NA,NA,NA,NA,NA,NA,NA,NA,NA,NA,NA,NA,NA,NA,NA,NA,NA,NA,0,FALSE,0,0,0,NA,NA,NA,NA,NA,NA,NA,NA
563,sawaba 2c,1.035,19.48,1.09,277.9729519,1.34,3.542448303,Long-duration,High-intensity,Strong,,NA,NA,NA,NA,NA,NA,NA,NA,NA,NA,663.9726046,28.89369762,30.86,7.74,36.35,3.96,22.1,sawaba2,NA,NA,NA,NA,NA,NA,NA,NA,NA,NA,NA,NA,NA,NA,NA,NA,NA,NA,NA,NA,NA,NA,NA,NA,NA,NA,NA,NA,NA,NA,NA,NA,NA,NA,NA,NA,NA,NA,NA,0,FALSE,0,0,0,NA,NA,NA,NA,NA,NA,NA,NA
564,sawaba 3a,1.033,15.38,1.21,308.4635343,1.42,3.295840358,Long-duration,High-intensity,Strong,,0.402586587,0.415855198,50.31847896,415.855198,NA,NA,NA,NA,NA,50.31847896,282.480914,11.07747507,12.57,7.63,16.06,1.94,11.62,sawaba3,0.015789382,0.011666949,0.005673008,0.174972182,>=LOQ,LOD–LOQ,LOD–LOQ,>=LOQ,TRUE,FALSE,FALSE,TRUE,0.015789382,NA,NA,0.174972182,2,FALSE,PPa+POCC,0.016310432,16.31043161,1.973562224,1.973562224,0.012051958,12.05195832,1.458286956,1.458286956,0.005860217,5.860217264,0.709086289,0.709086289,0.180746264,180.746264,21.87029794,21.87029794,3.922142054,2.898114145,1.409196589,43.46375009,51.69320288,FALSE,0.214968871,26.01123341,26.01123341,7.587345794,7.587345794,5.606373728,5.606373728,2.726077144,2.726077144,84.08020333,84.08020333
565,sawaba 3b,1.014,37.48,0.92,235.3549101,1.47,1.421296,Long-duration,High-intensity,Strong,,NA,NA,NA,NA,NA,NA,NA,NA,NA,NA,233.6158742,12.00700215,13.35,7.76,12.27,1.13,12.43,sawaba3,NA,NA,NA,NA,NA,NA,NA,NA,NA,NA,NA,NA,NA,NA,NA,NA,NA,NA,NA,NA,NA,NA,NA,NA,NA,NA,NA,NA,NA,NA,NA,NA,NA,NA,NA,NA,NA,NA,NA,0,FALSE,0,0,0,NA,NA,NA,NA,NA,NA,NA,NA
566,sawaba 3c,1.022,31.28,1,256.0501029,1.45,2.202653713,Long-duration,High-intensity,Strong,,NA,NA,NA,NA,NA,NA,NA,NA,NA,NA,443.7256983,20.96259909,22.93,7.86,23.92,2.4,14.81,sawaba3,NA,NA,NA,NA,NA,NA,NA,NA,NA,NA,NA,NA,NA,NA,NA,NA,NA,NA,NA,NA,NA,NA,NA,NA,NA,NA,NA,NA,NA,NA,NA,NA,NA,NA,NA,NA,NA,NA,NA,0,FALSE,0,0,0,NA,NA,NA,NA,NA,NA,NA,NA
567,sawaba 4a,1.013,41.34,0.98,250.865359,1.67,1.305338062,Long-duration,Low-intensity,Moderate,,NA,NA,NA,NA,NA,NA,NA,NA,NA,NA,139.4826546,6.725661573,9.05,7.17,12.66,1.24,11.49,sawaba4,NA,NA,NA,NA,NA,NA,NA,NA,NA,NA,NA,NA,NA,NA,NA,NA,NA,NA,NA,NA,NA,NA,NA,NA,NA,NA,NA,NA,NA,NA,NA,NA,NA,NA,NA,NA,NA,NA,NA,0,FALSE,0,0,0,NA,NA,NA,NA,NA,NA,NA,NA
568,sawaba 4b,1.014,6.52,1.49,380.6580061,1.59,1.445390288,Long-duration,Low-intensity,Moderate,,0.353236277,0.35834192,53.39294608,358.34192,NA,NA,NA,NA,NA,53.39294608,361.607178,11.49099342,12.56,7.78,12.57,1.88,13.86,sawaba4,0.025645468,0.016236211,0.037572027,0.142280999,>=LOQ,LOD–LOQ,>=LOQ,>=LOQ,TRUE,FALSE,TRUE,TRUE,0.025645468,NA,0.037572027,0.142280999,3,FALSE,PPa+PCa+POCC,0.026004505,26.00450455,3.874671178,3.874671178,0.016463518,16.46351795,2.453064175,2.453064175,0.038098035,38.09803538,5.676607271,5.676607271,0.144272933,144.272933,21.49666701,21.49666701,7.256897142,4.594360033,10.63175511,40.26124908,62.74426137,FALSE,0.224838991,33.50100964,33.50100964,11.56583404,11.56583404,7.322358942,7.322358942,16.94458565,16.94458565,64.16722136,64.16722136
569,sawaba 4c,1.063,11.92,1.16,296.9225925,1.31,6.260017908,Long-duration,Low-intensity,Moderate,,NA,NA,NA,NA,NA,NA,NA,NA,NA,NA,415.5726491,16.93008796,20.14,7.81,14.11,1.64,8.73,sawaba4,NA,NA,NA,NA,NA,NA,NA,NA,NA,NA,NA,NA,NA,NA,NA,NA,NA,NA,NA,NA,NA,NA,NA,NA,NA,NA,NA,NA,NA,NA,NA,NA,NA,NA,NA,NA,NA,NA,NA,0,FALSE,0,0,0,NA,NA,NA,NA,NA,NA,NA,NA
570,sepe 1a,1.013,35.94,0.89,227.6914558,1.39,1.330108827,Long-duration,Low-intensity,Moderate,,NA,NA,NA,NA,NA,NA,NA,NA,NA,NA,128.230611,6.812405321,8.02,6.34,17.55,1.57,13.57,sepe1,NA,NA,NA,NA,NA,NA,NA,NA,NA,NA,NA,NA,NA,NA,NA,NA,NA,NA,NA,NA,NA,NA,NA,NA,NA,NA,NA,NA,NA,NA,NA,NA,NA,NA,NA,NA,NA,NA,NA,0,FALSE,0,0,0,NA,NA,NA,NA,NA,NA,NA,NA
571,sepe 1b,1.023,14.52,1,255.064142,1.17,2.272313918,Long-duration,Low-intensity,Moderate,,NA,NA,NA,NA,NA,NA,NA,NA,NA,NA,811.7943321,38.49923576,41.11,7.33,47.81,4.78,22.36,sepe1,NA,NA,NA,NA,NA,NA,NA,NA,NA,NA,NA,NA,NA,NA,NA,NA,NA,NA,NA,NA,NA,NA,NA,NA,NA,NA,NA,NA,NA,NA,NA,NA,NA,NA,NA,NA,NA,NA,NA,0,FALSE,0,0,0,NA,NA,NA,NA,NA,NA,NA,NA
572,sepe 1c,1.061,14.85,1.01,256.9748124,1.17,6.08043544,Long-duration,Low-intensity,Moderate,,1.433457973,1.520618459,153.5824644,1520.618459,NA,NA,NA,NA,NA,153.5824644,542.7834827,25.55003899,29.66,7.48,37.89,3.82,14.65,sepe1,0.186366303,0.042320402,0.661643211,0.197483182,>=LOQ,>=LOQ,>=LOQ,>=LOQ,TRUE,TRUE,TRUE,TRUE,0.186366303,0.042320402,0.661643211,0.197483182,4,TRUE,PPa+PSOM+PCa+POCC,0.197734647,197.7346475,19.9711994,19.9711994,0.044901947,44.90194652,4.535096599,4.535096599,0.702003447,702.0034469,70.90234813,70.90234813,0.209529656,209.5296561,21.16249527,21.16249527,13.00356748,2.952873961,46.16565337,13.77923929,75.9013341,FALSE,1.154169697,116.5711394,116.5711394,17.13219884,17.13219884,3.890411145,3.890411145,60.82324365,60.82324365,18.15414637,18.15414637
573,sepe 2a,1.015,42.29,0.83,210.9449067,1.42,1.453030231,Long-duration,Low-intensity,Moderate,,NA,NA,NA,NA,NA,NA,NA,NA,NA,NA,194.0957862,11.13018966,13.43,7.01,26.7,2.21,15.04,sepe2,NA,NA,NA,NA,NA,NA,NA,NA,NA,NA,NA,NA,NA,NA,NA,NA,NA,NA,NA,NA,NA,NA,NA,NA,NA,NA,NA,NA,NA,NA,NA,NA,NA,NA,NA,NA,NA,NA,NA,0,FALSE,0,0,0,NA,NA,NA,NA,NA,NA,NA,NA
574,sepe 2b,1.015,29.39,1.04,265.8234818,1.47,1.533543311,Long-duration,Low-intensity,Moderate,,0.403253658,0.409437727,42.58152361,409.437727,NA,NA,NA,NA,NA,42.58152361,176.6498259,8.038506612,10.55,6.7,19.62,2.04,10.67,sepe2,0.040013656,0.010551384,0.002028933,0.21100182,>=LOQ,LOD–LOQ,<LOD,>=LOQ,TRUE,FALSE,FALSE,TRUE,0.040013656,NA,NA,0.21100182,2,FALSE,PPa+POCC,0.040613861,40.61386084,4.223841527,4.223841527,0.010709655,10.70965476,1.113804095,1.113804095,0.002059367,2.059366995,0.214174167,0,0.214166847,214.1668473,22.27335212,22.27335212,9.91942319,2.615698079,0.502974411,52.30755086,65.34564654,FALSE,0.26754973,27.82517191,27.61099774,15.17992967,15.297678,4.002865099,4.033914694,0.769713726,0,80.0474915,80.66840731
575,sepe 2c,1.036,14.42,1.4,356.0463331,1.62,3.562364135,Long-duration,Low-intensity,Moderate,,NA,NA,NA,NA,NA,NA,NA,NA,NA,NA,130.8680069,4.446133232,6.22,5.56,16.1,2.25,12.02,sepe2,NA,NA,NA,NA,NA,NA,NA,NA,NA,NA,NA,NA,NA,NA,NA,NA,NA,NA,NA,NA,NA,NA,NA,NA,NA,NA,NA,NA,NA,NA,NA,NA,NA,NA,NA,NA,NA,NA,NA,0,FALSE,0,0,0,NA,NA,NA,NA,NA,NA,NA,NA
576,sepe 3a,1.028,8.45,1.45,369.6322046,1.58,2.791368075,Long-duration,Low-intensity,Moderate,,0.243923821,0.250732632,36.35623164,250.732632,NA,NA,NA,NA,NA,36.35623164,143.3897061,4.692493434,6.97,6.3,10.99,1.59,10.54,sepe3,0.003699898,0.006419775,NA,0.11687363,LOD–LOQ,<LOD,NA,>=LOQ,FALSE,FALSE,FALSE,TRUE,NA,NA,NA,0.11687363,1,FALSE,POCC,0.003803495,3.803495144,0.551506796,0.551506796,0.006599529,6.5995287,0.956931662,0,NA,NA,NA,NA,0.120146092,120.1460916,17.42118329,17.42118329,1.516952586,2.632098043,NA,47.91801158,52.06706221,FALSE,0.130549115,18.92962175,17.97269008,2.913459145,3.068582351,5.055207518,0,NA,NA,92.03133334,96.93141765
577,sepe 3b,1.136,2.49,1.39,354.559659,1.42,13.63390893,Long-duration,Low-intensity,Moderate,,NA,NA,NA,NA,NA,NA,NA,NA,NA,NA,151.3578628,5.163820861,6.69,5.61,17.79,2.47,11.56,sepe3,NA,NA,NA,NA,NA,NA,NA,NA,NA,NA,NA,NA,NA,NA,NA,NA,NA,NA,NA,NA,NA,NA,NA,NA,NA,NA,NA,NA,NA,NA,NA,NA,NA,NA,NA,NA,NA,NA,NA,0,FALSE,0,0,0,NA,NA,NA,NA,NA,NA,NA,NA
578,sepe 3c,1.02,2.33,1.36,347.0714732,1.39,1.993401155,Long-duration,Low-intensity,Moderate,,NA,NA,NA,NA,NA,NA,NA,NA,NA,NA,119.158133,4.152984139,5.3,5.19,15.7,2.14,10.92,sepe3,NA,NA,NA,NA,NA,NA,NA,NA,NA,NA,NA,NA,NA,NA,NA,NA,NA,NA,NA,NA,NA,NA,NA,NA,NA,NA,NA,NA,NA,NA,NA,NA,NA,NA,NA,NA,NA,NA,NA,0,FALSE,0,0,0,NA,NA,NA,NA,NA,NA,NA,NA
579,sepe 4a,1.01,10.2,1.39,354.6124686,1.55,0.989116769,Long-duration,Low-intensity,Moderate,,0.147922506,0.149385632,20.76460285,149.385632,NA,NA,NA,NA,NA,20.76460285,44.62563395,1.522249705,2.83,4.7,12.16,1.69,12.4,sepe4,0.005574192,0.003766912,5.34E-05,0.054448464,LOD–LOQ,<LOD,<LOD,>=LOQ,FALSE,FALSE,FALSE,TRUE,NA,NA,NA,0.054448464,1,FALSE,POCC,0.005629934,5.62993392,0.782560815,0.782560815,0.003804581,3.80458112,0.528836776,0,5.39E-05,0.053947332,0.007498679,0,0.054992949,54.99294864,7.644019861,7.644019861,3.768725174,2.546818639,0.036112798,36.8127429,43.16439951,FALSE,0.064481411,8.962916131,8.426580676,8.731096035,9.286813299,5.900275847,0,0.083663386,0,85.28496473,90.7131867
580,sepe 4b,1.015,4.59,1.44,368.6368585,1.51,1.544376625,Long-duration,Low-intensity,Moderate,,NA,NA,NA,NA,NA,NA,NA,NA,NA,NA,44.838382,1.47131844,2.63,4.77,10.66,1.54,12.63,sepe4,NA,NA,NA,NA,NA,NA,NA,NA,NA,NA,NA,NA,NA,NA,NA,NA,NA,NA,NA,NA,NA,NA,NA,NA,NA,NA,NA,NA,NA,NA,NA,NA,NA,NA,NA,NA,NA,NA,NA,0,FALSE,0,0,0,NA,NA,NA,NA,NA,NA,NA,NA
581,sepe 4c,1.008,3.77,1.47,374.4418881,1.52,0.792676242,Long-duration,Low-intensity,Moderate,,NA,NA,NA,NA,NA,NA,NA,NA,NA,NA,67.20771234,2.171151795,3.33,5.51,12.75,1.87,13.01,sepe4,NA,NA,NA,NA,NA,NA,NA,NA,NA,NA,NA,NA,NA,NA,NA,NA,NA,NA,NA,NA,NA,NA,NA,NA,NA,NA,NA,NA,NA,NA,NA,NA,NA,NA,NA,NA,NA,NA,NA,0,FALSE,0,0,0,NA,NA,NA,NA,NA,NA,NA,NA
582,sepe 5a,1.021,5.21,1.26,322.6948751,1.33,2.074754016,Long-duration,Low-intensity,Moderate,,NA,NA,NA,NA,NA,NA,NA,NA,NA,NA,266.5357926,9.991230338,12.92,6.93,21.88,2.77,11.48,sepe5,NA,NA,NA,NA,NA,NA,NA,NA,NA,NA,NA,NA,NA,NA,NA,NA,NA,NA,NA,NA,NA,NA,NA,NA,NA,NA,NA,NA,NA,NA,NA,NA,NA,NA,NA,NA,NA,NA,NA,0,FALSE,0,0,0,NA,NA,NA,NA,NA,NA,NA,NA
583,sepe 5b,1.053,26.92,1.13,289.3609847,1.53,5.339011184,Long-duration,Low-intensity,Moderate,,0.411586948,0.433561622,48.99246329,433.561622,NA,NA,NA,NA,NA,48.99246329,129.2593643,5.403529711,7.04,6.61,11.64,1.32,11.84,sepe5,0.037525124,0.010760357,0.00309671,0.170447957,>=LOQ,LOD–LOQ,<LOD,>=LOQ,TRUE,FALSE,FALSE,TRUE,0.037525124,NA,NA,0.170447957,2,FALSE,PPa+POCC,0.039513956,39.51395557,4.46507698,4.46507698,0.011330656,11.33065592,1.280364119,1.280364119,0.003260836,3.26083563,0.368474426,0,0.179481699,179.4816987,20.28143196,20.28143196,9.113803798,2.613389965,0.752104306,41.39704476,53.87634283,FALSE,0.233587146,26.39534748,26.02687305,16.91615154,17.15564129,4.850718938,4.9193928,1.395982479,0,76.83714704,77.92496591
584,sepe 5c,1.012,24.89,1.16,297.0973607,1.55,1.222710056,Long-duration,Low-intensity,Moderate,,NA,NA,NA,NA,NA,NA,NA,NA,NA,NA,145.1037716,5.907930926,7.78,6.52,16.17,1.88,11.7,sepe5,NA,NA,NA,NA,NA,NA,NA,NA,NA,NA,NA,NA,NA,NA,NA,NA,NA,NA,NA,NA,NA,NA,NA,NA,NA,NA,NA,NA,NA,NA,NA,NA,NA,NA,NA,NA,NA,NA,NA,0,FALSE,0,0,0,NA,NA,NA,NA,NA,NA,NA,NA
585,sepe 6a,1.008,3.58,1.52,388.9324993,1.58,0.811837705,Long-duration,Low-intensity,Moderate,,NA,NA,NA,NA,NA,NA,NA,NA,NA,NA,44.69754285,1.390160411,2.46,5.28,10.88,1.66,12.69,sepe6,NA,NA,NA,NA,NA,NA,NA,NA,NA,NA,NA,NA,NA,NA,NA,NA,NA,NA,NA,NA,NA,NA,NA,NA,NA,NA,NA,NA,NA,NA,NA,NA,NA,NA,NA,NA,NA,NA,NA,0,FALSE,0,0,0,NA,NA,NA,NA,NA,NA,NA,NA
586,sepe 6b,1.024,6.77,1.3,330.6537414,1.39,2.369928902,Long-duration,Low-intensity,Moderate,,0.197887324,0.202577113,26.33502469,202.577113,NA,NA,NA,NA,NA,26.33502469,126.5332723,4.628995943,6.39,6.34,15.01,1.95,12.51,sepe6,0.003246006,0.005620838,0.000902438,0.087139072,<LOD,<LOD,<LOD,>=LOQ,FALSE,FALSE,FALSE,TRUE,NA,NA,NA,0.087139072,1,FALSE,POCC,0.00332391,3.323910144,0.432108319,0,0.005755738,5.755738112,0.748245955,0,0.000924097,0.924096512,0.120132547,0,0.08923041,89.23040973,11.59995326,11.59995326,1.640812279,2.841257843,0.456170245,44.04762631,48.98586668,FALSE,0.099234154,12.90044008,11.59995326,3.349562619,0,5.800158364,0,0.931228282,0,89.91905074,100
587,sepe 6c,1.009,2.58,1.45,370.7048209,1.49,0.932056686,Long-duration,Low-intensity,Moderate,,NA,NA,NA,NA,NA,NA,NA,NA,NA,NA,121.0313533,3.949345758,5.12,6.24,10.92,1.59,11.84,sepe6,NA,NA,NA,NA,NA,NA,NA,NA,NA,NA,NA,NA,NA,NA,NA,NA,NA,NA,NA,NA,NA,NA,NA,NA,NA,NA,NA,NA,NA,NA,NA,NA,NA,NA,NA,NA,NA,NA,NA,0,FALSE,0,0,0,NA,NA,NA,NA,NA,NA,NA,NA
588,sewia 1a,1.03,1.99,1.64,418.5254983,1.67,3.028370263,Short-duration,High-intensity,Mild,,NA,NA,NA,NA,NA,NA,NA,NA,NA,NA,86.36640294,2.496194441,3.13,5.95,5.49,0.9,18.25,sewia1,NA,NA,NA,NA,NA,NA,NA,NA,NA,NA,NA,NA,NA,NA,NA,NA,NA,NA,NA,NA,NA,NA,NA,NA,NA,NA,NA,NA,NA,NA,NA,NA,NA,NA,NA,NA,NA,NA,NA,0,FALSE,0,0,0,NA,NA,NA,NA,NA,NA,NA,NA
589,sewia 1b,1.004,6.43,1.45,370.4142434,1.55,0.422704199,Short-duration,High-intensity,Mild,,0.072433622,0.072739802,10.54727129,72.739802,NA,NA,NA,NA,NA,10.54727129,72.03166583,2.352292274,2.89,7.4,2.8,0.41,58.09,sewia1,0.008928852,0.011462478,0.000677335,0.02778989,LOD–LOQ,LOD–LOQ,<LOD,LOD–LOQ,FALSE,FALSE,FALSE,FALSE,NA,NA,NA,NA,0,FALSE,NA,0.008964567,8.964567408,1.299862274,1.299862274,0.011508328,11.50832791,1.668707547,1.668707547,0.000680044,0.68004434,0.098606429,0,0.02790105,27.90104956,4.045652186,4.045652186,12.32415701,15.82122524,0.934899905,38.35733504,67.43761719,FALSE,0.049053989,7.112828437,7.014222008,18.27489986,18.5318097,23.46053419,23.79034404,1.386318118,0,56.87824783,57.67784626
590,sewia 1c,1.008,3.1,1.51,385.9626971,1.56,0.794714855,Short-duration,High-intensity,Mild,,NA,NA,NA,NA,99,99.792,0.099792,15.068592,14.38910177,14.38910177,132.4893909,4.152324375,5.08,6.86,8.01,1.21,15.03,sewia1,NA,NA,NA,NA,NA,NA,NA,NA,NA,NA,NA,NA,NA,NA,NA,NA,NA,NA,NA,NA,NA,NA,NA,NA,NA,NA,NA,NA,NA,NA,NA,NA,NA,NA,NA,NA,NA,NA,NA,0,FALSE,0,0,0,NA,NA,NA,NA,NA,NA,NA,NA
591,sewia 2a,1.007,2.94,1.53,389.5890291,1.57,0.667619125,Short-duration,High-intensity,Mild,,NA,NA,NA,NA,NA,NA,NA,NA,NA,NA,296.1248566,9.194405352,10.04,7.82,7.06,1.08,12.55,sewia2,NA,NA,NA,NA,NA,NA,NA,NA,NA,NA,NA,NA,NA,NA,NA,NA,NA,NA,NA,NA,NA,NA,NA,NA,NA,NA,NA,NA,NA,NA,NA,NA,NA,NA,NA,NA,NA,NA,NA,0,FALSE,0,0,0,NA,NA,NA,NA,NA,NA,NA,NA
592,sewia 2b,1.04,1.61,1.47,374.4433227,1.49,4.021083125,Short-duration,High-intensity,Mild,,0.154867679,0.161095037,23.68097044,161.095037,NA,NA,NA,NA,NA,23.68097044,217.3057424,7.020056607,9.07,7.93,7.41,1.09,11.59,sewia2,0.008969331,0.009146002,0.000580743,0.062417956,LOD–LOQ,<LOD,<LOD,>=LOQ,FALSE,FALSE,FALSE,TRUE,NA,NA,NA,0.062417956,1,FALSE,POCC,0.009328104,9.32810424,1.371231323,1.371231323,0.009511842,9.51184208,1.398240786,0,0.000603973,0.60397272,0.08878399,0,0.064914674,64.91467424,9.542457113,9.542457113,5.790435518,5.904491074,0.374917025,40.2958871,52.36573072,FALSE,0.084358593,12.40071321,10.91368844,11.05768112,12.56432535,11.27548684,0,0.715958738,0,76.95087331,87.43567465
593,sewia 2c,1.012,1.76,1.67,425.4116186,1.7,1.174951793,Short-duration,High-intensity,Mild,,NA,NA,NA,NA,NA,NA,NA,NA,NA,NA,119.2428367,3.390614803,4.32,6.99,5.24,0.87,14.85,sewia2,NA,NA,NA,NA,NA,NA,NA,NA,NA,NA,NA,NA,NA,NA,NA,NA,NA,NA,NA,NA,NA,NA,NA,NA,NA,NA,NA,NA,NA,NA,NA,NA,NA,NA,NA,NA,NA,NA,NA,0,FALSE,0,0,0,NA,NA,NA,NA,NA,NA,NA,NA
594,sewia 3a,1.012,2.14,1.62,414.1710133,1.66,1.245617511,Short-duration,High-intensity,Mild,,NA,NA,NA,NA,NA,NA,NA,NA,NA,NA,160.9877138,4.701847446,5.24,7.19,8.2,1.33,13.41,sewia3,NA,NA,NA,NA,NA,NA,NA,NA,NA,NA,NA,NA,NA,NA,NA,NA,NA,NA,NA,NA,NA,NA,NA,NA,NA,NA,NA,NA,NA,NA,NA,NA,NA,NA,NA,NA,NA,NA,NA,0,FALSE,0,0,0,NA,NA,NA,NA,NA,NA,NA,NA
595,sewia 3b,1.006,3.09,1.56,397.4421453,1.61,0.648611319,Short-duration,High-intensity,Mild,,0.101004801,0.10165993,15.85894908,101.65993,NA,NA,NA,NA,NA,15.85894908,140.8652948,4.287316959,5.11,7.06,8.86,1.38,12.65,sewia3,0.00366024,0.010362754,0.00055346,0.039752114,LOD–LOQ,LOD–LOQ,<LOD,>=LOQ,FALSE,FALSE,FALSE,TRUE,NA,NA,NA,0.039752114,1,FALSE,POCC,0.003682201,3.68220144,0.574423425,0.574423425,0.010424931,10.42493052,1.626289162,1.626289162,0.000556781,0.55678076,0.086857799,0,0.039990627,39.99062668,6.238537763,6.238537763,3.622077489,10.25470952,0.547689498,39.33764924,53.76212575,FALSE,0.054654539,8.526108148,8.439250349,6.737228929,6.806569315,19.07422629,19.27054056,1.018727385,0,73.1698174,73.92289012
596,sewia 3c,1.008,3.11,1.48,377.2369159,1.53,0.82523316,Short-duration,High-intensity,Mild,,NA,NA,NA,NA,NA,NA,NA,NA,NA,NA,259.6177875,8.324837418,9.3,7.61,10.77,1.59,11.52,sewia3,NA,NA,NA,NA,NA,NA,NA,NA,NA,NA,NA,NA,NA,NA,NA,NA,NA,NA,NA,NA,NA,NA,NA,NA,NA,NA,NA,NA,NA,NA,NA,NA,NA,NA,NA,NA,NA,NA,NA,0,FALSE,0,0,0,NA,NA,NA,NA,NA,NA,NA,NA
597,sewia 4a,1.013,7.46,1.15,294.396067,1.25,1.312494783,Short-duration,Low-intensity,Weak,,NA,NA,NA,NA,185,187.405,0.187405,21.551575,20.57974667,20.57974667,102.342563,4.20513349,5.86,6.01,16.98,1.96,10.22,sewia4,NA,NA,NA,NA,NA,NA,NA,NA,NA,NA,NA,NA,NA,NA,NA,NA,NA,NA,NA,NA,NA,NA,NA,NA,NA,NA,NA,NA,NA,NA,NA,NA,NA,NA,NA,NA,NA,NA,NA,0,FALSE,0,0,0,NA,NA,NA,NA,NA,NA,NA,NA
598,sewia 4b,1.017,0.91,1.33,340.41833,1.35,1.718964434,Short-duration,Low-intensity,Weak,,NA,NA,NA,NA,NA,NA,NA,NA,NA,NA,841.4113705,29.89860609,38.5,8.3,16.79,2.24,11.76,sewia4,NA,NA,NA,NA,NA,NA,NA,NA,NA,NA,NA,NA,NA,NA,NA,NA,NA,NA,NA,NA,NA,NA,NA,NA,NA,NA,NA,NA,NA,NA,NA,NA,NA,NA,NA,NA,NA,NA,NA,0,FALSE,0,0,0,NA,NA,NA,NA,NA,NA,NA,NA
599,sewia 4c,1.014,8.8,1.15,292.5282819,1.26,1.374813418,Short-duration,Low-intensity,Weak,,0.216382806,0.219357666,25.22613159,219.357666,NA,NA,NA,NA,NA,25.22613159,144.9568463,5.994132974,7.99,6.23,18.36,2.11,9.18,sewia4,0.004753504,0.014876898,0.00999382,0.097738998,LOD–LOQ,LOD–LOQ,LOD–LOQ,>=LOQ,FALSE,FALSE,FALSE,TRUE,NA,NA,NA,0.097738998,1,FALSE,POCC,0.004820053,4.820053056,0.554306101,0.554306101,0.015085175,15.08517457,1.734795076,1.734795076,0.010133733,10.13373348,1.16537935,1.16537935,0.099107344,99.10734397,11.39734456,11.39734456,2.197348807,6.87697624,4.619730719,45.18070682,58.87476259,FALSE,0.129146305,14.85182508,14.85182508,3.732242322,3.732242322,11.68068615,11.68068615,7.846708021,7.846708021,76.74036351,76.74036351
600,sewia 5a,1.028,9.16,1.04,266.0798501,1.15,2.822517346,Short-duration,Low-intensity,Weak,,NA,NA,NA,NA,NA,NA,NA,NA,NA,NA,128.9797367,5.863608969,7.89,6.46,24.42,2.55,9.95,sewia5,NA,NA,NA,NA,NA,NA,NA,NA,NA,NA,NA,NA,NA,NA,NA,NA,NA,NA,NA,NA,NA,NA,NA,NA,NA,NA,NA,NA,NA,NA,NA,NA,NA,NA,NA,NA,NA,NA,NA,0,FALSE,0,0,0,NA,NA,NA,NA,NA,NA,NA,NA
601,sewia 5b,1.011,11.3,1.13,287.158164,1.27,1.104560623,Short-duration,Low-intensity,Weak,,0.144908179,0.146508778,16.55549191,146.508778,NA,NA,NA,NA,NA,16.55549191,86.76574612,3.654960094,5.18,5.79,16.17,1.82,10.62,sewia5,0.005244744,0.011158001,0.001036811,0.074221182,LOD–LOQ,LOD–LOQ,<LOD,>=LOQ,FALSE,FALSE,FALSE,TRUE,NA,NA,NA,0.074221182,1,FALSE,POCC,0.005302436,5.302436184,0.599175289,0.599175289,0.011280739,11.28073901,1.274723508,1.274723508,0.001048216,1.048215921,0.118448399,0,0.075037615,75.037615,8.479250495,8.479250495,3.619193509,7.699701796,0.715462879,51.21714618,63.25150437,FALSE,0.092669006,10.47159769,10.35314929,5.721908981,5.787372247,12.17315204,12.31242274,1.131139703,0,80.97379927,81.90020501
602,sewia 5c,1.016,8.82,1.03,263.121123,1.13,1.633801538,Short-duration,Low-intensity,Weak,,NA,NA,NA,NA,NA,NA,NA,NA,NA,NA,192.5288054,8.851064462,11.4,6.72,24.33,2.51,9.39,sewia5,NA,NA,NA,NA,NA,NA,NA,NA,NA,NA,NA,NA,NA,NA,NA,NA,NA,NA,NA,NA,NA,NA,NA,NA,NA,NA,NA,NA,NA,NA,NA,NA,NA,NA,NA,NA,NA,NA,NA,0,FALSE,0,0,0,NA,NA,NA,NA,NA,NA,NA,NA
603,sewia 6a,1.011,13.79,1.09,278.3411791,1.26,1.098946584,Short-duration,Low-intensity,Weak,,NA,NA,NA,NA,NA,NA,NA,NA,NA,NA,99.13580169,4.308326042,5.7,5.69,14.69,1.6,10.37,sewia6,0.006050298,0.012802648,0.000974187,0.068484961,LOD–LOQ,LOD–LOQ,<LOD,>=LOQ,FALSE,FALSE,FALSE,TRUE,NA,NA,NA,0.068484961,1,FALSE,POCC,0.006116851,6.116851278,0.666736789,0.666736789,0.012943477,12.94347713,1.410839007,1.410839007,0.000984903,0.984903057,0.107354433,0,0.069238296,69.23829557,7.546974217,7.546974217,NA,NA,NA,NA,0,FALSE,0.089283527,9.731904447,9.624550013,6.851041263,6.927459345,14.49704952,14.65875293,1.103118447,0,77.54879077,78.41378773
604,sewia 6b,1.022,6.59,1.02,260.6986808,1.09,2.24831178,Short-duration,Low-intensity,Weak,,NA,NA,NA,NA,NA,NA,NA,NA,NA,NA,88.02824549,4.084498247,5.51,5.19,18.67,1.91,10.64,sewia6,NA,NA,NA,NA,NA,NA,NA,NA,NA,NA,NA,NA,NA,NA,NA,NA,NA,NA,NA,NA,NA,NA,NA,NA,NA,NA,NA,NA,NA,NA,NA,NA,NA,NA,NA,NA,NA,NA,NA,0,FALSE,0,0,0,NA,NA,NA,NA,NA,NA,NA,NA
605,sewia 6c,1.037,5.98,1.05,268.5654208,1.12,3.69168121,Short-duration,Low-intensity,Weak,,NA,NA,NA,NA,NA,NA,NA,NA,NA,NA,129.5580266,5.835387915,7.79,5.23,25.71,2.71,9.79,sewia6,NA,NA,NA,NA,NA,NA,NA,NA,NA,NA,NA,NA,NA,NA,NA,NA,NA,NA,NA,NA,NA,NA,NA,NA,NA,NA,NA,NA,NA,NA,NA,NA,NA,NA,NA,NA,NA,NA,NA,0,FALSE,0,0,0,NA,NA,NA,NA,NA,NA,NA,NA
606,sokoban 1a,1.053,5.85,1.27,324.937624,1.35,5.290977324,Short-duration,Low-intensity,Weak,,0.56652259,0.596497171,75.75514072,596.497171,NA,NA,NA,NA,NA,75.75514072,832.0763895,30.97552672,45.16,8.6,22.26,2.84,9.18,sokoban1,0.020819583,0.017657425,0.01153131,0.341427146,>=LOQ,LOD–LOQ,>=LOQ,>=LOQ,TRUE,FALSE,TRUE,TRUE,0.020819583,NA,0.01153131,0.341427146,3,FALSE,PPa+PCa+POCC,0.021923021,21.9230209,2.784223654,2.784223654,0.018593269,18.59326853,2.361345103,2.361345103,0.012142469,12.14246943,1.542093618,1.542093618,0.359522785,359.5227847,45.65939366,45.65939366,3.675293357,3.117075726,2.035629006,60.27233694,69.10033503,FALSE,0.412181544,52.34705604,52.34705604,5.318777912,5.318777912,4.510941553,4.510941553,2.945903236,2.945903236,87.2243773,87.2243773
607,sokoban 1b,1.015,35.29,1.09,278.0385123,1.68,1.467957692,Short-duration,Low-intensity,Weak,,NA,NA,NA,NA,NA,NA,NA,NA,NA,NA,95.92425555,4.173294021,6.37,6.79,12.69,1.38,11.47,sokoban1,NA,NA,NA,NA,NA,NA,NA,NA,NA,NA,NA,NA,NA,NA,NA,NA,NA,NA,NA,NA,NA,NA,NA,NA,NA,NA,NA,NA,NA,NA,NA,NA,NA,NA,NA,NA,NA,NA,NA,0,FALSE,0,0,0,NA,NA,NA,NA,NA,NA,NA,NA
608,sokoban 1c,1.014,0.65,1.47,375.3808051,1.48,1.374389647,Short-duration,Low-intensity,Weak,,NA,NA,NA,NA,NA,NA,NA,NA,NA,NA,140.6379333,4.531958413,6.4,5.92,15.45,2.27,10.32,sokoban1,NA,NA,NA,NA,NA,NA,NA,NA,NA,NA,NA,NA,NA,NA,NA,NA,NA,NA,NA,NA,NA,NA,NA,NA,NA,NA,NA,NA,NA,NA,NA,NA,NA,NA,NA,NA,NA,NA,NA,0,FALSE,0,0,0,NA,NA,NA,NA,NA,NA,NA,NA
609,sokoban 2a,1.008,1.41,1.6,409.3002276,1.63,0.774437008,Short-duration,Low-intensity,Weak,,NA,NA,NA,NA,NA,NA,NA,NA,NA,NA,84.12493606,2.486212598,3.41,5.66,8.63,1.38,16.88,sokoban2,NA,NA,NA,NA,NA,NA,NA,NA,NA,NA,NA,NA,NA,NA,NA,NA,NA,NA,NA,NA,NA,NA,NA,NA,NA,NA,NA,NA,NA,NA,NA,NA,NA,NA,NA,NA,NA,NA,NA,0,FALSE,0,0,0,NA,NA,NA,NA,NA,NA,NA,NA
610,sokoban 2b,1.032,0.43,1.51,384.7709014,1.51,3.186077353,Short-duration,Low-intensity,Weak,,NA,NA,NA,NA,NA,NA,NA,NA,NA,NA,142.4583754,4.478589611,6.04,5.88,12.88,1.94,12.32,sokoban2,NA,NA,NA,NA,NA,NA,NA,NA,NA,NA,NA,NA,NA,NA,NA,NA,NA,NA,NA,NA,NA,NA,NA,NA,NA,NA,NA,NA,NA,NA,NA,NA,NA,NA,NA,NA,NA,NA,NA,0,FALSE,0,0,0,NA,NA,NA,NA,NA,NA,NA,NA
611,sokoban 2c,1.023,7.07,1.26,321.1259137,1.35,2.299436441,Short-duration,Low-intensity,Weak,,0.429068556,0.438934715,55.30577409,438.934715,NA,NA,NA,NA,NA,55.30577409,559.1914129,21.06399012,25.24,7.74,25.51,3.21,10.77,sokoban2,0.022927535,0.020302477,0.0649198,0.105907905,>=LOQ,LOD–LOQ,>=LOQ,>=LOQ,TRUE,FALSE,TRUE,TRUE,0.022927535,NA,0.0649198,0.105907905,3,FALSE,PPa+PCa+POCC,0.023454868,23.45486831,2.955313406,2.955313406,0.020769434,20.76943397,2.61694868,2.61694868,0.066412955,66.4129554,8.36803238,8.36803238,0.108343787,108.3437868,13.65131714,13.65131714,5.343589264,4.731782031,15.13048595,24.68334882,49.88920607,FALSE,0.218981044,27.59161161,27.59161161,10.71091261,10.71091261,9.48458074,9.48458074,30.32817546,30.32817546,49.47633119,49.47633119
612,sokoban 3a,1.011,13.51,1.34,343.1535821,1.55,1.083018832,Short-duration,Low-intensity,Weak,,NA,NA,NA,NA,NA,NA,NA,NA,NA,NA,364.6510203,12.85418062,14.36,7.97,10.52,1.41,15.37,sokoban3,NA,NA,NA,NA,NA,NA,NA,NA,NA,NA,NA,NA,NA,NA,NA,NA,NA,NA,NA,NA,NA,NA,NA,NA,NA,NA,NA,NA,NA,NA,NA,NA,NA,NA,NA,NA,NA,NA,NA,0,FALSE,0,0,0,NA,NA,NA,NA,NA,NA,NA,NA
613,sokoban 3b,1.008,21.45,1.23,314.6450665,1.57,0.834252246,Short-duration,Low-intensity,Weak,,NA,NA,NA,NA,NA,NA,NA,NA,NA,NA,89.00313951,3.421684019,4.54,6.17,10.21,1.26,17.33,sokoban3,NA,NA,NA,NA,NA,NA,NA,NA,NA,NA,NA,NA,NA,NA,NA,NA,NA,NA,NA,NA,NA,NA,NA,NA,NA,NA,NA,NA,NA,NA,NA,NA,NA,NA,NA,NA,NA,NA,NA,0,FALSE,0,0,0,NA,NA,NA,NA,NA,NA,NA,NA
614,sokoban 3c,1.012,6.74,1.39,353.7903288,1.49,1.229448868,Short-duration,Low-intensity,Weak,,0.170857364,0.172957968,24.04115755,172.957968,194,196.328,0.196328,27.289592,26.05901843,24.04115755,130.1678067,4.450544338,5.84,5.97,13.13,1.82,15.28,sokoban3,0.004459466,0.00779689,0.001077328,0.065766889,LOD–LOQ,<LOD,<LOD,>=LOQ,FALSE,FALSE,FALSE,TRUE,NA,NA,NA,0.065766889,1,FALSE,POCC,0.00451298,4.512979592,0.627304163,0.627304163,0.007890453,7.89045268,1.096772923,0,0.001090256,1.090255936,0.151545575,0,0.066556092,66.55609167,9.251296742,9.251296742,2.609292676,4.562063703,0.630358895,38.48107863,46.28279391,FALSE,0.08004978,11.1269194,9.878600905,5.63771643,6.350131656,9.856932389,0,1.361972435,0,83.14337875,93.64986834
615,sokoban 4a,1.068,10.13,1.02,260.3589439,1.13,6.833280187,Short-duration,Low-intensity,Weak,,NA,NA,NA,NA,NA,NA,NA,NA,NA,NA,134.7876041,6.262286808,8.73,5.28,28.73,2.93,10.04,sokoban4,NA,NA,NA,NA,NA,NA,NA,NA,NA,NA,NA,NA,NA,NA,NA,NA,NA,NA,NA,NA,NA,NA,NA,NA,NA,NA,NA,NA,NA,NA,NA,NA,NA,NA,NA,NA,NA,NA,NA,0,FALSE,0,0,0,NA,NA,NA,NA,NA,NA,NA,NA
616,sokoban 4b,1.021,29.01,0.93,238.4690829,1.31,2.080318782,Short-duration,Low-intensity,Weak,,NA,NA,NA,NA,NA,NA,NA,NA,NA,NA,82.01592663,4.16027095,5.75,5.52,19.2,1.79,11.89,sokoban4,NA,NA,NA,NA,NA,NA,NA,NA,NA,NA,NA,NA,NA,NA,NA,NA,NA,NA,NA,NA,NA,NA,NA,NA,NA,NA,NA,NA,NA,NA,NA,NA,NA,NA,NA,NA,NA,NA,NA,0,FALSE,0,0,0,NA,NA,NA,NA,NA,NA,NA,NA
617,sokoban 4c,1.033,23.72,1.03,261.9841412,1.34,3.319230975,Short-duration,Low-intensity,Weak,,0.22612938,0.233635136,24.06441901,233.635136,NA,NA,NA,NA,NA,24.06441901,160.8253022,7.425656832,10.05,6.35,20.41,2.1,12.06,sokoban4,0.009094941,0.007684859,0.003812451,0.105391489,LOD–LOQ,<LOD,LOD–LOQ,>=LOQ,FALSE,FALSE,FALSE,TRUE,NA,NA,NA,0.105391489,1,FALSE,POCC,0.009395074,9.395074053,0.967692627,0.967692627,0.007938459,7.938459347,0.817661313,0,0.003938262,3.938261883,0.405640974,0.405640974,0.108869408,108.8694081,11.21354904,11.21354904,4.021259051,3.39780201,1.685646239,46.598046,55.7027533,FALSE,0.130141203,13.40454395,12.58688264,7.219138756,7.688103998,6.09988162,0,3.026145279,3.222727863,83.65483435,89.08916814
618,sokoban 5a,1.032,19.6,1,254.8812705,1.23,3.216685748,Short-duration,Low-intensity,Weak,,NA,NA,NA,NA,NA,NA,NA,NA,NA,NA,280.2387429,13.29981974,17.05,7.54,27.55,2.75,10.15,sokoban5,NA,NA,NA,NA,NA,NA,NA,NA,NA,NA,NA,NA,NA,NA,NA,NA,NA,NA,NA,NA,NA,NA,NA,NA,NA,NA,NA,NA,NA,NA,NA,NA,NA,NA,NA,NA,NA,NA,NA,0,FALSE,0,0,0,NA,NA,NA,NA,NA,NA,NA,NA
619,sokoban 5b,1.022,14.64,0.91,231.5522788,1.06,2.192904892,Short-duration,Low-intensity,Weak,,NA,NA,NA,NA,NA,NA,NA,NA,NA,NA,155.2636394,8.111033669,11.56,5.88,30.47,2.77,10.05,sokoban5,NA,NA,NA,NA,NA,NA,NA,NA,NA,NA,NA,NA,NA,NA,NA,NA,NA,NA,NA,NA,NA,NA,NA,NA,NA,NA,NA,NA,NA,NA,NA,NA,NA,NA,NA,NA,NA,NA,NA,0,FALSE,0,0,0,NA,NA,NA,NA,NA,NA,NA,NA
620,sokoban 5c,1.03,10.73,1.17,299.0676495,1.31,2.980045002,Short-duration,Low-intensity,Weak,,0.234955788,0.241957576,28.30903639,241.957576,270,278.1,0.2781,32.5377,31.07047273,28.30903639,138.6849704,5.609387759,8.21,5.94,19.78,2.32,11.75,sokoban5,0.00894537,0.009812874,0.00137286,0.121930939,LOD–LOQ,LOD–LOQ,<LOD,>=LOQ,FALSE,FALSE,FALSE,TRUE,NA,NA,NA,0.121930939,1,FALSE,POCC,0.009213731,9.2137311,1.078006539,1.078006539,0.01010726,10.10726022,1.182549446,1.182549446,0.001414046,1.4140458,0.165443359,0,0.125588867,125.5888672,14.69389746,14.69389746,3.807994464,4.177286112,0.584418898,51.90532541,60.47502488,FALSE,0.146323904,17.1198968,16.95445344,6.296805122,6.358250016,6.907456624,6.97486032,0.966380583,0,85.82935767,86.66688966
621,sokoban 6a,1.011,3.63,1.42,363.6022555,1.48,1.071980293,Short-duration,Low-intensity,Weak,,NA,NA,NA,NA,NA,NA,NA,NA,NA,NA,82.15856697,2.733265306,4.12,4.91,12.75,1.82,14.38,sokoban6,NA,NA,NA,NA,NA,NA,NA,NA,NA,NA,NA,NA,NA,NA,NA,NA,NA,NA,NA,NA,NA,NA,NA,NA,NA,NA,NA,NA,NA,NA,NA,NA,NA,NA,NA,NA,NA,NA,NA,0,FALSE,0,0,0,NA,NA,NA,NA,NA,NA,NA,NA
622,sokoban 6b,1.028,4.83,1.22,310.0862544,1.28,2.835903084,Short-duration,Low-intensity,Weak,,NA,NA,NA,NA,NA,NA,NA,NA,NA,NA,114.1292598,4.452152043,6.55,5.24,21.81,2.65,8.9,sokoban6,NA,NA,NA,NA,NA,NA,NA,NA,NA,NA,NA,NA,NA,NA,NA,NA,NA,NA,NA,NA,NA,NA,NA,NA,NA,NA,NA,NA,NA,NA,NA,NA,NA,NA,NA,NA,NA,NA,NA,0,FALSE,0,0,0,NA,NA,NA,NA,NA,NA,NA,NA
623,sokoban 6c,1.03,1.2,1.38,352.456083,1.4,2.971694198,Short-duration,Low-intensity,Weak,,0.13326981,0.137230181,18.93776498,137.230181,142,146.26,0.14626,20.18388,19.27372534,18.93776498,58.80134894,2.018077222,3.77,5.03,13.97,1.93,12.77,sokoban6,0.007684712,0.003907893,0.000206532,0.086029186,LOD–LOQ,<LOD,<LOD,>=LOQ,FALSE,FALSE,FALSE,TRUE,NA,NA,NA,0.086029186,1,FALSE,POCC,0.007915253,7.91525336,1.092304964,1.092304964,0.00402513,4.02512979,0.555467911,0,0.000212728,0.21272796,0.029356458,0,0.088610062,88.61006158,12.2281885,12.2281885,5.767866298,2.933122846,0.155015434,64.57038891,73.42639349,FALSE,0.100763173,13.90531783,13.32049346,7.855303826,8.200183926,3.99464376,0,0.211116774,0,87.93893564,91.79981607
624,sokoban 7a,1.018,10.12,1.46,372.4780716,1.62,1.820759098,Short-duration,High-intensity,Mild,,NA,NA,NA,NA,NA,NA,NA,NA,NA,NA,60.81936205,1.975134395,2.66,5.71,5.84,0.85,55.12,sokoban7,NA,NA,NA,NA,NA,NA,NA,NA,NA,NA,NA,NA,NA,NA,NA,NA,NA,NA,NA,NA,NA,NA,NA,NA,NA,NA,NA,NA,NA,NA,NA,NA,NA,NA,NA,NA,NA,NA,NA,0,FALSE,0,0,0,NA,NA,NA,NA,NA,NA,NA,NA
625,sokoban 7b,1.013,22.1,1.09,277.9908154,1.39,1.301907969,Short-duration,High-intensity,Mild,,NA,NA,NA,NA,222,224.886,0.224886,24.512574,23.40722491,23.40722491,170.7149066,7.428420829,9.16,7.4,12.38,1.35,14.89,sokoban7,NA,NA,NA,NA,NA,NA,NA,NA,NA,NA,NA,NA,NA,NA,NA,NA,NA,NA,NA,NA,NA,NA,NA,NA,NA,NA,NA,NA,NA,NA,NA,NA,NA,NA,NA,NA,NA,NA,NA,0,FALSE,0,0,0,NA,NA,NA,NA,NA,NA,NA,NA
626,sokoban 7c,1.015,30.29,0.98,251.2540611,1.41,1.510797032,Short-duration,High-intensity,Mild,,0.55629243,0.56469688,55.34029424,564.69688,NA,NA,NA,NA,NA,55.34029424,509.8922563,24.54826642,27.72,7.71,27.01,2.66,12.7,sokoban7,0.063136882,0.02466912,0.229980164,0.123657106,>=LOQ,LOD–LOQ,>=LOQ,>=LOQ,TRUE,FALSE,TRUE,TRUE,0.063136882,NA,0.229980164,0.123657106,3,FALSE,PPa+PCa+POCC,0.064083935,64.08393523,6.280225653,6.280225653,0.025039157,25.0391568,2.453837366,2.453837366,0.233429866,233.4298665,22.87612691,22.87612691,0.125511963,125.5119626,12.30017233,12.30017233,11.34837778,4.434088037,41.33719784,22.22643104,79.34609468,FALSE,0.448064921,43.91036227,43.91036227,14.30237723,14.30237723,5.588287684,5.588287684,52.09733132,52.09733132,28.01200377,28.01200377
627,sokoban 8a,1.063,28.16,0.99,252.8856242,1.36,6.33265567,Short-duration,High-intensity,Mild,,0.367380585,0.390645533,38.67390777,390.645533,NA,NA,NA,NA,NA,38.67390777,209.7916919,10.03505242,12.44,6.42,24.89,2.47,9.74,sokoban8,0.035914853,0.016521403,0.005751177,0.167422269,>=LOQ,LOD–LOQ,LOD–LOQ,>=LOQ,TRUE,FALSE,FALSE,TRUE,0.035914853,NA,NA,0.167422269,2,FALSE,PPa+POCC,0.038177489,38.17748874,3.779571385,3.779571385,0.017562251,17.56225139,1.738662888,1.738662888,0.006113501,6.113501151,0.605236614,0.605236614,0.177969872,177.9698719,17.61901732,17.61901732,9.772923409,4.495700041,1.564974033,45.55789249,61.39148997,FALSE,0.239823113,23.74248821,23.74248821,15.91901974,15.91901974,7.323002005,7.323002005,2.549170957,2.549170957,74.2088073,74.2088073
628,sokoban 8b,1.027,20.18,1.22,312.0904912,1.52,2.74263684,Short-duration,High-intensity,Mild,,NA,NA,NA,NA,NA,NA,NA,NA,NA,NA,162.2731757,6.289580795,8.08,5.83,20.3,2.48,9.57,sokoban8,NA,NA,NA,NA,NA,NA,NA,NA,NA,NA,NA,NA,NA,NA,NA,NA,NA,NA,NA,NA,NA,NA,NA,NA,NA,NA,NA,NA,NA,NA,NA,NA,NA,NA,NA,NA,NA,NA,NA,0,FALSE,0,0,0,NA,NA,NA,NA,NA,NA,NA,NA
629,sokoban 8c,1.018,8.71,1.15,293.2243317,1.26,1.751446847,Short-duration,High-intensity,Mild,,NA,NA,NA,NA,NA,NA,NA,NA,NA,NA,179.2249238,7.393565099,9.46,5.94,21.58,2.48,8.63,sokoban8,NA,NA,NA,NA,NA,NA,NA,NA,NA,NA,NA,NA,NA,NA,NA,NA,NA,NA,NA,NA,NA,NA,NA,NA,NA,NA,NA,NA,NA,NA,NA,NA,NA,NA,NA,NA,NA,NA,NA,0,FALSE,0,0,0,NA,NA,NA,NA,NA,NA,NA,NA
630,sokoban 9a,1.012,10.32,1.3,330.680903,1.44,1.227496662,Short-duration,Low-intensity,Weak,,NA,NA,NA,NA,NA,NA,NA,NA,NA,NA,90.28610461,3.302686131,4.62,6.58,7.97,1.03,14.93,sokoban9,NA,NA,NA,NA,NA,NA,NA,NA,NA,NA,NA,NA,NA,NA,NA,NA,NA,NA,NA,NA,NA,NA,NA,NA,NA,NA,NA,NA,NA,NA,NA,NA,NA,NA,NA,NA,NA,NA,NA,0,FALSE,0,0,0,NA,NA,NA,NA,NA,NA,NA,NA
631,sokoban 9b,1.01,2.64,1.43,365.5222522,1.47,1.008898308,Short-duration,Low-intensity,Weak,,0.216883939,0.219072077,31.32730701,219.072077,226,228.26,0.22826,32.64118,31.16928649,31.32730701,174.8440518,5.786188035,7.24,6.54,13.04,1.87,10.78,sokoban9,0.00944335,0.007829468,0.000618389,0.111568897,LOD–LOQ,<LOD,<LOD,>=LOQ,FALSE,FALSE,FALSE,TRUE,NA,NA,NA,0.111568897,1,FALSE,POCC,0.009537784,9.5377835,1.363903041,1.363903041,0.007907763,7.90776268,1.130810063,0,0.000624573,0.62457289,0.089313923,0,0.112684586,112.684586,16.11389579,16.11389579,4.353719393,3.609662531,0.285099269,51.43721989,59.68570109,FALSE,0.130754705,18.69792282,17.47779883,7.294409404,7.803631644,6.04778442,0,0.477667622,0,86.18013855,92.19636836
632,sokoban 9c,1.074,1.18,1.21,309.4683648,1.23,7.43586027,Short-duration,Low-intensity,Weak,,NA,NA,NA,NA,NA,NA,NA,NA,NA,NA,190.0231384,7.427552463,9.9,6.17,23.65,2.87,9.17,sokoban9,NA,NA,NA,NA,NA,NA,NA,NA,NA,NA,NA,NA,NA,NA,NA,NA,NA,NA,NA,NA,NA,NA,NA,NA,NA,NA,NA,NA,NA,NA,NA,NA,NA,NA,NA,NA,NA,NA,NA,0,FALSE,0,0,0,NA,NA,NA,NA,NA,NA,NA,NA
633,tetrefu 1a,1.013,17.12,1.2,307.3670892,1.45,1.250267478,Short-duration,High-intensity,Mild,,0.14493811,0.146750224,17.61002688,146.750224,NA,NA,NA,NA,NA,17.61002688,44.21665362,1.740139274,3.48,5.04,11.13,1.34,12.02,tetrefu1,0.007513481,0.002877944,NA,0.068168263,LOD–LOQ,<LOD,NA,>=LOQ,FALSE,FALSE,FALSE,TRUE,NA,NA,NA,0.068168263,1,FALSE,POCC,0.007611156,7.611156253,0.91333875,0.91333875,0.002915357,2.915357272,0.349842873,0,NA,NA,NA,NA,0.06905445,69.05445042,8.28653405,8.28653405,5.186469939,1.986611804,NA,47.05577173,54.22885347,FALSE,0.079580964,9.549715673,9.199872801,9.564041293,9.927732374,3.663385221,0,NA,NA,86.77257349,90.07226763
634,tetrefu 1b,1.01,14.67,1.14,291.7768842,1.34,1.005259822,Short-duration,High-intensity,Mild,,NA,NA,NA,NA,NA,NA,NA,NA,NA,NA,40.5342955,1.680456398,3.42,4.65,15.43,1.76,12.81,tetrefu1,NA,NA,NA,NA,NA,NA,NA,NA,NA,NA,NA,NA,NA,NA,NA,NA,NA,NA,NA,NA,NA,NA,NA,NA,NA,NA,NA,NA,NA,NA,NA,NA,NA,NA,NA,NA,NA,NA,NA,0,FALSE,0,0,0,NA,NA,NA,NA,NA,NA,NA,NA
635,tetrefu 1c,1.061,24.15,1.1,280.2412096,1.43,6.147843305,Short-duration,High-intensity,Mild,,NA,NA,NA,NA,NA,NA,NA,NA,NA,NA,105.3613032,4.547834339,6.56,6.97,13.58,1.49,12.09,tetrefu1,NA,NA,NA,NA,NA,NA,NA,NA,NA,NA,NA,NA,NA,NA,NA,NA,NA,NA,NA,NA,NA,NA,NA,NA,NA,NA,NA,NA,NA,NA,NA,NA,NA,NA,NA,NA,NA,NA,NA,0,FALSE,0,0,0,NA,NA,NA,NA,NA,NA,NA,NA
636,tetrefu 2a,1.015,31.39,0.95,242.4983817,1.38,1.526450711,Short-duration,High-intensity,Mild,,NA,NA,NA,NA,NA,NA,NA,NA,NA,NA,102.9109184,5.133435514,7.84,5.9,20.63,1.96,10.07,tetrefu2,NA,NA,NA,NA,NA,NA,NA,NA,NA,NA,NA,NA,NA,NA,NA,NA,NA,NA,NA,NA,NA,NA,NA,NA,NA,NA,NA,NA,NA,NA,NA,NA,NA,NA,NA,NA,NA,NA,NA,0,FALSE,0,0,0,NA,NA,NA,NA,NA,NA,NA,NA
637,tetrefu 2b,1.02,28.83,0.89,226.789661,1.24,1.997595033,Short-duration,High-intensity,Mild,,0.331682259,0.338307927,30.1094055,338.307927,NA,NA,NA,NA,NA,30.1094055,160.5399594,8.562792079,12.25,6.38,33.82,3.01,10.03,tetrefu2,0.008321849,0.008699838,0.000828552,0.158992648,LOD–LOQ,<LOD,<LOD,>=LOQ,FALSE,FALSE,FALSE,TRUE,NA,NA,NA,0.158992648,1,FALSE,POCC,0.008488286,8.48828598,0.755457452,0.755457452,0.008873835,8.87383476,0.789771294,0,0.000845123,0.84512304,0.075215951,0,0.162172501,162.172501,14.43335259,14.43335259,2.509041409,2.623005272,0.24980882,47.93635857,53.31821407,FALSE,0.180379745,16.05379728,15.18881004,4.705786668,4.973776421,4.919529503,0,0.468524357,0,89.90615947,95.02622358
638,tetrefu 2c,1.022,48.98,0.66,168.4939386,1.28,2.229196749,Short-duration,High-intensity,Mild,,NA,NA,NA,NA,NA,NA,NA,NA,NA,NA,108.1358119,7.763199819,10.7,5.88,29.8,1.97,10.84,tetrefu2,NA,NA,NA,NA,NA,NA,NA,NA,NA,NA,NA,NA,NA,NA,NA,NA,NA,NA,NA,NA,NA,NA,NA,NA,NA,NA,NA,NA,NA,NA,NA,NA,NA,NA,NA,NA,NA,NA,NA,0,FALSE,0,0,0,NA,NA,NA,NA,NA,NA,NA,NA
639,tetrefu 3a,1.069,18.08,0.91,231.3716101,1.09,6.918908458,Short-duration,High-intensity,Mild,,NA,NA,NA,NA,NA,NA,NA,NA,NA,NA,157.3117138,8.224443007,11.45,5.61,35.7,3.24,9.93,tetrefu3,NA,NA,NA,NA,NA,NA,NA,NA,NA,NA,NA,NA,NA,NA,NA,NA,NA,NA,NA,NA,NA,NA,NA,NA,NA,NA,NA,NA,NA,NA,NA,NA,NA,NA,NA,NA,NA,NA,NA,0,FALSE,0,0,0,NA,NA,NA,NA,NA,NA,NA,NA
640,tetrefu 3b,1.006,15.09,1.04,266.2177778,1.23,0.646922309,Short-duration,High-intensity,Mild,,0.252148094,0.253779297,26.39304689,253.779297,NA,NA,NA,NA,NA,26.39304689,105.8822874,4.811070963,6.58,5.62,21.41,2.23,10.2,tetrefu3,0.006851316,0.005759413,0.000914601,0.118219673,LOD–LOQ,<LOD,<LOD,>=LOQ,FALSE,FALSE,FALSE,TRUE,NA,NA,NA,0.118219673,1,FALSE,POCC,0.006892424,6.892423896,0.716812085,0.716812085,0.005793969,5.793969478,0.602572826,0,0.000920089,0.920088606,0.095689215,0,0.118928991,118.928991,12.36861507,12.36861507,2.715912597,2.28307413,0.362554636,46.86315726,52.22469862,FALSE,0.132535473,13.78368919,13.08542715,5.20043709,5.477941811,4.371636775,0,0.694220638,0,89.7337055,94.52205819
641,tetrefu 3c,1.014,20.23,1.12,286.6648659,1.4,1.386683389,Short-duration,High-intensity,Mild,,NA,NA,NA,NA,NA,NA,NA,NA,NA,NA,136.6415703,5.76585714,8.18,6.26,19.98,2.24,11.85,tetrefu3,NA,NA,NA,NA,NA,NA,NA,NA,NA,NA,NA,NA,NA,NA,NA,NA,NA,NA,NA,NA,NA,NA,NA,NA,NA,NA,NA,NA,NA,NA,NA,NA,NA,NA,NA,NA,NA,NA,NA,0,FALSE,0,0,0,NA,NA,NA,NA,NA,NA,NA,NA
642,tetrefu 4a,1.026,18.36,1.08,275.7761162,1.32,2.561455986,Short-duration,Low-intensity,Weak,,NA,NA,NA,NA,NA,NA,NA,NA,NA,NA,140.7773205,6.174922987,8.51,6.53,16.52,1.79,9.75,tetrefu4,NA,NA,NA,NA,NA,NA,NA,NA,NA,NA,NA,NA,NA,NA,NA,NA,NA,NA,NA,NA,NA,NA,NA,NA,NA,NA,NA,NA,NA,NA,NA,NA,NA,NA,NA,NA,NA,NA,NA,0,FALSE,0,0,0,NA,NA,NA,NA,NA,NA,NA,NA
643,tetrefu 4b,1.009,3.88,1.37,350.3308391,1.43,0.904619441,Short-duration,Low-intensity,Weak,,0.184584322,0.186254108,25.5168128,186.254108,NA,NA,NA,NA,NA,25.5168128,102.5783852,3.541873045,4.98,5.73,12.17,1.67,9.84,tetrefu4,0.004837529,0.008138464,6.76E-05,0.073811675,LOD–LOQ,<LOD,<LOD,>=LOQ,FALSE,FALSE,FALSE,TRUE,NA,NA,NA,0.073811675,1,FALSE,POCC,0.004881067,4.881066761,0.668706146,0.668706146,0.00821171,8.211710176,1.125004294,0,6.82E-05,0.068199319,0.009343307,0,0.07447598,74.47598008,10.20320927,10.20320927,2.620649184,4.408874663,0.036616276,39.98622144,47.05236157,FALSE,0.087636956,12.00626302,10.87191542,5.569644321,6.150766637,9.370145336,0,0.077820273,0,84.98239007,93.84923336
644,tetrefu 4c,1.01,3.81,1.45,368.8641661,1.5,0.977550618,Short-duration,Low-intensity,Weak,,NA,NA,NA,NA,195,196.95,0.19695,28.55775,27.2699912,27.2699912,75.97041366,2.491343011,3.64,4.74,11.34,1.64,9.55,tetrefu4,NA,NA,NA,NA,NA,NA,NA,NA,NA,NA,NA,NA,NA,NA,NA,NA,NA,NA,NA,NA,NA,NA,NA,NA,NA,NA,NA,NA,NA,NA,NA,NA,NA,NA,NA,NA,NA,NA,NA,0,FALSE,0,0,0,NA,NA,NA,NA,NA,NA,NA,NA
645,tetrefu 5a,1.012,12.71,1.3,330.5538036,1.48,1.214990212,Short-duration,Low-intensity,Weak,,0.222760765,0.225467286,29.31074718,225.467286,NA,NA,NA,NA,NA,29.31074718,88.75068642,3.247768487,5.21,5.21,17.27,2.24,10.42,tetrefu5,0.003912985,0.004291595,NA,0.11079917,LOD–LOQ,<LOD,NA,>=LOQ,FALSE,FALSE,FALSE,TRUE,NA,NA,NA,0.11079917,1,FALSE,POCC,0.003959941,3.95994082,0.514792307,0.514792307,0.004343094,4.34309414,0.564602238,0,NA,NA,NA,NA,0.11212876,112.12876,14.57673881,14.57673881,1.756326113,1.926263547,NA,49.7317203,53.41430996,FALSE,0.120431795,15.65613335,15.09153111,3.288119072,3.41113372,3.60626871,0,NA,NA,93.10561222,96.58886628
646,tetrefu 5b,1.056,0.47,1.17,297.7558124,1.17,5.566369108,Short-duration,Low-intensity,Weak,,NA,NA,NA,NA,298,314.688,0.314688,36.818496,35.15823417,35.15823417,143.4308487,5.826903448,8.62,5.82,25.63,2.99,9.47,tetrefu5,NA,NA,NA,NA,NA,NA,NA,NA,NA,NA,NA,NA,NA,NA,NA,NA,NA,NA,NA,NA,NA,NA,NA,NA,NA,NA,NA,NA,NA,NA,NA,NA,NA,NA,NA,NA,NA,NA,NA,0,FALSE,0,0,0,NA,NA,NA,NA,NA,NA,NA,NA
647,tetrefu 5c,1.05,16.15,1.15,293.8239808,1.36,4.981220105,Short-duration,Low-intensity,Weak,,NA,NA,NA,NA,NA,NA,NA,NA,NA,NA,151.2744232,6.227787263,8.66,5.44,24.83,2.86,9.12,tetrefu5,NA,NA,NA,NA,NA,NA,NA,NA,NA,NA,NA,NA,NA,NA,NA,NA,NA,NA,NA,NA,NA,NA,NA,NA,NA,NA,NA,NA,NA,NA,NA,NA,NA,NA,NA,NA,NA,NA,NA,0,FALSE,0,0,0,NA,NA,NA,NA,NA,NA,NA,NA
648,tetrefu 6a,1.019,23.7,1.11,282.6660697,1.45,1.915309576,Short-duration,Low-intensity,Weak,,NA,NA,NA,NA,NA,NA,NA,NA,NA,NA,89.28457313,3.820834688,5.66,5.27,22,2.44,9.51,tetrefu6,NA,NA,NA,NA,NA,NA,NA,NA,NA,NA,NA,NA,NA,NA,NA,NA,NA,NA,NA,NA,NA,NA,NA,NA,NA,NA,NA,NA,NA,NA,NA,NA,NA,NA,NA,NA,NA,NA,NA,0,FALSE,0,0,0,NA,NA,NA,NA,NA,NA,NA,NA
649,tetrefu 6b,1.018,5.96,1.19,304.6937349,1.27,1.751353737,Short-duration,Low-intensity,Weak,,NA,NA,NA,NA,NA,NA,NA,NA,NA,NA,106.7317485,4.237264762,6.24,5.62,17.5,2.09,9.02,tetrefu6,NA,NA,NA,NA,NA,NA,NA,NA,NA,NA,NA,NA,NA,NA,NA,NA,NA,NA,NA,NA,NA,NA,NA,NA,NA,NA,NA,NA,NA,NA,NA,NA,NA,NA,NA,NA,NA,NA,NA,0,FALSE,0,0,0,NA,NA,NA,NA,NA,NA,NA,NA
650,tetrefu 6c,1.01,1.72,1.35,344.7664605,1.37,1.007505059,Short-duration,Low-intensity,Weak,,0.224093507,0.226351261,30.55742024,226.351261,NA,NA,NA,NA,NA,30.55742024,81.87737089,2.87272716,4.91,5.7,12.68,1.71,9.33,tetrefu6,0.004738743,0.004968907,NA,0.112089759,LOD–LOQ,<LOD,NA,>=LOQ,FALSE,FALSE,FALSE,TRUE,NA,NA,NA,0.112089759,1,FALSE,POCC,0.00478613,4.78613043,0.646127608,0.646127608,0.005018596,5.01859607,0.677510469,0,NA,NA,NA,NA,0.113210657,113.2106566,15.28343864,15.28343864,2.114470407,2.217171686,NA,50.01547422,54.34711631,FALSE,0.123015383,16.60707672,15.92956625,3.890676361,4.056153181,4.079649182,0,NA,NA,92.02967446,95.94384682
